table_name	business_module	ordinal	column_name	mysql_type	base_type	nullable	default	auto_increment	primary_key	index	unique_index	foreign_key_target	source_description	usage_note	source_file	source_line
llx_accounting_account	会计/总账	1	rowid	bigint	bigint	NO		Y	Y	PRIMARY	PRIMARY			主键行标识；通常为自增整数	htdocs/install/mysql/tables/llx_accounting_account.sql	24
llx_accounting_account	会计/总账	2	entity	integer	integer	NO	1	N	N	uk_accounting_account	uk_accounting_account			多实体/多公司隔离标识	htdocs/install/mysql/tables/llx_accounting_account.sql	25
llx_accounting_account	会计/总账	3	datec	datetime	datetime	YES		N	N					创建日期/时间	htdocs/install/mysql/tables/llx_accounting_account.sql	26
llx_accounting_account	会计/总账	4	tms	timestamp	timestamp	YES	CURRENT_TIMESTAMP	N	N					最后修改时间戳	htdocs/install/mysql/tables/llx_accounting_account.sql	27
llx_accounting_account	会计/总账	5	fk_pcg_version	varchar(32)	varchar	NO		N	N	idx_accounting_account_fk_pcg_version, uk_accounting_account	uk_accounting_account	llx_accounting_system.pcg_version	Chart system	外部关联 ID（具体目标以外键或业务代码为准）；源码注释：Chart system	htdocs/install/mysql/tables/llx_accounting_account.sql	28
llx_accounting_account	会计/总账	6	pcg_type	varchar(60)	varchar	NO		N	N				First part of Key for predefined groups	字段 pcg_type；源码注释：First part of Key for predefined groups	htdocs/install/mysql/tables/llx_accounting_account.sql	29
llx_accounting_account	会计/总账	7	account_number	varchar(32)	varchar	NO		N	N	uk_accounting_account	uk_accounting_account			字段 account_number（基于字段名推断）	htdocs/install/mysql/tables/llx_accounting_account.sql	30
llx_accounting_account	会计/总账	8	account_parent	integer	integer	YES	0	N	N	idx_accounting_account_account_parent			Hierarchic parent.	字段 account_parent；源码注释：Hierarchic parent.	htdocs/install/mysql/tables/llx_accounting_account.sql	31
llx_accounting_account	会计/总账	9	label	varchar(255)	varchar	NO		N	N					名称或标签	htdocs/install/mysql/tables/llx_accounting_account.sql	32
llx_accounting_account	会计/总账	10	labelshort	varchar(255)	varchar	YES	NULL	N	N					名称/标题字段（基于字段名推断）	htdocs/install/mysql/tables/llx_accounting_account.sql	33
llx_accounting_account	会计/总账	11	fk_accounting_category	integer	integer	YES	0	N	N				ID of personalized group for report	外部关联 ID（具体目标以外键或业务代码为准）；源码注释：ID of personalized group for report	htdocs/install/mysql/tables/llx_accounting_account.sql	34
llx_accounting_account	会计/总账	12	fk_user_author	integer	integer	YES	NULL	N	N					创建人/制单人用户 ID	htdocs/install/mysql/tables/llx_accounting_account.sql	35
llx_accounting_account	会计/总账	13	fk_user_modif	integer	integer	YES	NULL	N	N					最后修改人用户 ID	htdocs/install/mysql/tables/llx_accounting_account.sql	36
llx_accounting_account	会计/总账	14	active	tinyint	tinyint	NO	1	N	N					启用标识（通常 1=启用，0=停用）	htdocs/install/mysql/tables/llx_accounting_account.sql	37
llx_accounting_account	会计/总账	15	centralized	tinyint	tinyint	NO	0	N	N					字段 centralized（基于字段名推断）	htdocs/install/mysql/tables/llx_accounting_account.sql	38
llx_accounting_account	会计/总账	16	reconcilable	tinyint	tinyint	NO	0	N	N					字段 reconcilable（基于字段名推断）	htdocs/install/mysql/tables/llx_accounting_account.sql	39
llx_accounting_account	会计/总账	17	import_key	varchar(14)	varchar	YES		N	N					导入批次/外部导入键	htdocs/install/mysql/tables/llx_accounting_account.sql	40
llx_accounting_account	会计/总账	18	extraparams	varchar(255)	varchar	YES		N	N				for other parameters with json format	扩展参数/结构化文本；源码注释：for other parameters with json format	htdocs/install/mysql/tables/llx_accounting_account.sql	41
llx_accounting_analytic_account	会计/总账	1	rowid	integer	integer	NO		Y	Y	PRIMARY	PRIMARY			主键行标识；通常为自增整数	htdocs/install/mysql/tables/llx_accounting_analytic_account-accounting.sql	21
llx_accounting_analytic_account	会计/总账	2	label	varchar(255)	varchar	NO		N	N					名称或标签	htdocs/install/mysql/tables/llx_accounting_analytic_account-accounting.sql	22
llx_accounting_analytic_account	会计/总账	3	code	varchar(32)	varchar	NO		N	N	uk_accounting_analytic_account	uk_accounting_analytic_account			业务代码	htdocs/install/mysql/tables/llx_accounting_analytic_account-accounting.sql	23
llx_accounting_analytic_account	会计/总账	4	description	text	text	YES		N	N					描述	htdocs/install/mysql/tables/llx_accounting_analytic_account-accounting.sql	24
llx_accounting_analytic_account	会计/总账	5	fk_axis	integer	integer	NO		N	N					外部关联 ID（具体目标以外键或业务代码为准）（基于字段名推断）	htdocs/install/mysql/tables/llx_accounting_analytic_account-accounting.sql	25
llx_accounting_analytic_account	会计/总账	6	active	integer	integer	YES	1	N	N					启用标识（通常 1=启用，0=停用）	htdocs/install/mysql/tables/llx_accounting_analytic_account-accounting.sql	26
llx_accounting_analytic_account	会计/总账	7	entity	integer	integer	NO	1	N	N	uk_accounting_analytic_account	uk_accounting_analytic_account			多实体/多公司隔离标识	htdocs/install/mysql/tables/llx_accounting_analytic_account-accounting.sql	27
llx_accounting_analytic_account	会计/总账	8	date_start	date	date	YES		N	N					日期/时间字段（基于字段名推断）	htdocs/install/mysql/tables/llx_accounting_analytic_account-accounting.sql	28
llx_accounting_analytic_account	会计/总账	9	date_end	date	date	YES		N	N					日期/时间字段（基于字段名推断）	htdocs/install/mysql/tables/llx_accounting_analytic_account-accounting.sql	29
llx_accounting_analytic_account	会计/总账	10	datec	datetime	datetime	YES		N	N					创建日期/时间	htdocs/install/mysql/tables/llx_accounting_analytic_account-accounting.sql	30
llx_accounting_analytic_account	会计/总账	11	tms	timestamp	timestamp	YES	CURRENT_TIMESTAMP	N	N					最后修改时间戳	htdocs/install/mysql/tables/llx_accounting_analytic_account-accounting.sql	31
llx_accounting_analytic_account	会计/总账	12	fk_user_author	integer	integer	NO		N	N					创建人/制单人用户 ID	htdocs/install/mysql/tables/llx_accounting_analytic_account-accounting.sql	32
llx_accounting_analytic_account	会计/总账	13	fk_user_modif	integer	integer	YES		N	N					最后修改人用户 ID	htdocs/install/mysql/tables/llx_accounting_analytic_account-accounting.sql	33
llx_accounting_analytic_account	会计/总账	14	import_key	varchar(14)	varchar	YES		N	N					导入批次/外部导入键	htdocs/install/mysql/tables/llx_accounting_analytic_account-accounting.sql	34
llx_accounting_analytic_axis	会计/总账	1	rowid	integer	integer	NO		Y	Y	PRIMARY	PRIMARY			主键行标识；通常为自增整数	htdocs/install/mysql/tables/llx_accounting_analytic_axis-accounting.sql	21
llx_accounting_analytic_axis	会计/总账	2	label	varchar(255)	varchar	NO		N	N					名称或标签	htdocs/install/mysql/tables/llx_accounting_analytic_axis-accounting.sql	22
llx_accounting_analytic_axis	会计/总账	3	code	varchar(32)	varchar	NO		N	N	uk_accounting_analytic_axis	uk_accounting_analytic_axis			业务代码	htdocs/install/mysql/tables/llx_accounting_analytic_axis-accounting.sql	23
llx_accounting_analytic_axis	会计/总账	4	active	integer	integer	YES	1	N	N					启用标识（通常 1=启用，0=停用）	htdocs/install/mysql/tables/llx_accounting_analytic_axis-accounting.sql	24
llx_accounting_analytic_axis	会计/总账	5	entity	integer	integer	NO	1	N	N	uk_accounting_analytic_axis	uk_accounting_analytic_axis			多实体/多公司隔离标识	htdocs/install/mysql/tables/llx_accounting_analytic_axis-accounting.sql	25
llx_accounting_analytic_axis	会计/总账	6	datec	datetime	datetime	YES		N	N					创建日期/时间	htdocs/install/mysql/tables/llx_accounting_analytic_axis-accounting.sql	26
llx_accounting_analytic_axis	会计/总账	7	tms	timestamp	timestamp	YES	CURRENT_TIMESTAMP	N	N					最后修改时间戳	htdocs/install/mysql/tables/llx_accounting_analytic_axis-accounting.sql	27
llx_accounting_analytic_axis	会计/总账	8	fk_user_author	integer	integer	NO		N	N					创建人/制单人用户 ID	htdocs/install/mysql/tables/llx_accounting_analytic_axis-accounting.sql	28
llx_accounting_analytic_axis	会计/总账	9	fk_user_modif	integer	integer	YES		N	N					最后修改人用户 ID	htdocs/install/mysql/tables/llx_accounting_analytic_axis-accounting.sql	29
llx_accounting_analytic_axis	会计/总账	10	import_key	varchar(14)	varchar	YES		N	N					导入批次/外部导入键	htdocs/install/mysql/tables/llx_accounting_analytic_axis-accounting.sql	30
llx_accounting_analytic_distribution	会计/总账	1	rowid	integer	integer	NO		Y	Y	PRIMARY	PRIMARY			主键行标识；通常为自增整数	htdocs/install/mysql/tables/llx_accounting_analytic_distribution-accounting.sql	21
llx_accounting_analytic_distribution	会计/总账	2	fk_source_line	integer	integer	NO		N	N				id de la ligne source (facture, écriture, etc.)	外部关联 ID（具体目标以外键或业务代码为准）；源码注释：id de la ligne source (facture, écriture, etc.)	htdocs/install/mysql/tables/llx_accounting_analytic_distribution-accounting.sql	22
llx_accounting_analytic_distribution	会计/总账	3	sourcetype	varchar(32)	varchar	NO		N	N				ex: 'facturedet', 'accounting_line'	字段 sourcetype；源码注释：ex: 'facturedet', 'accounting_line'	htdocs/install/mysql/tables/llx_accounting_analytic_distribution-accounting.sql	23
llx_accounting_analytic_distribution	会计/总账	4	fk_analytic_account	integer	integer	NO		N	N			llx_accounting_analytic_account.rowid		外部关联 ID（具体目标以外键或业务代码为准）（基于字段名推断）	htdocs/install/mysql/tables/llx_accounting_analytic_distribution-accounting.sql	24
llx_accounting_analytic_distribution	会计/总账	5	percentage	real	real	YES	100	N	N				ex: 50.0 pour 50%	比例/百分比字段；源码注释：ex: 50.0 pour 50%	htdocs/install/mysql/tables/llx_accounting_analytic_distribution-accounting.sql	25
llx_accounting_analytic_distribution	会计/总账	6	amount	double(24,8)	double	YES		N	N				optional, if you prefer to work on the amount	金额；源码注释：optional, if you prefer to work on the amount	htdocs/install/mysql/tables/llx_accounting_analytic_distribution-accounting.sql	26
llx_accounting_analytic_distribution	会计/总账	7	entity	integer	integer	YES	1	N	N					多实体/多公司隔离标识	htdocs/install/mysql/tables/llx_accounting_analytic_distribution-accounting.sql	27
llx_accounting_analytic_distribution	会计/总账	8	datec	datetime	datetime	YES		N	N					创建日期/时间	htdocs/install/mysql/tables/llx_accounting_analytic_distribution-accounting.sql	28
llx_accounting_analytic_distribution	会计/总账	9	tms	timestamp	timestamp	YES	CURRENT_TIMESTAMP	N	N					最后修改时间戳	htdocs/install/mysql/tables/llx_accounting_analytic_distribution-accounting.sql	29
llx_accounting_analytic_distribution	会计/总账	10	fk_user_author	integer	integer	NO		N	N					创建人/制单人用户 ID	htdocs/install/mysql/tables/llx_accounting_analytic_distribution-accounting.sql	30
llx_accounting_analytic_distribution	会计/总账	11	fk_user_modif	integer	integer	YES		N	N					最后修改人用户 ID	htdocs/install/mysql/tables/llx_accounting_analytic_distribution-accounting.sql	31
llx_accounting_analytic_distribution	会计/总账	12	import_key	varchar(14)	varchar	YES		N	N					导入批次/外部导入键	htdocs/install/mysql/tables/llx_accounting_analytic_distribution-accounting.sql	32
llx_accounting_balance_snapshot	会计/总账	1	rowid	integer	integer	NO		Y	Y	PRIMARY	PRIMARY			主键行标识；通常为自增整数	htdocs/install/mysql/tables/llx_accounting_balance_snapshot-accounting.sql	20
llx_accounting_balance_snapshot	会计/总账	2	entity	integer	integer	NO	1	N	N	uk_accounting_balance_snapshot, idx_accounting_balance_snapshot_account, idx_accounting_balance_snapshot_subaccount	uk_accounting_balance_snapshot			多实体/多公司隔离标识	htdocs/install/mysql/tables/llx_accounting_balance_snapshot-accounting.sql	21
llx_accounting_balance_snapshot	会计/总账	3	fk_fiscalyear	integer	integer	NO		N	N	uk_accounting_balance_snapshot, idx_accounting_balance_snapshot_account, idx_accounting_balance_snapshot_subaccount	uk_accounting_balance_snapshot			外部关联 ID（具体目标以外键或业务代码为准）（基于字段名推断）	htdocs/install/mysql/tables/llx_accounting_balance_snapshot-accounting.sql	22
llx_accounting_balance_snapshot	会计/总账	4	account_number	varchar(32)	varchar	NO		N	N	uk_accounting_balance_snapshot, idx_accounting_balance_snapshot_account	uk_accounting_balance_snapshot			字段 account_number（基于字段名推断）	htdocs/install/mysql/tables/llx_accounting_balance_snapshot-accounting.sql	23
llx_accounting_balance_snapshot	会计/总账	5	account_label	varchar(255)	varchar	NO		N	N					名称/标题字段（基于字段名推断）	htdocs/install/mysql/tables/llx_accounting_balance_snapshot-accounting.sql	24
llx_accounting_balance_snapshot	会计/总账	6	subledger_account	varchar(32)	varchar	YES		N	N	uk_accounting_balance_snapshot, idx_accounting_balance_snapshot_subaccount	uk_accounting_balance_snapshot			字段 subledger_account（基于字段名推断）	htdocs/install/mysql/tables/llx_accounting_balance_snapshot-accounting.sql	25
llx_accounting_balance_snapshot	会计/总账	7	subledger_label	varchar(255)	varchar	YES		N	N					名称/标题字段（基于字段名推断）	htdocs/install/mysql/tables/llx_accounting_balance_snapshot-accounting.sql	26
llx_accounting_balance_snapshot	会计/总账	8	debit	double(24,8)	double	NO	0	N	N	idx_accounting_balance_snapshot_account, idx_accounting_balance_snapshot_subaccount				字段 debit（基于字段名推断）	htdocs/install/mysql/tables/llx_accounting_balance_snapshot-accounting.sql	27
llx_accounting_balance_snapshot	会计/总账	9	credit	double(24,8)	double	NO	0	N	N	idx_accounting_balance_snapshot_account, idx_accounting_balance_snapshot_subaccount				字段 credit（基于字段名推断）	htdocs/install/mysql/tables/llx_accounting_balance_snapshot-accounting.sql	28
llx_accounting_balance_snapshot	会计/总账	10	date_snapshot	datetime	datetime	YES		N	N					日期/时间字段（基于字段名推断）	htdocs/install/mysql/tables/llx_accounting_balance_snapshot-accounting.sql	29
llx_accounting_balance_snapshot	会计/总账	11	tms	timestamp	timestamp	YES	CURRENT_TIMESTAMP	N	N					最后修改时间戳	htdocs/install/mysql/tables/llx_accounting_balance_snapshot-accounting.sql	30
llx_accounting_bookkeeping	会计/总账	1	rowid	integer	integer	NO		Y	Y	PRIMARY	PRIMARY			主键行标识；通常为自增整数	htdocs/install/mysql/tables/llx_accounting_bookkeeping-accounting.sql	23
llx_accounting_bookkeeping	会计/总账	2	entity	integer	integer	NO	1	N	N	idx_accounting_bookkeeping_piece_num, idx_accounting_bookkeeping_numero_compte, idx_accounting_bookkeeping_code_journal			| multi company id	多实体/多公司隔离标识；源码注释：| multi company id	htdocs/install/mysql/tables/llx_accounting_bookkeeping-accounting.sql	24
llx_accounting_bookkeeping	会计/总账	3	ref	VARCHAR(30)	varchar	YES		N	N	idx_accounting_bookkeeping_ref			FEC:EcritureNum  | accounting transaction id. In future, will be not null and will replace piece_num that is an ID, not a ref.	业务参考号/单号；源码注释：FEC:EcritureNum  | accounting transaction id. In future, will be not null and will replace piece_num that is an ID, not a ref.	htdocs/install/mysql/tables/llx_accounting_bookkeeping-accounting.sql	25
llx_accounting_bookkeeping	会计/总账	4	piece_num	integer	integer	NO		N	N	idx_accounting_bookkeeping_piece_num			FEC:EcritureNum  | accounting transaction id	字段 piece_num；源码注释：FEC:EcritureNum  | accounting transaction id	htdocs/install/mysql/tables/llx_accounting_bookkeeping-accounting.sql	26
llx_accounting_bookkeeping	会计/总账	5	doc_date	date	date	NO		N	N	idx_accounting_bookkeeping_doc_date			FEC:PieceDate    | date of source document	日期/时间字段；源码注释：FEC:PieceDate    | date of source document	htdocs/install/mysql/tables/llx_accounting_bookkeeping-accounting.sql	27
llx_accounting_bookkeeping	会计/总账	6	doc_type	varchar(30)	varchar	NO		N	N				| facture_client/reglement_client/facture_fournisseur/reglement_fournisseur/import	字段 doc_type；源码注释：| facture_client/reglement_client/facture_fournisseur/reglement_fournisseur/import	htdocs/install/mysql/tables/llx_accounting_bookkeeping-accounting.sql	28
llx_accounting_bookkeeping	会计/总账	7	doc_ref	varchar(300)	varchar	NO		N	N				FEC:PieceRef  | facture_client/reglement_client/... reference number	字段 doc_ref；源码注释：FEC:PieceRef  | facture_client/reglement_client/... reference number	htdocs/install/mysql/tables/llx_accounting_bookkeeping-accounting.sql	29
llx_accounting_bookkeeping	会计/总账	8	fk_doc	integer	integer	NO		N	N	idx_accounting_bookkeeping_fk_doc			| facture_client/reglement_client/... rowid	外部关联 ID（具体目标以外键或业务代码为准）；源码注释：| facture_client/reglement_client/... rowid	htdocs/install/mysql/tables/llx_accounting_bookkeeping-accounting.sql	30
llx_accounting_bookkeeping	会计/总账	9	fk_docdet	integer	integer	NO		N	N	idx_accounting_bookkeeping_fk_docdet			| facture_client/reglement_client/... line rowid	外部关联 ID（具体目标以外键或业务代码为准）；源码注释：| facture_client/reglement_client/... line rowid	htdocs/install/mysql/tables/llx_accounting_bookkeeping-accounting.sql	31
llx_accounting_bookkeeping	会计/总账	10	thirdparty_code	varchar(32)	varchar	YES		N	N				Third party code (customer or supplier) when record is saved (may help debug)	代码/参考号字段；源码注释：Third party code (customer or supplier) when record is saved (may help debug)	htdocs/install/mysql/tables/llx_accounting_bookkeeping-accounting.sql	32
llx_accounting_bookkeeping	会计/总账	11	subledger_account	varchar(32)	varchar	YES		N	N				FEC:CompAuxNum | account number of subledger account	字段 subledger_account；源码注释：FEC:CompAuxNum | account number of subledger account	htdocs/install/mysql/tables/llx_accounting_bookkeeping-accounting.sql	33
llx_accounting_bookkeeping	会计/总账	12	subledger_label	varchar(255)	varchar	YES		N	N				FEC:CompAuxLib | label of subledger account	名称/标题字段；源码注释：FEC:CompAuxLib | label of subledger account	htdocs/install/mysql/tables/llx_accounting_bookkeeping-accounting.sql	34
llx_accounting_bookkeeping	会计/总账	13	numero_compte	varchar(32)	varchar	NO		N	N	idx_accounting_bookkeeping_numero_compte			FEC:CompteNum | account number	字段 numero_compte；源码注释：FEC:CompteNum | account number	htdocs/install/mysql/tables/llx_accounting_bookkeeping-accounting.sql	35
llx_accounting_bookkeeping	会计/总账	14	label_compte	varchar(255)	varchar	NO		N	N				FEC:CompteLib | label of account	名称/标题字段；源码注释：FEC:CompteLib | label of account	htdocs/install/mysql/tables/llx_accounting_bookkeeping-accounting.sql	36
llx_accounting_bookkeeping	会计/总账	15	label_operation	varchar(255)	varchar	YES		N	N				FEC:EcritureLib | label of the operation	比例/百分比字段；源码注释：FEC:EcritureLib | label of the operation	htdocs/install/mysql/tables/llx_accounting_bookkeeping-accounting.sql	37
llx_accounting_bookkeeping	会计/总账	16	debit	double(24,8)	double	NO		N	N				FEC:Debit	字段 debit；源码注释：FEC:Debit	htdocs/install/mysql/tables/llx_accounting_bookkeeping-accounting.sql	38
llx_accounting_bookkeeping	会计/总账	17	credit	double(24,8)	double	NO		N	N				FEC:Credit	字段 credit；源码注释：FEC:Credit	htdocs/install/mysql/tables/llx_accounting_bookkeeping-accounting.sql	39
llx_accounting_bookkeeping	会计/总账	18	montant	double(24,8)	double	YES		N	N				FEC:Montant (Not necessary)	字段 montant；源码注释：FEC:Montant (Not necessary)	htdocs/install/mysql/tables/llx_accounting_bookkeeping-accounting.sql	40
llx_accounting_bookkeeping	会计/总账	19	sens	varchar(1)	varchar	YES	NULL	N	N				FEC:Sens (Not necessary)	字段 sens；源码注释：FEC:Sens (Not necessary)	htdocs/install/mysql/tables/llx_accounting_bookkeeping-accounting.sql	41
llx_accounting_bookkeeping	会计/总账	20	multicurrency_amount	double(24,8)	double	YES		N	N				FEC:Montantdevise	金额、价格或税费字段；源码注释：FEC:Montantdevise	htdocs/install/mysql/tables/llx_accounting_bookkeeping-accounting.sql	42
llx_accounting_bookkeeping	会计/总账	21	multicurrency_code	varchar(255)	varchar	YES		N	N				FEC:Idevise	代码/参考号字段；源码注释：FEC:Idevise	htdocs/install/mysql/tables/llx_accounting_bookkeeping-accounting.sql	43
llx_accounting_bookkeeping	会计/总账	22	matching_general	tinyint	tinyint	NO	0	N	N				| if value = 1, match entry is on a general account	字段 matching_general；源码注释：| if value = 1, match entry is on a general account	htdocs/install/mysql/tables/llx_accounting_bookkeeping-accounting.sql	44
llx_accounting_bookkeeping	会计/总账	23	lettering_code	varchar(255)	varchar	YES		N	N				FEC:EcritureLet	代码/参考号字段；源码注释：FEC:EcritureLet	htdocs/install/mysql/tables/llx_accounting_bookkeeping-accounting.sql	45
llx_accounting_bookkeeping	会计/总账	24	date_lettering	datetime	datetime	YES		N	N				FEC:DateLet	日期/时间字段；源码注释：FEC:DateLet	htdocs/install/mysql/tables/llx_accounting_bookkeeping-accounting.sql	46
llx_accounting_bookkeeping	会计/总账	25	date_lim_reglement	datetime	datetime	YES	NULL	N	N				FEC_suppl:DateLimitReglmt    | payment deadline	日期/时间字段；源码注释：FEC_suppl:DateLimitReglmt    | payment deadline	htdocs/install/mysql/tables/llx_accounting_bookkeeping-accounting.sql	47
llx_accounting_bookkeeping	会计/总账	26	fk_user_author	integer	integer	NO		N	N				| user creating	创建人/制单人用户 ID；源码注释：| user creating	htdocs/install/mysql/tables/llx_accounting_bookkeeping-accounting.sql	48
llx_accounting_bookkeeping	会计/总账	27	fk_user_modif	integer	integer	YES		N	N				| user making last change	最后修改人用户 ID；源码注释：| user making last change	htdocs/install/mysql/tables/llx_accounting_bookkeeping-accounting.sql	49
llx_accounting_bookkeeping	会计/总账	28	date_creation	datetime	datetime	YES		N	N				FEC:EcritureDate | creation date	日期/时间字段；源码注释：FEC:EcritureDate | creation date	htdocs/install/mysql/tables/llx_accounting_bookkeeping-accounting.sql	50
llx_accounting_bookkeeping	会计/总账	29	tms	timestamp	timestamp	YES	CURRENT_TIMESTAMP	N	N				| last modification date	最后修改时间戳；源码注释：| last modification date	htdocs/install/mysql/tables/llx_accounting_bookkeeping-accounting.sql	51
llx_accounting_bookkeeping	会计/总账	30	fk_user	integer	integer	YES		N	N				The id of user that validate the accounting source document	外部关联 ID（具体目标以外键或业务代码为准）；源码注释：The id of user that validate the accounting source document	htdocs/install/mysql/tables/llx_accounting_bookkeeping-accounting.sql	52
llx_accounting_bookkeeping	会计/总账	31	code_journal	varchar(32)	varchar	NO		N	N	idx_accounting_bookkeeping_code_journal			FEC:JournalCode	代码/参考号字段；源码注释：FEC:JournalCode	htdocs/install/mysql/tables/llx_accounting_bookkeeping-accounting.sql	53
llx_accounting_bookkeeping	会计/总账	32	journal_label	varchar(255)	varchar	YES		N	N				FEC:JournalLib	名称/标题字段；源码注释：FEC:JournalLib	htdocs/install/mysql/tables/llx_accounting_bookkeeping-accounting.sql	54
llx_accounting_bookkeeping	会计/总账	33	date_validated	datetime	datetime	YES		N	N				FEC:ValidDate | if empty: movement not validated / if not empty: movement validated (No deleting / No modification)	日期/时间字段；源码注释：FEC:ValidDate | if empty: movement not validated / if not empty: movement validated (No deleting / No modification)	htdocs/install/mysql/tables/llx_accounting_bookkeeping-accounting.sql	55
llx_accounting_bookkeeping	会计/总账	34	date_export	datetime	datetime	YES	NULL	N	N					日期/时间字段（基于字段名推断）	htdocs/install/mysql/tables/llx_accounting_bookkeeping-accounting.sql	56
llx_accounting_bookkeeping	会计/总账	35	import_key	varchar(14)	varchar	YES		N	N				ID of import when data was inserted by a mass import	导入批次/外部导入键；源码注释：ID of import when data was inserted by a mass import	htdocs/install/mysql/tables/llx_accounting_bookkeeping-accounting.sql	57
llx_accounting_bookkeeping	会计/总账	36	extraparams	varchar(255)	varchar	YES		N	N				for other parameters with json format	扩展参数/结构化文本；源码注释：for other parameters with json format	htdocs/install/mysql/tables/llx_accounting_bookkeeping-accounting.sql	58
llx_accounting_bookkeeping_piece	会计/总账	1	rowid	integer	integer	NO		Y	Y	PRIMARY	PRIMARY			主键行标识；通常为自增整数	htdocs/install/mysql/tables/llx_accounting_bookkeeping_piece-accounting.sql	21
llx_accounting_bookkeeping_piece	会计/总账	2	entity	integer	integer	NO	1	N	N	uk_accounting_bookkeeping_piece_ref	uk_accounting_bookkeeping_piece_ref			多实体/多公司隔离标识	htdocs/install/mysql/tables/llx_accounting_bookkeeping_piece-accounting.sql	22
llx_accounting_bookkeeping_piece	会计/总账	3	ref	varchar(128)	varchar	YES		N	N	uk_accounting_bookkeeping_piece_ref	uk_accounting_bookkeeping_piece_ref			业务参考号/单号	htdocs/install/mysql/tables/llx_accounting_bookkeeping_piece-accounting.sql	23
llx_accounting_bookkeeping_piece	会计/总账	4	tms	timestamp	timestamp	YES	CURRENT_TIMESTAMP	N	N					最后修改时间戳	htdocs/install/mysql/tables/llx_accounting_bookkeeping_piece-accounting.sql	24
llx_accounting_bookkeeping_piece	会计/总账	5	datec	datetime	datetime	YES		N	N					创建日期/时间	htdocs/install/mysql/tables/llx_accounting_bookkeeping_piece-accounting.sql	25
llx_accounting_bookkeeping_piece	会计/总账	6	datep	date	date	NO		N	N					日期/时间字段（基于字段名推断）	htdocs/install/mysql/tables/llx_accounting_bookkeeping_piece-accounting.sql	26
llx_accounting_bookkeeping_piece	会计/总账	7	statut	smallint	smallint	YES	0	N	N					状态标识	htdocs/install/mysql/tables/llx_accounting_bookkeeping_piece-accounting.sql	27
llx_accounting_bookkeeping_piece	会计/总账	8	note_private	text	text	YES		N	N					内部备注	htdocs/install/mysql/tables/llx_accounting_bookkeeping_piece-accounting.sql	29
llx_accounting_bookkeeping_piece	会计/总账	9	note_public	text	text	YES		N	N					公开备注	htdocs/install/mysql/tables/llx_accounting_bookkeeping_piece-accounting.sql	30
llx_accounting_bookkeeping_piece	会计/总账	10	fk_user_author	integer	integer	YES		N	N	idx_accounting_bookkeeping_piece_fk_user_author				创建人/制单人用户 ID	htdocs/install/mysql/tables/llx_accounting_bookkeeping_piece-accounting.sql	32
llx_accounting_bookkeeping_piece	会计/总账	11	fk_user_modif	integer	integer	YES		N	N	idx_accounting_bookkeeping_piece_fk_user_modif				最后修改人用户 ID	htdocs/install/mysql/tables/llx_accounting_bookkeeping_piece-accounting.sql	33
llx_accounting_bookkeeping_piece	会计/总账	12	fk_user_valid	integer	integer	YES		N	N	idx_accounting_bookkeeping_piece_fk_user_valid				审核/验证人用户 ID	htdocs/install/mysql/tables/llx_accounting_bookkeeping_piece-accounting.sql	34
llx_accounting_bookkeeping_piece	会计/总账	13	fk_user_closing	integer	integer	YES		N	N	idx_accounting_bookkeeping_piece_fk_user_closing				关闭/结账人用户 ID	htdocs/install/mysql/tables/llx_accounting_bookkeeping_piece-accounting.sql	35
llx_accounting_bookkeeping_piece	会计/总账	14	import_key	varchar(14)	varchar	YES		N	N					导入批次/外部导入键	htdocs/install/mysql/tables/llx_accounting_bookkeeping_piece-accounting.sql	37
llx_accounting_bookkeeping_piece	会计/总账	15	extraparams	varchar(255)	varchar	YES		N	N					扩展参数/结构化文本（基于字段名推断）	htdocs/install/mysql/tables/llx_accounting_bookkeeping_piece-accounting.sql	38
llx_accounting_bookkeeping_tmp	会计/总账	1	rowid	integer	integer	NO		Y	Y	PRIMARY	PRIMARY			主键行标识；通常为自增整数	htdocs/install/mysql/tables/llx_accounting_bookkeeping_tmp-accounting.sql	23
llx_accounting_bookkeeping_tmp	会计/总账	2	ref	VARCHAR(30)	varchar	YES		N	N	idx_accounting_bookkeeping_tmp_ref				业务参考号/单号	htdocs/install/mysql/tables/llx_accounting_bookkeeping_tmp-accounting.sql	24
llx_accounting_bookkeeping_tmp	会计/总账	3	entity	integer	integer	NO	1	N	N				| multi company id	多实体/多公司隔离标识；源码注释：| multi company id	htdocs/install/mysql/tables/llx_accounting_bookkeeping_tmp-accounting.sql	25
llx_accounting_bookkeeping_tmp	会计/总账	4	doc_date	date	date	NO		N	N	idx_accounting_bookkeeping_tmp_doc_date			FEC:PieceDate	日期/时间字段；源码注释：FEC:PieceDate	htdocs/install/mysql/tables/llx_accounting_bookkeeping_tmp-accounting.sql	26
llx_accounting_bookkeeping_tmp	会计/总账	5	doc_type	varchar(30)	varchar	NO		N	N				FEC:PieceRef  | facture_client/reglement_client/facture_fournisseur/reglement_fournisseur	字段 doc_type；源码注释：FEC:PieceRef  | facture_client/reglement_client/facture_fournisseur/reglement_fournisseur	htdocs/install/mysql/tables/llx_accounting_bookkeeping_tmp-accounting.sql	27
llx_accounting_bookkeeping_tmp	会计/总账	6	doc_ref	varchar(300)	varchar	NO		N	N				| facture_client/reglement_client/... reference number	字段 doc_ref；源码注释：| facture_client/reglement_client/... reference number	htdocs/install/mysql/tables/llx_accounting_bookkeeping_tmp-accounting.sql	28
llx_accounting_bookkeeping_tmp	会计/总账	7	fk_doc	integer	integer	NO		N	N				| facture_client/reglement_client/... rowid	外部关联 ID（具体目标以外键或业务代码为准）；源码注释：| facture_client/reglement_client/... rowid	htdocs/install/mysql/tables/llx_accounting_bookkeeping_tmp-accounting.sql	29
llx_accounting_bookkeeping_tmp	会计/总账	8	fk_docdet	integer	integer	NO		N	N	idx_accounting_bookkeeping_tmp_fk_docdet			| facture_client/reglement_client/... line rowid	外部关联 ID（具体目标以外键或业务代码为准）；源码注释：| facture_client/reglement_client/... line rowid	htdocs/install/mysql/tables/llx_accounting_bookkeeping_tmp-accounting.sql	30
llx_accounting_bookkeeping_tmp	会计/总账	9	thirdparty_code	varchar(32)	varchar	YES		N	N				Third party code (customer or supplier) when record is saved (may help debug)	代码/参考号字段；源码注释：Third party code (customer or supplier) when record is saved (may help debug)	htdocs/install/mysql/tables/llx_accounting_bookkeeping_tmp-accounting.sql	31
llx_accounting_bookkeeping_tmp	会计/总账	10	subledger_account	varchar(32)	varchar	YES		N	N				FEC:CompAuxNum | account number of subledger account	字段 subledger_account；源码注释：FEC:CompAuxNum | account number of subledger account	htdocs/install/mysql/tables/llx_accounting_bookkeeping_tmp-accounting.sql	32
llx_accounting_bookkeeping_tmp	会计/总账	11	subledger_label	varchar(255)	varchar	YES		N	N				FEC:CompAuxLib | label of subledger account	名称/标题字段；源码注释：FEC:CompAuxLib | label of subledger account	htdocs/install/mysql/tables/llx_accounting_bookkeeping_tmp-accounting.sql	33
llx_accounting_bookkeeping_tmp	会计/总账	12	numero_compte	varchar(32)	varchar	YES		N	N	idx_accounting_bookkeeping_tmp_numero_compte			FEC:CompteNum | account number	字段 numero_compte；源码注释：FEC:CompteNum | account number	htdocs/install/mysql/tables/llx_accounting_bookkeeping_tmp-accounting.sql	34
llx_accounting_bookkeeping_tmp	会计/总账	13	label_compte	varchar(255)	varchar	NO		N	N				FEC:CompteLib | label of account	名称/标题字段；源码注释：FEC:CompteLib | label of account	htdocs/install/mysql/tables/llx_accounting_bookkeeping_tmp-accounting.sql	35
llx_accounting_bookkeeping_tmp	会计/总账	14	label_operation	varchar(255)	varchar	YES		N	N				FEC:EcritureLib | label of the operation	比例/百分比字段；源码注释：FEC:EcritureLib | label of the operation	htdocs/install/mysql/tables/llx_accounting_bookkeeping_tmp-accounting.sql	36
llx_accounting_bookkeeping_tmp	会计/总账	15	debit	double(24,8)	double	NO		N	N				FEC:Debit	字段 debit；源码注释：FEC:Debit	htdocs/install/mysql/tables/llx_accounting_bookkeeping_tmp-accounting.sql	37
llx_accounting_bookkeeping_tmp	会计/总账	16	credit	double(24,8)	double	NO		N	N				FEC:Credit	字段 credit；源码注释：FEC:Credit	htdocs/install/mysql/tables/llx_accounting_bookkeeping_tmp-accounting.sql	38
llx_accounting_bookkeeping_tmp	会计/总账	17	montant	double(24,8)	double	NO		N	N				FEC:Montant (Not necessary)	字段 montant；源码注释：FEC:Montant (Not necessary)	htdocs/install/mysql/tables/llx_accounting_bookkeeping_tmp-accounting.sql	39
llx_accounting_bookkeeping_tmp	会计/总账	18	sens	varchar(1)	varchar	YES	NULL	N	N				FEC:Sens (Not necessary)	字段 sens；源码注释：FEC:Sens (Not necessary)	htdocs/install/mysql/tables/llx_accounting_bookkeeping_tmp-accounting.sql	40
llx_accounting_bookkeeping_tmp	会计/总账	19	multicurrency_amount	double(24,8)	double	YES		N	N				FEC:Montantdevise	金额、价格或税费字段；源码注释：FEC:Montantdevise	htdocs/install/mysql/tables/llx_accounting_bookkeeping_tmp-accounting.sql	41
llx_accounting_bookkeeping_tmp	会计/总账	20	multicurrency_code	varchar(255)	varchar	YES		N	N				FEC:Idevise	代码/参考号字段；源码注释：FEC:Idevise	htdocs/install/mysql/tables/llx_accounting_bookkeeping_tmp-accounting.sql	42
llx_accounting_bookkeeping_tmp	会计/总账	21	matching_general	tinyint	tinyint	NO	0	N	N				| if value = 1, matching is on a general account	字段 matching_general；源码注释：| if value = 1, matching is on a general account	htdocs/install/mysql/tables/llx_accounting_bookkeeping_tmp-accounting.sql	43
llx_accounting_bookkeeping_tmp	会计/总账	22	lettering_code	varchar(255)	varchar	YES		N	N				FEC:EcritureLet	代码/参考号字段；源码注释：FEC:EcritureLet	htdocs/install/mysql/tables/llx_accounting_bookkeeping_tmp-accounting.sql	44
llx_accounting_bookkeeping_tmp	会计/总账	23	date_lettering	datetime	datetime	YES		N	N				FEC:DateLet	日期/时间字段；源码注释：FEC:DateLet	htdocs/install/mysql/tables/llx_accounting_bookkeeping_tmp-accounting.sql	45
llx_accounting_bookkeeping_tmp	会计/总账	24	date_lim_reglement	datetime	datetime	YES		N	N				FEC_suppl:DateLimitReglmt | Payment deadline	日期/时间字段；源码注释：FEC_suppl:DateLimitReglmt | Payment deadline	htdocs/install/mysql/tables/llx_accounting_bookkeeping_tmp-accounting.sql	46
llx_accounting_bookkeeping_tmp	会计/总账	25	fk_user_author	integer	integer	NO		N	N				| user creating	创建人/制单人用户 ID；源码注释：| user creating	htdocs/install/mysql/tables/llx_accounting_bookkeeping_tmp-accounting.sql	47
llx_accounting_bookkeeping_tmp	会计/总账	26	fk_user_modif	integer	integer	YES		N	N				| user making last change	最后修改人用户 ID；源码注释：| user making last change	htdocs/install/mysql/tables/llx_accounting_bookkeeping_tmp-accounting.sql	48
llx_accounting_bookkeeping_tmp	会计/总账	27	date_creation	datetime	datetime	YES		N	N				FEC:EcritureDate | creation date	日期/时间字段；源码注释：FEC:EcritureDate | creation date	htdocs/install/mysql/tables/llx_accounting_bookkeeping_tmp-accounting.sql	49
llx_accounting_bookkeeping_tmp	会计/总账	28	tms	timestamp	timestamp	YES	CURRENT_TIMESTAMP	N	N				| last modification date	最后修改时间戳；源码注释：| last modification date	htdocs/install/mysql/tables/llx_accounting_bookkeeping_tmp-accounting.sql	50
llx_accounting_bookkeeping_tmp	会计/总账	29	fk_user	integer	integer	YES		N	N				The id of user that validate the accounting source document	外部关联 ID（具体目标以外键或业务代码为准）；源码注释：The id of user that validate the accounting source document	htdocs/install/mysql/tables/llx_accounting_bookkeeping_tmp-accounting.sql	51
llx_accounting_bookkeeping_tmp	会计/总账	30	code_journal	varchar(32)	varchar	NO		N	N	idx_accounting_bookkeeping_tmp_code_journal			FEC:JournalCode	代码/参考号字段；源码注释：FEC:JournalCode	htdocs/install/mysql/tables/llx_accounting_bookkeeping_tmp-accounting.sql	52
llx_accounting_bookkeeping_tmp	会计/总账	31	journal_label	varchar(255)	varchar	YES		N	N				FEC:JournalLib	名称/标题字段；源码注释：FEC:JournalLib	htdocs/install/mysql/tables/llx_accounting_bookkeeping_tmp-accounting.sql	53
llx_accounting_bookkeeping_tmp	会计/总账	32	piece_num	integer	integer	NO		N	N				FEC:EcritureNum	字段 piece_num；源码注释：FEC:EcritureNum	htdocs/install/mysql/tables/llx_accounting_bookkeeping_tmp-accounting.sql	54
llx_accounting_bookkeeping_tmp	会计/总账	33	date_validated	datetime	datetime	YES		N	N				FEC:ValidDate | if empty: movement not validated / if not empty: movement validated (No deleting / No modification)	日期/时间字段；源码注释：FEC:ValidDate | if empty: movement not validated / if not empty: movement validated (No deleting / No modification)	htdocs/install/mysql/tables/llx_accounting_bookkeeping_tmp-accounting.sql	55
llx_accounting_bookkeeping_tmp	会计/总账	34	import_key	varchar(14)	varchar	YES		N	N					导入批次/外部导入键	htdocs/install/mysql/tables/llx_accounting_bookkeeping_tmp-accounting.sql	56
llx_accounting_bookkeeping_tmp	会计/总账	35	extraparams	varchar(255)	varchar	YES		N	N				for other parameters with json format	扩展参数/结构化文本；源码注释：for other parameters with json format	htdocs/install/mysql/tables/llx_accounting_bookkeeping_tmp-accounting.sql	57
llx_accounting_category_account	会计/总账	1	rowid	integer	integer	NO		Y	Y	PRIMARY	PRIMARY			主键行标识；通常为自增整数	htdocs/install/mysql/tables/llx_accounting_category_account-accounting.sql	22
llx_accounting_category_account	会计/总账	2	fk_accounting_category	integer	integer	YES		N	N	idx_accounting_category_account_fk_accounting_category, uk_accounting_category_account	uk_accounting_category_account			外部关联 ID（具体目标以外键或业务代码为准）（基于字段名推断）	htdocs/install/mysql/tables/llx_accounting_category_account-accounting.sql	23
llx_accounting_category_account	会计/总账	3	fk_accounting_account	bigint	bigint	YES		N	N	idx_accounting_category_account_fk_accounting_account, uk_accounting_category_account	uk_accounting_category_account			外部关联 ID（具体目标以外键或业务代码为准）（基于字段名推断）	htdocs/install/mysql/tables/llx_accounting_category_account-accounting.sql	24
llx_accounting_fiscalyear	会计/总账	1	rowid	integer	integer	NO		Y	Y	PRIMARY	PRIMARY			主键行标识；通常为自增整数	htdocs/install/mysql/tables/llx_accounting_fiscalyear.sql	21
llx_accounting_fiscalyear	会计/总账	2	label	varchar(128)	varchar	NO		N	N					名称或标签	htdocs/install/mysql/tables/llx_accounting_fiscalyear.sql	22
llx_accounting_fiscalyear	会计/总账	3	date_start	date	date	YES		N	N					日期/时间字段（基于字段名推断）	htdocs/install/mysql/tables/llx_accounting_fiscalyear.sql	23
llx_accounting_fiscalyear	会计/总账	4	date_end	date	date	YES		N	N					日期/时间字段（基于字段名推断）	htdocs/install/mysql/tables/llx_accounting_fiscalyear.sql	24
llx_accounting_fiscalyear	会计/总账	5	statut	tinyint	tinyint	NO	0	N	N					状态标识	htdocs/install/mysql/tables/llx_accounting_fiscalyear.sql	25
llx_accounting_fiscalyear	会计/总账	6	entity	integer	integer	NO	1	N	N				multi company id	多实体/多公司隔离标识；源码注释：multi company id	htdocs/install/mysql/tables/llx_accounting_fiscalyear.sql	26
llx_accounting_fiscalyear	会计/总账	7	datec	datetime	datetime	NO		N	N					创建日期/时间	htdocs/install/mysql/tables/llx_accounting_fiscalyear.sql	27
llx_accounting_fiscalyear	会计/总账	8	tms	timestamp	timestamp	YES	CURRENT_TIMESTAMP	N	N					最后修改时间戳	htdocs/install/mysql/tables/llx_accounting_fiscalyear.sql	28
llx_accounting_fiscalyear	会计/总账	9	fk_user_author	integer	integer	YES	NULL	N	N					创建人/制单人用户 ID	htdocs/install/mysql/tables/llx_accounting_fiscalyear.sql	29
llx_accounting_fiscalyear	会计/总账	10	fk_user_modif	integer	integer	YES	NULL	N	N					最后修改人用户 ID	htdocs/install/mysql/tables/llx_accounting_fiscalyear.sql	30
llx_accounting_groups_account	会计/总账	1	rowid	integer	integer	NO		Y	Y	PRIMARY	PRIMARY			主键行标识；通常为自增整数	htdocs/install/mysql/tables/llx_accounting_groups_account.sql	22
llx_accounting_groups_account	会计/总账	2	fk_accounting_account	INTEGER	integer	NO		N	N					外部关联 ID（具体目标以外键或业务代码为准）（基于字段名推断）	htdocs/install/mysql/tables/llx_accounting_groups_account.sql	23
llx_accounting_groups_account	会计/总账	3	fk_c_accounting_category	INTEGER	integer	NO		N	N					外部关联 ID（具体目标以外键或业务代码为准）（基于字段名推断）	htdocs/install/mysql/tables/llx_accounting_groups_account.sql	24
llx_accounting_journal	会计/总账	1	rowid	integer	integer	NO		Y	Y	PRIMARY	PRIMARY			主键行标识；通常为自增整数	htdocs/install/mysql/tables/llx_accounting_journal.sql	22
llx_accounting_journal	会计/总账	2	entity	integer	integer	NO	1	N	N	uk_accounting_journal_code	uk_accounting_journal_code			多实体/多公司隔离标识	htdocs/install/mysql/tables/llx_accounting_journal.sql	23
llx_accounting_journal	会计/总账	3	code	varchar(32)	varchar	NO		N	N	uk_accounting_journal_code	uk_accounting_journal_code			业务代码	htdocs/install/mysql/tables/llx_accounting_journal.sql	24
llx_accounting_journal	会计/总账	4	label	varchar(128)	varchar	NO		N	N					名称或标签	htdocs/install/mysql/tables/llx_accounting_journal.sql	25
llx_accounting_journal	会计/总账	5	nature	smallint	smallint	NO	1	N	N				type of journals (1:various operations / 2:sale / 3:purchase / 4:bank / 5:expense report / 9:has-new)	字段 nature；源码注释：type of journals (1:various operations / 2:sale / 3:purchase / 4:bank / 5:expense report / 9:has-new)	htdocs/install/mysql/tables/llx_accounting_journal.sql	26
llx_accounting_journal	会计/总账	6	active	smallint	smallint	YES	0	N	N					启用标识（通常 1=启用，0=停用）	htdocs/install/mysql/tables/llx_accounting_journal.sql	27
llx_accounting_system	会计/总账	1	rowid	integer	integer	NO		Y	Y	PRIMARY	PRIMARY			主键行标识；通常为自增整数	htdocs/install/mysql/tables/llx_accounting_system.sql	23
llx_accounting_system	会计/总账	2	fk_country	integer	integer	YES		N	N					外部关联 ID（具体目标以外键或业务代码为准）（基于字段名推断）	htdocs/install/mysql/tables/llx_accounting_system.sql	24
llx_accounting_system	会计/总账	3	pcg_version	varchar(32)	varchar	NO		N	N	uk_accounting_system_pcg_version	uk_accounting_system_pcg_version			字段 pcg_version（基于字段名推断）	htdocs/install/mysql/tables/llx_accounting_system.sql	25
llx_accounting_system	会计/总账	4	label	varchar(128)	varchar	NO		N	N					名称或标签	htdocs/install/mysql/tables/llx_accounting_system.sql	26
llx_accounting_system	会计/总账	5	active	smallint	smallint	YES	0	N	N					启用标识（通常 1=启用，0=停用）	htdocs/install/mysql/tables/llx_accounting_system.sql	27
llx_accounting_system	会计/总账	6	date_creation	datetime	datetime	YES		N	N					日期/时间字段（基于字段名推断）	htdocs/install/mysql/tables/llx_accounting_system.sql	28
llx_accounting_system	会计/总账	7	fk_user_author	integer	integer	YES		N	N					创建人/制单人用户 ID	htdocs/install/mysql/tables/llx_accounting_system.sql	29
llx_accounting_transaction_template	会计/总账	1	rowid	integer	integer	NO		Y	Y	PRIMARY, idx_accounting_transaction_template_rowid	PRIMARY			主键行标识；通常为自增整数	htdocs/install/mysql/tables/llx_accounting_transaction_template-accounting.sql	22
llx_accounting_transaction_template	会计/总账	2	entity	integer	integer	NO	1	N	N	uk_accounting_transaction_template_code	uk_accounting_transaction_template_code			多实体/多公司隔离标识	htdocs/install/mysql/tables/llx_accounting_transaction_template-accounting.sql	23
llx_accounting_transaction_template	会计/总账	3	code	varchar(128)	varchar	NO		N	N	idx_accounting_transaction_template_code, uk_accounting_transaction_template_code	uk_accounting_transaction_template_code			业务代码	htdocs/install/mysql/tables/llx_accounting_transaction_template-accounting.sql	24
llx_accounting_transaction_template	会计/总账	4	label	varchar(255)	varchar	YES		N	N					名称或标签	htdocs/install/mysql/tables/llx_accounting_transaction_template-accounting.sql	25
llx_accounting_transaction_template	会计/总账	5	date_creation	datetime	datetime	NO		N	N					日期/时间字段（基于字段名推断）	htdocs/install/mysql/tables/llx_accounting_transaction_template-accounting.sql	26
llx_accounting_transaction_template	会计/总账	6	tms	timestamp	timestamp	YES	CURRENT_TIMESTAMP	N	N					最后修改时间戳	htdocs/install/mysql/tables/llx_accounting_transaction_template-accounting.sql	27
llx_accounting_transaction_template	会计/总账	7	fk_user_creat	integer	integer	NO		N	N					创建人用户 ID	htdocs/install/mysql/tables/llx_accounting_transaction_template-accounting.sql	28
llx_accounting_transaction_template	会计/总账	8	fk_user_modif	integer	integer	YES		N	N					最后修改人用户 ID	htdocs/install/mysql/tables/llx_accounting_transaction_template-accounting.sql	29
llx_accounting_transaction_template	会计/总账	9	import_key	varchar(14)	varchar	YES		N	N					导入批次/外部导入键	htdocs/install/mysql/tables/llx_accounting_transaction_template-accounting.sql	30
llx_accounting_transaction_template_det	会计/总账	1	rowid	integer	integer	NO		Y	Y	PRIMARY, idx_accounting_transaction_template_det_rowid	PRIMARY			主键行标识；通常为自增整数	htdocs/install/mysql/tables/llx_accounting_transaction_template_det-accounting.sql	23
llx_accounting_transaction_template_det	会计/总账	2	fk_transaction_template	integer	integer	NO		N	N			llx_accounting_transaction_template.rowid		外部关联 ID（具体目标以外键或业务代码为准）（基于字段名推断）	htdocs/install/mysql/tables/llx_accounting_transaction_template_det-accounting.sql	24
llx_accounting_transaction_template_det	会计/总账	3	general_account	varchar(32)	varchar	NO		N	N					字段 general_account（基于字段名推断）	htdocs/install/mysql/tables/llx_accounting_transaction_template_det-accounting.sql	25
llx_accounting_transaction_template_det	会计/总账	4	general_label	varchar(255)	varchar	NO		N	N					名称/标题字段（基于字段名推断）	htdocs/install/mysql/tables/llx_accounting_transaction_template_det-accounting.sql	26
llx_accounting_transaction_template_det	会计/总账	5	subledger_account	varchar(32)	varchar	YES		N	N					字段 subledger_account（基于字段名推断）	htdocs/install/mysql/tables/llx_accounting_transaction_template_det-accounting.sql	27
llx_accounting_transaction_template_det	会计/总账	6	subledger_label	varchar(255)	varchar	YES		N	N					名称/标题字段（基于字段名推断）	htdocs/install/mysql/tables/llx_accounting_transaction_template_det-accounting.sql	28
llx_accounting_transaction_template_det	会计/总账	7	operation_label	varchar(255)	varchar	YES		N	N					比例/百分比字段（基于字段名推断）	htdocs/install/mysql/tables/llx_accounting_transaction_template_det-accounting.sql	29
llx_accounting_transaction_template_det	会计/总账	8	debit	double(24,8)	double	YES		N	N					字段 debit（基于字段名推断）	htdocs/install/mysql/tables/llx_accounting_transaction_template_det-accounting.sql	30
llx_accounting_transaction_template_det	会计/总账	9	credit	double(24,8)	double	YES		N	N					字段 credit（基于字段名推断）	htdocs/install/mysql/tables/llx_accounting_transaction_template_det-accounting.sql	31
llx_actioncomm	日程活动	1	id	integer	integer	NO		Y	Y	PRIMARY	PRIMARY			主键标识；部分参考表使用非自增 ID	htdocs/install/mysql/tables/llx_actioncomm.sql	26
llx_actioncomm	日程活动	2	ref	varchar(30)	varchar	NO		N	N	idx_actioncomm_ref				业务参考号/单号	htdocs/install/mysql/tables/llx_actioncomm.sql	27
llx_actioncomm	日程活动	3	ref_ext	varchar(255)	varchar	YES		N	N	idx_actioncomm_ref_ext			reference into an external system (not used by dolibarr). Example: An id coming from google calendar has length between 5 and 1024 chars. An event id must follow rule: chars used in base32hex encoding (i.e. lowercase letters a-v and digits 0-9, see section 3.1.2 in RFC2938)	代码/参考号字段；源码注释：reference into an external system (not used by dolibarr). Example: An id coming from google calendar has length between 5 and 1024 chars. An event id must follow rule: chars used in base32hex encoding (i.e. lowercase letters a-v and digits 0-9, see section 3.1.2 in RFC2938)	htdocs/install/mysql/tables/llx_actioncomm.sql	28
llx_actioncomm	日程活动	4	entity	integer	integer	NO	1	N	N	idx_actioncomm_ref			multi company id	多实体/多公司隔离标识；源码注释：multi company id	htdocs/install/mysql/tables/llx_actioncomm.sql	29
llx_actioncomm	日程活动	5	datep	datetime	datetime	YES		N	N	idx_actioncomm_datep			date start	日期/时间字段；源码注释：date start	htdocs/install/mysql/tables/llx_actioncomm.sql	30
llx_actioncomm	日程活动	6	datep2	datetime	datetime	YES		N	N	idx_actioncomm_datep2			date end	日期/时间字段；源码注释：date end	htdocs/install/mysql/tables/llx_actioncomm.sql	31
llx_actioncomm	日程活动	7	fk_action	integer	integer	YES		N	N				type of action (optional link with id in llx_c_actioncomm or null)	外部关联 ID（具体目标以外键或业务代码为准）；源码注释：type of action (optional link with id in llx_c_actioncomm or null)	htdocs/install/mysql/tables/llx_actioncomm.sql	33
llx_actioncomm	日程活动	8	code	varchar(50)	varchar	YES		N	N	idx_actioncomm_code			code of action for automatic action ('AC_OTH_AUTO' for automatic actions, 'AC_EMAILIN_AUTO' for email input, 'AC_xxx' for manual action...)	业务代码；源码注释：code of action for automatic action ('AC_OTH_AUTO' for automatic actions, 'AC_EMAILIN_AUTO' for email input, 'AC_xxx' for manual action...)	htdocs/install/mysql/tables/llx_actioncomm.sql	34
llx_actioncomm	日程活动	9	datec	datetime	datetime	YES		N	N				date creation	创建日期/时间；源码注释：date creation	htdocs/install/mysql/tables/llx_actioncomm.sql	36
llx_actioncomm	日程活动	10	tms	timestamp	timestamp	YES	CURRENT_TIMESTAMP	N	N				last modification date	最后修改时间戳；源码注释：last modification date	htdocs/install/mysql/tables/llx_actioncomm.sql	37
llx_actioncomm	日程活动	11	fk_user_author	integer	integer	YES		N	N				user id of user that has created record	创建人/制单人用户 ID；源码注释：user id of user that has created record	htdocs/install/mysql/tables/llx_actioncomm.sql	38
llx_actioncomm	日程活动	12	fk_user_mod	integer	integer	YES		N	N				user id of user that has modified record	外部关联 ID（具体目标以外键或业务代码为准）；源码注释：user id of user that has modified record	htdocs/install/mysql/tables/llx_actioncomm.sql	39
llx_actioncomm	日程活动	13	fk_project	integer	integer	YES		N	N	idx_actioncomm_fk_project				关联项目 ID	htdocs/install/mysql/tables/llx_actioncomm.sql	41
llx_actioncomm	日程活动	14	fk_task	integer	integer	YES		N	N				available since v21+	外部关联 ID（具体目标以外键或业务代码为准）；源码注释：available since v21+	htdocs/install/mysql/tables/llx_actioncomm.sql	42
llx_actioncomm	日程活动	15	fk_soc	integer	integer	YES		N	N	idx_actioncomm_fk_soc				关联第三方企业 ID	htdocs/install/mysql/tables/llx_actioncomm.sql	43
llx_actioncomm	日程活动	16	fk_contact	integer	integer	YES		N	N	idx_actioncomm_fk_contact				关联联系人 ID	htdocs/install/mysql/tables/llx_actioncomm.sql	44
llx_actioncomm	日程活动	17	fk_parent	integer	integer	NO	0	N	N					外部关联 ID（具体目标以外键或业务代码为准）（基于字段名推断）	htdocs/install/mysql/tables/llx_actioncomm.sql	45
llx_actioncomm	日程活动	18	fk_user_action	integer	integer	YES		N	N	idx_actioncomm_fk_user_action			user id of owner of action (note that users assigned to event are stored into table 'actioncomm_resources')	外部关联 ID（具体目标以外键或业务代码为准）；源码注释：user id of owner of action (note that users assigned to event are stored into table 'actioncomm_resources')	htdocs/install/mysql/tables/llx_actioncomm.sql	46
llx_actioncomm	日程活动	19	transparency	integer	integer	YES		N	N				transparency (ical standard). used to say if user assigned to event are busy or not by event. This field may be deprecated if we want to store transparency for each assigned user, moved into table llx_actioncomm_resources.	字段 transparency；源码注释：transparency (ical standard). used to say if user assigned to event are busy or not by event. This field may be deprecated if we want to store transparency for each assigned user, moved into table llx_actioncomm_resources.	htdocs/install/mysql/tables/llx_actioncomm.sql	48
llx_actioncomm	日程活动	20	priority	smallint	smallint	YES		N	N				priority (ical standard)	字段 priority；源码注释：priority (ical standard)	htdocs/install/mysql/tables/llx_actioncomm.sql	50
llx_actioncomm	日程活动	21	visibility	varchar(12)	varchar	YES	'default'	N	N				visibility (ical standard) - 'default', 'public', 'private', 'confidential'	字段 visibility；源码注释：visibility (ical standard) - 'default', 'public', 'private', 'confidential'	htdocs/install/mysql/tables/llx_actioncomm.sql	51
llx_actioncomm	日程活动	22	fulldayevent	smallint	smallint	NO	0	N	N				full day (ical standard)	字段 fulldayevent；源码注释：full day (ical standard)	htdocs/install/mysql/tables/llx_actioncomm.sql	52
llx_actioncomm	日程活动	23	percent	smallint	smallint	NO	0	N	N	idx_actioncomm_percent				比例/百分比字段（基于字段名推断）	htdocs/install/mysql/tables/llx_actioncomm.sql	53
llx_actioncomm	日程活动	24	location	varchar(128)	varchar	YES		N	N					字段 location（基于字段名推断）	htdocs/install/mysql/tables/llx_actioncomm.sql	54
llx_actioncomm	日程活动	25	durationp	real	real	YES		N	N				planed duration	比例/百分比字段；源码注释：planed duration	htdocs/install/mysql/tables/llx_actioncomm.sql	55
llx_actioncomm	日程活动	26	label	varchar(255)	varchar	NO		N	N				label/title of event or topic of email	名称或标签；源码注释：label/title of event or topic of email	htdocs/install/mysql/tables/llx_actioncomm.sql	57
llx_actioncomm	日程活动	27	note	mediumtext	mediumtext	YES		N	N				private note of event or content of email	备注/说明字段；源码注释：private note of event or content of email	htdocs/install/mysql/tables/llx_actioncomm.sql	58
llx_actioncomm	日程活动	28	calling_duration	integer	integer	YES		N	N				when event is a phone call, duration of phone call	比例/百分比字段；源码注释：when event is a phone call, duration of phone call	htdocs/install/mysql/tables/llx_actioncomm.sql	60
llx_actioncomm	日程活动	29	email_subject	varchar(255)	varchar	YES		N	N				when event was an email, we store here the subject. content is stored into note.	字段 email_subject；源码注释：when event was an email, we store here the subject. content is stored into note.	htdocs/install/mysql/tables/llx_actioncomm.sql	62
llx_actioncomm	日程活动	30	email_msgid	varchar(255)	varchar	YES		N	N				when event was an email, we store here the msgid	字段 email_msgid；源码注释：when event was an email, we store here the msgid	htdocs/install/mysql/tables/llx_actioncomm.sql	63
llx_actioncomm	日程活动	31	email_from	varchar(255)	varchar	YES		N	N				when event was an email, we store here the from	字段 email_from；源码注释：when event was an email, we store here the from	htdocs/install/mysql/tables/llx_actioncomm.sql	64
llx_actioncomm	日程活动	32	email_sender	varchar(255)	varchar	YES		N	N				when event was an email, we store here the sender	字段 email_sender；源码注释：when event was an email, we store here the sender	htdocs/install/mysql/tables/llx_actioncomm.sql	65
llx_actioncomm	日程活动	33	email_to	varchar(255)	varchar	YES		N	N				when event was an email, we store here the email_to	字段 email_to；源码注释：when event was an email, we store here the email_to	htdocs/install/mysql/tables/llx_actioncomm.sql	66
llx_actioncomm	日程活动	34	email_tocc	varchar(255)	varchar	YES		N	N				when event was an email, we store here the email_tocc	字段 email_tocc；源码注释：when event was an email, we store here the email_tocc	htdocs/install/mysql/tables/llx_actioncomm.sql	67
llx_actioncomm	日程活动	35	email_tobcc	varchar(255)	varchar	YES		N	N				when event was an email, we store here the email_tobcc	字段 email_tobcc；源码注释：when event was an email, we store here the email_tobcc	htdocs/install/mysql/tables/llx_actioncomm.sql	68
llx_actioncomm	日程活动	36	errors_to	varchar(255)	varchar	YES		N	N				when event was an email, we store here the erros_to	字段 errors_to；源码注释：when event was an email, we store here the erros_to	htdocs/install/mysql/tables/llx_actioncomm.sql	69
llx_actioncomm	日程活动	37	reply_to	varchar(255)	varchar	YES		N	N				when event was an email, we store here the reply_to	字段 reply_to；源码注释：when event was an email, we store here the reply_to	htdocs/install/mysql/tables/llx_actioncomm.sql	70
llx_actioncomm	日程活动	38	recurid	varchar(128)	varchar	YES		N	N	idx_actioncomm_recurid			used to store event id to link each other all the repeating event record. It can be the 'iCalUID' as in RFC5545 (an id similar for all the same serie)	字段 recurid；源码注释：used to store event id to link each other all the repeating event record. It can be the 'iCalUID' as in RFC5545 (an id similar for all the same serie)	htdocs/install/mysql/tables/llx_actioncomm.sql	72
llx_actioncomm	日程活动	39	recurrule	varchar(128)	varchar	YES		N	N				contains string with ical format recurring rule like 'FREQ=MONTHLY;INTERVAL=2;BYMONTHDAY=19' or 'FREQ=WEEKLY;BYDAY=MO'	字段 recurrule；源码注释：contains string with ical format recurring rule like 'FREQ=MONTHLY;INTERVAL=2;BYMONTHDAY=19' or 'FREQ=WEEKLY;BYDAY=MO'	htdocs/install/mysql/tables/llx_actioncomm.sql	73
llx_actioncomm	日程活动	40	recurdateend	datetime	datetime	YES		N	N				no more recurring event after this date	日期/时间字段；源码注释：no more recurring event after this date	htdocs/install/mysql/tables/llx_actioncomm.sql	74
llx_actioncomm	日程活动	41	num_vote	integer	integer	YES	NULL	N	N				use for Event Organization module	字段 num_vote；源码注释：use for Event Organization module	htdocs/install/mysql/tables/llx_actioncomm.sql	76
llx_actioncomm	日程活动	42	event_paid	smallint	smallint	NO	0	N	N				use for Event Organization module	字段 event_paid；源码注释：use for Event Organization module	htdocs/install/mysql/tables/llx_actioncomm.sql	77
llx_actioncomm	日程活动	43	status	smallint	smallint	NO	0	N	N				use for Event Organization module for now, but could be use after for event global status	状态标识；源码注释：use for Event Organization module for now, but could be use after for event global status	htdocs/install/mysql/tables/llx_actioncomm.sql	78
llx_actioncomm	日程活动	44	max_participants	integer	integer	YES	NULL	N	N	idx_actioncomm_max_participants			Maximum number of participants allowed for this action (event, meeting, shift)	字段 max_participants；源码注释：Maximum number of participants allowed for this action (event, meeting, shift)	htdocs/install/mysql/tables/llx_actioncomm.sql	79
llx_actioncomm	日程活动	45	fk_element	integer	integer	YES	NULL	N	N	idx_actioncomm_fk_element			For link to an element (proposal, invoice, order, ...)	外部关联 ID（具体目标以外键或业务代码为准）；源码注释：For link to an element (proposal, invoice, order, ...)	htdocs/install/mysql/tables/llx_actioncomm.sql	81
llx_actioncomm	日程活动	46	elementtype	varchar(255)	varchar	YES	NULL	N	N				For link to an element (proposal, invoice, order, ...)	字段 elementtype；源码注释：For link to an element (proposal, invoice, order, ...)	htdocs/install/mysql/tables/llx_actioncomm.sql	82
llx_actioncomm	日程活动	47	ip	varchar(250)	varchar	YES		N	N				ip used to create record (for public submission page)	字段 ip；源码注释：ip used to create record (for public submission page)	htdocs/install/mysql/tables/llx_actioncomm.sql	84
llx_actioncomm	日程活动	48	fk_bookcal_calendar	integer	integer	YES	NULL	N	N				fk_bookcal_calendar used to link booking to bookcal calendar	外部关联 ID（具体目标以外键或业务代码为准）；源码注释：fk_bookcal_calendar used to link booking to bookcal calendar	htdocs/install/mysql/tables/llx_actioncomm.sql	86
llx_actioncomm	日程活动	49	import_key	varchar(14)	varchar	YES		N	N					导入批次/外部导入键	htdocs/install/mysql/tables/llx_actioncomm.sql	88
llx_actioncomm	日程活动	50	extraparams	varchar(255)	varchar	YES		N	N				for other parameters with json format	扩展参数/结构化文本；源码注释：for other parameters with json format	htdocs/install/mysql/tables/llx_actioncomm.sql	89
llx_actioncomm_extrafields	日程活动	1	rowid	integer	integer	NO		Y	Y	PRIMARY	PRIMARY			主键行标识；通常为自增整数	htdocs/install/mysql/tables/llx_actioncomm_extrafields.sql	21
llx_actioncomm_extrafields	日程活动	2	tms	timestamp	timestamp	YES	CURRENT_TIMESTAMP	N	N					最后修改时间戳	htdocs/install/mysql/tables/llx_actioncomm_extrafields.sql	22
llx_actioncomm_extrafields	日程活动	3	fk_object	integer	integer	NO		N	N	uk_actioncomm_extrafields	uk_actioncomm_extrafields			外部关联 ID（具体目标以外键或业务代码为准）（基于字段名推断）	htdocs/install/mysql/tables/llx_actioncomm_extrafields.sql	23
llx_actioncomm_extrafields	日程活动	4	import_key	varchar(14)	varchar	YES		N	N				import key	导入批次/外部导入键；源码注释：import key	htdocs/install/mysql/tables/llx_actioncomm_extrafields.sql	24
llx_actioncomm_reminder	日程活动	1	rowid	integer	integer	NO		Y	Y	PRIMARY	PRIMARY			主键行标识；通常为自增整数	htdocs/install/mysql/tables/llx_actioncomm_reminder.sql	19
llx_actioncomm_reminder	日程活动	2	dateremind	datetime	datetime	NO		N	N	idx_actioncomm_reminder_dateremind				日期/时间字段（基于字段名推断）	htdocs/install/mysql/tables/llx_actioncomm_reminder.sql	20
llx_actioncomm_reminder	日程活动	3	typeremind	varchar(32)	varchar	NO		N	N	uk_actioncomm_reminder_unique	uk_actioncomm_reminder_unique			字段 typeremind（基于字段名推断）	htdocs/install/mysql/tables/llx_actioncomm_reminder.sql	21
llx_actioncomm_reminder	日程活动	4	fk_user	integer	integer	YES		N	N	idx_actioncomm_reminder_fk_user, uk_actioncomm_reminder_unique	uk_actioncomm_reminder_unique			外部关联 ID（具体目标以外键或业务代码为准）（基于字段名推断）	htdocs/install/mysql/tables/llx_actioncomm_reminder.sql	22
llx_actioncomm_reminder	日程活动	5	fk_soc	integer	integer	YES		N	N	idx_actioncomm_reminder_fk_soc, uk_actioncomm_reminder_unique	uk_actioncomm_reminder_unique			关联第三方企业 ID	htdocs/install/mysql/tables/llx_actioncomm_reminder.sql	23
llx_actioncomm_reminder	日程活动	6	fk_contact	integer	integer	YES		N	N	idx_actioncomm_reminder_fk_contact, uk_actioncomm_reminder_unique	uk_actioncomm_reminder_unique			关联联系人 ID	htdocs/install/mysql/tables/llx_actioncomm_reminder.sql	24
llx_actioncomm_reminder	日程活动	7	offsetvalue	integer	integer	NO		N	N	uk_actioncomm_reminder_unique	uk_actioncomm_reminder_unique			字段 offsetvalue（基于字段名推断）	htdocs/install/mysql/tables/llx_actioncomm_reminder.sql	25
llx_actioncomm_reminder	日程活动	8	offsetunit	varchar(1)	varchar	NO		N	N	uk_actioncomm_reminder_unique	uk_actioncomm_reminder_unique			字段 offsetunit（基于字段名推断）	htdocs/install/mysql/tables/llx_actioncomm_reminder.sql	26
llx_actioncomm_reminder	日程活动	9	status	integer	integer	NO	0	N	N	idx_actioncomm_reminder_status				状态标识	htdocs/install/mysql/tables/llx_actioncomm_reminder.sql	27
llx_actioncomm_reminder	日程活动	10	datedone	datetime	datetime	YES		N	N					日期/时间字段（基于字段名推断）	htdocs/install/mysql/tables/llx_actioncomm_reminder.sql	28
llx_actioncomm_reminder	日程活动	11	lasterror	varchar(128)	varchar	YES		N	N					字段 lasterror（基于字段名推断）	htdocs/install/mysql/tables/llx_actioncomm_reminder.sql	29
llx_actioncomm_reminder	日程活动	12	entity	integer	integer	NO	1	N	N					多实体/多公司隔离标识	htdocs/install/mysql/tables/llx_actioncomm_reminder.sql	30
llx_actioncomm_reminder	日程活动	13	fk_actioncomm	integer	integer	NO		N	N	uk_actioncomm_reminder_unique	uk_actioncomm_reminder_unique			外部关联 ID（具体目标以外键或业务代码为准）（基于字段名推断）	htdocs/install/mysql/tables/llx_actioncomm_reminder.sql	31
llx_actioncomm_reminder	日程活动	14	fk_email_template	integer	integer	YES		N	N					外部关联 ID（具体目标以外键或业务代码为准）（基于字段名推断）	htdocs/install/mysql/tables/llx_actioncomm_reminder.sql	32
llx_actioncomm_resources	日程活动	1	rowid	integer	integer	NO		Y	Y	PRIMARY	PRIMARY			主键行标识；通常为自增整数	htdocs/install/mysql/tables/llx_actioncomm_resources.sql	25
llx_actioncomm_resources	日程活动	2	fk_actioncomm	integer	integer	NO		N	N	uk_actioncomm_resources	uk_actioncomm_resources		Id into llx_actioncomm	外部关联 ID（具体目标以外键或业务代码为准）；源码注释：Id into llx_actioncomm	htdocs/install/mysql/tables/llx_actioncomm_resources.sql	26
llx_actioncomm_resources	日程活动	3	element_type	varchar(50)	varchar	NO		N	N	uk_actioncomm_resources	uk_actioncomm_resources		Type of resource ('user', 'resource')	字段 element_type；源码注释：Type of resource ('user', 'resource')	htdocs/install/mysql/tables/llx_actioncomm_resources.sql	27
llx_actioncomm_resources	日程活动	4	fk_element	integer	integer	NO		N	N	uk_actioncomm_resources, idx_actioncomm_resources_fk_element	uk_actioncomm_resources		Id into table llx_user or llx_resource	外部关联 ID（具体目标以外键或业务代码为准）；源码注释：Id into table llx_user or llx_resource	htdocs/install/mysql/tables/llx_actioncomm_resources.sql	28
llx_actioncomm_resources	日程活动	5	answer_status	varchar(50)	varchar	YES		N	N					字段 answer_status（基于字段名推断）	htdocs/install/mysql/tables/llx_actioncomm_resources.sql	29
llx_actioncomm_resources	日程活动	6	mandatory	smallint	smallint	YES		N	N					字段 mandatory（基于字段名推断）	htdocs/install/mysql/tables/llx_actioncomm_resources.sql	30
llx_actioncomm_resources	日程活动	7	transparency	smallint	smallint	YES	1	N	N				Used to say if event is 1=OPAQUE=busy or 0=TRANSPARENT	字段 transparency；源码注释：Used to say if event is 1=OPAQUE=busy or 0=TRANSPARENT	htdocs/install/mysql/tables/llx_actioncomm_resources.sql	31
llx_adherent	会员	1	rowid	integer	integer	NO		Y	Y	PRIMARY	PRIMARY			主键行标识；通常为自增整数	htdocs/install/mysql/tables/llx_adherent.sql	31
llx_adherent	会员	2	ref	varchar(30)	varchar	NO		N	N	uk_adherent_ref	uk_adherent_ref		member reference number	业务参考号/单号；源码注释：member reference number	htdocs/install/mysql/tables/llx_adherent.sql	32
llx_adherent	会员	3	entity	integer	integer	NO	1	N	N	uk_adherent_login, uk_adherent_ref	uk_adherent_login, uk_adherent_ref		multi company id	多实体/多公司隔离标识；源码注释：multi company id	htdocs/install/mysql/tables/llx_adherent.sql	33
llx_adherent	会员	4	ref_ext	varchar(128)	varchar	YES		N	N				reference into an external system (not used by dolibarr)	代码/参考号字段；源码注释：reference into an external system (not used by dolibarr)	htdocs/install/mysql/tables/llx_adherent.sql	34
llx_adherent	会员	5	gender	varchar(10)	varchar	YES		N	N					字段 gender（基于字段名推断）	htdocs/install/mysql/tables/llx_adherent.sql	36
llx_adherent	会员	6	civility	varchar(6)	varchar	YES		N	N					字段 civility（基于字段名推断）	htdocs/install/mysql/tables/llx_adherent.sql	37
llx_adherent	会员	7	lastname	varchar(50)	varchar	YES		N	N					名称/标题字段（基于字段名推断）	htdocs/install/mysql/tables/llx_adherent.sql	38
llx_adherent	会员	8	firstname	varchar(50)	varchar	YES		N	N					名称/标题字段（基于字段名推断）	htdocs/install/mysql/tables/llx_adherent.sql	39
llx_adherent	会员	9	login	varchar(50)	varchar	YES		N	N	uk_adherent_login	uk_adherent_login		login	字段 login；源码注释：login	htdocs/install/mysql/tables/llx_adherent.sql	40
llx_adherent	会员	10	pass	varchar(50)	varchar	YES		N	N				password	字段 pass；源码注释：password	htdocs/install/mysql/tables/llx_adherent.sql	41
llx_adherent	会员	11	pass_crypted	varchar(128)	varchar	YES		N	N					字段 pass_crypted（基于字段名推断）	htdocs/install/mysql/tables/llx_adherent.sql	42
llx_adherent	会员	12	fk_adherent_type	integer	integer	NO		N	N	idx_adherent_fk_adherent_type		llx_adherent_type.rowid		外部关联 ID（具体目标以外键或业务代码为准）（基于字段名推断）	htdocs/install/mysql/tables/llx_adherent.sql	43
llx_adherent	会员	13	morphy	varchar(3)	varchar	NO		N	N				EN: legal entity / natural person  FR: personne morale / personne physique	字段 morphy；源码注释：EN: legal entity / natural person  FR: personne morale / personne physique	htdocs/install/mysql/tables/llx_adherent.sql	44
llx_adherent	会员	14	societe	varchar(128)	varchar	YES		N	N				company name (should be same length than societe.name). No more used.	字段 societe；源码注释：company name (should be same length than societe.name). No more used.	htdocs/install/mysql/tables/llx_adherent.sql	45
llx_adherent	会员	15	fk_soc	integer	integer	YES		N	N	uk_adherent_fk_soc	uk_adherent_fk_soc	llx_societe.rowid	Link to third party linked to member	关联第三方企业 ID；源码注释：Link to third party linked to member	htdocs/install/mysql/tables/llx_adherent.sql	46
llx_adherent	会员	16	address	text	text	YES		N	N					地址	htdocs/install/mysql/tables/llx_adherent.sql	47
llx_adherent	会员	17	zip	varchar(30)	varchar	YES		N	N					邮政编码	htdocs/install/mysql/tables/llx_adherent.sql	48
llx_adherent	会员	18	town	varchar(50)	varchar	YES		N	N					城市/城镇	htdocs/install/mysql/tables/llx_adherent.sql	49
llx_adherent	会员	19	state_id	integer	integer	YES		N	N					字段 state_id（基于字段名推断）	htdocs/install/mysql/tables/llx_adherent.sql	50
llx_adherent	会员	20	country	integer	integer	YES		N	N					字段 country（基于字段名推断）	htdocs/install/mysql/tables/llx_adherent.sql	51
llx_adherent	会员	21	email	varchar(255)	varchar	YES		N	N					电子邮箱	htdocs/install/mysql/tables/llx_adherent.sql	52
llx_adherent	会员	22	url	varchar(255)	varchar	YES		N	N					字段 url（基于字段名推断）	htdocs/install/mysql/tables/llx_adherent.sql	53
llx_adherent	会员	23	socialnetworks	text	text	YES	NULL	N	N				json with socialnetworks	字段 socialnetworks；源码注释：json with socialnetworks	htdocs/install/mysql/tables/llx_adherent.sql	55
llx_adherent	会员	24	phone	varchar(30)	varchar	YES		N	N					电话	htdocs/install/mysql/tables/llx_adherent.sql	57
llx_adherent	会员	25	phone_perso	varchar(30)	varchar	YES		N	N					字段 phone_perso（基于字段名推断）	htdocs/install/mysql/tables/llx_adherent.sql	58
llx_adherent	会员	26	phone_mobile	varchar(30)	varchar	YES		N	N					字段 phone_mobile（基于字段名推断）	htdocs/install/mysql/tables/llx_adherent.sql	59
llx_adherent	会员	27	birth	date	date	YES		N	N				birth date	字段 birth；源码注释：birth date	htdocs/install/mysql/tables/llx_adherent.sql	60
llx_adherent	会员	28	birth_place	varchar(64)	varchar	YES		N	N				birth place (town)	字段 birth_place；源码注释：birth place (town)	htdocs/install/mysql/tables/llx_adherent.sql	61
llx_adherent	会员	29	photo	varchar(255)	varchar	YES		N	N				filename or url of photo	字段 photo；源码注释：filename or url of photo	htdocs/install/mysql/tables/llx_adherent.sql	62
llx_adherent	会员	30	statut	smallint	smallint	NO	0	N	N					状态标识	htdocs/install/mysql/tables/llx_adherent.sql	63
llx_adherent	会员	31	public	smallint	smallint	NO	0	N	N				certain champ de la fiche sont ils public ou pas ?	字段 public；源码注释：certain champ de la fiche sont ils public ou pas ?	htdocs/install/mysql/tables/llx_adherent.sql	64
llx_adherent	会员	32	datefin	datetime	datetime	YES		N	N				end date of validity of the contribution / date de fin de validite de la cotisation	日期/时间字段；源码注释：end date of validity of the contribution / date de fin de validite de la cotisation	htdocs/install/mysql/tables/llx_adherent.sql	65
llx_adherent	会员	33	default_lang	varchar(6)	varchar	YES	NULL	N	N					字段 default_lang（基于字段名推断）	htdocs/install/mysql/tables/llx_adherent.sql	66
llx_adherent	会员	34	note_private	text	text	YES	NULL	N	N					内部备注	htdocs/install/mysql/tables/llx_adherent.sql	67
llx_adherent	会员	35	note_public	text	text	YES	NULL	N	N					公开备注	htdocs/install/mysql/tables/llx_adherent.sql	68
llx_adherent	会员	36	model_pdf	varchar(255)	varchar	YES		N	N					字段 model_pdf（基于字段名推断）	htdocs/install/mysql/tables/llx_adherent.sql	69
llx_adherent	会员	37	datevalid	datetime	datetime	YES		N	N				date of validation	日期/时间字段；源码注释：date of validation	htdocs/install/mysql/tables/llx_adherent.sql	70
llx_adherent	会员	38	datec	datetime	datetime	YES		N	N				date of creation	创建日期/时间；源码注释：date of creation	htdocs/install/mysql/tables/llx_adherent.sql	71
llx_adherent	会员	39	tms	timestamp	timestamp	YES	CURRENT_TIMESTAMP	N	N				last modification date	最后修改时间戳；源码注释：last modification date	htdocs/install/mysql/tables/llx_adherent.sql	72
llx_adherent	会员	40	fk_user_author	integer	integer	YES		N	N				can be null because member can be create by a guest	创建人/制单人用户 ID；源码注释：can be null because member can be create by a guest	htdocs/install/mysql/tables/llx_adherent.sql	73
llx_adherent	会员	41	fk_user_mod	integer	integer	YES		N	N					外部关联 ID（具体目标以外键或业务代码为准）（基于字段名推断）	htdocs/install/mysql/tables/llx_adherent.sql	74
llx_adherent	会员	42	fk_user_valid	integer	integer	YES		N	N					审核/验证人用户 ID	htdocs/install/mysql/tables/llx_adherent.sql	75
llx_adherent	会员	43	canvas	varchar(32)	varchar	YES		N	N				type of canvas if used (null by default)	字段 canvas；源码注释：type of canvas if used (null by default)	htdocs/install/mysql/tables/llx_adherent.sql	76
llx_adherent	会员	44	ip	varchar(250)	varchar	YES		N	N				ip used to create record (for public membership submission page)	字段 ip；源码注释：ip used to create record (for public membership submission page)	htdocs/install/mysql/tables/llx_adherent.sql	77
llx_adherent	会员	45	import_key	varchar(14)	varchar	YES		N	N				Import key	导入批次/外部导入键；源码注释：Import key	htdocs/install/mysql/tables/llx_adherent.sql	78
llx_adherent_extrafields	会员	1	rowid	integer	integer	NO		Y	Y	PRIMARY	PRIMARY			主键行标识；通常为自增整数	htdocs/install/mysql/tables/llx_adherent_extrafields.sql	23
llx_adherent_extrafields	会员	2	tms	timestamp	timestamp	YES	CURRENT_TIMESTAMP	N	N					最后修改时间戳	htdocs/install/mysql/tables/llx_adherent_extrafields.sql	24
llx_adherent_extrafields	会员	3	fk_object	integer	integer	NO		N	N	uk_adherent_extrafields	uk_adherent_extrafields		member id	外部关联 ID（具体目标以外键或业务代码为准）；源码注释：member id	htdocs/install/mysql/tables/llx_adherent_extrafields.sql	25
llx_adherent_extrafields	会员	4	import_key	varchar(14)	varchar	YES		N	N				import key	导入批次/外部导入键；源码注释：import key	htdocs/install/mysql/tables/llx_adherent_extrafields.sql	26
llx_adherent_type	会员	1	rowid	integer	integer	NO		Y	Y	PRIMARY	PRIMARY			主键行标识；通常为自增整数	htdocs/install/mysql/tables/llx_adherent_type.sql	28
llx_adherent_type	会员	2	entity	integer	integer	NO	1	N	N	uk_adherent_type_libelle	uk_adherent_type_libelle		multi company id	多实体/多公司隔离标识；源码注释：multi company id	htdocs/install/mysql/tables/llx_adherent_type.sql	29
llx_adherent_type	会员	3	tms	timestamp	timestamp	YES	CURRENT_TIMESTAMP	N	N					最后修改时间戳	htdocs/install/mysql/tables/llx_adherent_type.sql	30
llx_adherent_type	会员	4	statut	smallint	smallint	NO	0	N	N				state  0 = active ,  1 = inactive	状态标识；源码注释：state  0 = active ,  1 = inactive	htdocs/install/mysql/tables/llx_adherent_type.sql	31
llx_adherent_type	会员	5	libelle	varchar(50)	varchar	NO		N	N	uk_adherent_type_libelle	uk_adherent_type_libelle		label	字段 libelle；源码注释：label	htdocs/install/mysql/tables/llx_adherent_type.sql	32
llx_adherent_type	会员	6	morphy	varchar(3)	varchar	NO		N	N				moral and/or physical entity	字段 morphy；源码注释：moral and/or physical entity	htdocs/install/mysql/tables/llx_adherent_type.sql	33
llx_adherent_type	会员	7	duration	varchar(6)	varchar	YES	NULL	N	N				(minimal) duration of membership	比例/百分比字段；源码注释：(minimal) duration of membership	htdocs/install/mysql/tables/llx_adherent_type.sql	34
llx_adherent_type	会员	8	subscription	varchar(3)	varchar	NO	'1'	N	N				subscription with costs / fee or without / for free	字段 subscription；源码注释：subscription with costs / fee or without / for free	htdocs/install/mysql/tables/llx_adherent_type.sql	35
llx_adherent_type	会员	9	amount	double(24,8)	double	YES	NULL	N	N				membership fee	金额；源码注释：membership fee	htdocs/install/mysql/tables/llx_adherent_type.sql	36
llx_adherent_type	会员	10	caneditamount	integer	integer	YES	0	N	N				can member edit the amount of subscription	金额、价格或税费字段；源码注释：can member edit the amount of subscription	htdocs/install/mysql/tables/llx_adherent_type.sql	37
llx_adherent_type	会员	11	minimumamount	double(24,8)	double	YES	NULL	N	N				minimum amount	金额、价格或税费字段；源码注释：minimum amount	htdocs/install/mysql/tables/llx_adherent_type.sql	38
llx_adherent_type	会员	12	amountformuladescription	text	text	YES		N	N				description of the subscription amount formula	金额、价格或税费字段；源码注释：description of the subscription amount formula	htdocs/install/mysql/tables/llx_adherent_type.sql	39
llx_adherent_type	会员	13	vote	varchar(3)	varchar	NO	'1'	N	N				entitled to vote	字段 vote；源码注释：entitled to vote	htdocs/install/mysql/tables/llx_adherent_type.sql	40
llx_adherent_type	会员	14	note	text	text	YES		N	N				description / comment	备注/说明字段；源码注释：description / comment	htdocs/install/mysql/tables/llx_adherent_type.sql	41
llx_adherent_type	会员	15	mail_valid	text	text	YES		N	N				text for welcome email	字段 mail_valid；源码注释：text for welcome email	htdocs/install/mysql/tables/llx_adherent_type.sql	42
llx_adherent_type_extrafields	会员	1	rowid	integer	integer	NO		Y	Y	PRIMARY	PRIMARY			主键行标识；通常为自增整数	htdocs/install/mysql/tables/llx_adherent_type_extrafields.sql	21
llx_adherent_type_extrafields	会员	2	tms	timestamp	timestamp	YES	CURRENT_TIMESTAMP	N	N					最后修改时间戳	htdocs/install/mysql/tables/llx_adherent_type_extrafields.sql	22
llx_adherent_type_extrafields	会员	3	fk_object	integer	integer	NO		N	N	uk_adherent_type_extrafields	uk_adherent_type_extrafields			外部关联 ID（具体目标以外键或业务代码为准）（基于字段名推断）	htdocs/install/mysql/tables/llx_adherent_type_extrafields.sql	23
llx_adherent_type_extrafields	会员	4	import_key	varchar(14)	varchar	YES		N	N				import key	导入批次/外部导入键；源码注释：import key	htdocs/install/mysql/tables/llx_adherent_type_extrafields.sql	24
llx_adherent_type_lang	会员	1	rowid	integer	integer	NO		Y	Y	PRIMARY	PRIMARY			主键行标识；通常为自增整数	htdocs/install/mysql/tables/llx_adherent_type_lang.sql	23
llx_adherent_type_lang	会员	2	fk_type	integer	integer	NO	0	N	N					外部关联 ID（具体目标以外键或业务代码为准）（基于字段名推断）	htdocs/install/mysql/tables/llx_adherent_type_lang.sql	24
llx_adherent_type_lang	会员	3	lang	varchar(5)	varchar	NO	0	N	N					字段 lang（基于字段名推断）	htdocs/install/mysql/tables/llx_adherent_type_lang.sql	25
llx_adherent_type_lang	会员	4	label	varchar(255)	varchar	NO		N	N					名称或标签	htdocs/install/mysql/tables/llx_adherent_type_lang.sql	26
llx_adherent_type_lang	会员	5	description	text	text	YES		N	N					描述	htdocs/install/mysql/tables/llx_adherent_type_lang.sql	27
llx_adherent_type_lang	会员	6	email	text	text	YES		N	N					电子邮箱	htdocs/install/mysql/tables/llx_adherent_type_lang.sql	28
llx_adherent_type_lang	会员	7	import_key	varchar(14)	varchar	YES	NULL	N	N					导入批次/外部导入键	htdocs/install/mysql/tables/llx_adherent_type_lang.sql	29
llx_ai_request_log	AI	1	rowid	integer	integer	NO		Y	Y	PRIMARY	PRIMARY			主键行标识；通常为自增整数	htdocs/install/mysql/tables/llx_ai_request_log-ai.sql	23
llx_ai_request_log	AI	2	entity	integer	integer	NO	1	N	N	idx_ai_request_log_entity				多实体/多公司隔离标识	htdocs/install/mysql/tables/llx_ai_request_log-ai.sql	24
llx_ai_request_log	AI	3	date_request	datetime	datetime	YES		N	N	idx_ai_request_log_date				日期/时间字段（基于字段名推断）	htdocs/install/mysql/tables/llx_ai_request_log-ai.sql	25
llx_ai_request_log	AI	4	fk_user	integer	integer	NO		N	N	idx_ai_request_log_user			ID of user	外部关联 ID（具体目标以外键或业务代码为准）；源码注释：ID of user	htdocs/install/mysql/tables/llx_ai_request_log-ai.sql	26
llx_ai_request_log	AI	5	fk_actioncomm	integer	integer	YES		N	N	idx_ai_request_log_fk_actioncomm			Optional linked agenda event	外部关联 ID（具体目标以外键或业务代码为准）；源码注释：Optional linked agenda event	htdocs/install/mysql/tables/llx_ai_request_log-ai.sql	27
llx_ai_request_log	AI	6	query_text	text	text	YES		N	N				User prompt	字段 query_text；源码注释：User prompt	htdocs/install/mysql/tables/llx_ai_request_log-ai.sql	28
llx_ai_request_log	AI	7	tool_name	varchar(255)	varchar	YES		N	N				Tool used	名称/标题字段；源码注释：Tool used	htdocs/install/mysql/tables/llx_ai_request_log-ai.sql	29
llx_ai_request_log	AI	8	provider	varchar(50)	varchar	YES		N	N				LLM provider	字段 provider；源码注释：LLM provider	htdocs/install/mysql/tables/llx_ai_request_log-ai.sql	30
llx_ai_request_log	AI	9	execution_time	float	float	YES		N	N				Execution time	日期/时间字段；源码注释：Execution time	htdocs/install/mysql/tables/llx_ai_request_log-ai.sql	31
llx_ai_request_log	AI	10	confidence	float	float	YES		N	N				LLM confidence	字段 confidence；源码注释：LLM confidence	htdocs/install/mysql/tables/llx_ai_request_log-ai.sql	32
llx_ai_request_log	AI	11	status	varchar(50)	varchar	YES		N	N	idx_ai_request_log_status			Response status	状态标识；源码注释：Response status	htdocs/install/mysql/tables/llx_ai_request_log-ai.sql	33
llx_ai_request_log	AI	12	error_msg	text	text	YES		N	N				Error message	字段 error_msg；源码注释：Error message	htdocs/install/mysql/tables/llx_ai_request_log-ai.sql	34
llx_ai_request_log	AI	13	input_hash	varchar(80)	varchar	YES		N	N	idx_ai_request_log_input_hash			Hash of input payload or source content	字段 input_hash；源码注释：Hash of input payload or source content	htdocs/install/mysql/tables/llx_ai_request_log-ai.sql	35
llx_ai_request_log	AI	14	output_hash	varchar(80)	varchar	YES		N	N				Hash of response payload	字段 output_hash；源码注释：Hash of response payload	htdocs/install/mysql/tables/llx_ai_request_log-ai.sql	36
llx_ai_request_log	AI	15	security_hash	varchar(80)	varchar	YES		N	N	idx_ai_request_log_security_hash			Hash linking entity/event/input/output metadata	字段 security_hash；源码注释：Hash linking entity/event/input/output metadata	htdocs/install/mysql/tables/llx_ai_request_log-ai.sql	37
llx_ai_request_log	AI	16	raw_request_payload	MEDIUMTEXT	mediumtext	YES		N	N				Request payload	字段 raw_request_payload；源码注释：Request payload	htdocs/install/mysql/tables/llx_ai_request_log-ai.sql	38
llx_ai_request_log	AI	17	raw_response_payload	MEDIUMTEXT	mediumtext	YES		N	N				Response payload	字段 raw_response_payload；源码注释：Response payload	htdocs/install/mysql/tables/llx_ai_request_log-ai.sql	39
llx_asset	资产	1	rowid	integer	integer	NO		Y	Y	PRIMARY	PRIMARY			主键行标识；通常为自增整数	htdocs/install/mysql/tables/llx_asset-asset.sql	26
llx_asset	资产	2	ref	varchar(128)	varchar	NO		N	N					业务参考号/单号	htdocs/install/mysql/tables/llx_asset-asset.sql	27
llx_asset	资产	3	entity	integer	integer	NO	1	N	N					多实体/多公司隔离标识	htdocs/install/mysql/tables/llx_asset-asset.sql	28
llx_asset	资产	4	label	varchar(255)	varchar	YES		N	N					名称或标签	htdocs/install/mysql/tables/llx_asset-asset.sql	29
llx_asset	资产	5	fk_asset_model	integer	integer	YES		N	N	idx_asset_fk_asset_model		llx_asset_model.rowid		外部关联 ID（具体目标以外键或业务代码为准）（基于字段名推断）	htdocs/install/mysql/tables/llx_asset-asset.sql	31
llx_asset	资产	6	reversal_amount_ht	double(24,8)	double	YES		N	N					金额、价格或税费字段（基于字段名推断）	htdocs/install/mysql/tables/llx_asset-asset.sql	33
llx_asset	资产	7	acquisition_value_ht	double(24,8)	double	YES	NULL	N	N					字段 acquisition_value_ht（基于字段名推断）	htdocs/install/mysql/tables/llx_asset-asset.sql	34
llx_asset	资产	8	recovered_vat	double(24,8)	double	YES		N	N					日期/时间字段（基于字段名推断）	htdocs/install/mysql/tables/llx_asset-asset.sql	35
llx_asset	资产	9	reversal_date	date	date	YES		N	N					日期/时间字段（基于字段名推断）	htdocs/install/mysql/tables/llx_asset-asset.sql	37
llx_asset	资产	10	date_acquisition	date	date	NO		N	N					日期/时间字段（基于字段名推断）	htdocs/install/mysql/tables/llx_asset-asset.sql	39
llx_asset	资产	11	date_start	date	date	NO		N	N					日期/时间字段（基于字段名推断）	htdocs/install/mysql/tables/llx_asset-asset.sql	40
llx_asset	资产	12	qty	real	real	NO	1	N	N					数量	htdocs/install/mysql/tables/llx_asset-asset.sql	42
llx_asset	资产	13	acquisition_type	smallint	smallint	NO	0	N	N					字段 acquisition_type（基于字段名推断）	htdocs/install/mysql/tables/llx_asset-asset.sql	44
llx_asset	资产	14	asset_type	smallint	smallint	NO	0	N	N					字段 asset_type（基于字段名推断）	htdocs/install/mysql/tables/llx_asset-asset.sql	45
llx_asset	资产	15	not_depreciated	boolean	boolean	YES	false	N	N					字段 not_depreciated（基于字段名推断）	htdocs/install/mysql/tables/llx_asset-asset.sql	47
llx_asset	资产	16	disposal_date	date	date	YES		N	N					日期/时间字段（基于字段名推断）	htdocs/install/mysql/tables/llx_asset-asset.sql	49
llx_asset	资产	17	disposal_amount_ht	double(24,8)	double	YES		N	N					金额、价格或税费字段（基于字段名推断）	htdocs/install/mysql/tables/llx_asset-asset.sql	50
llx_asset	资产	18	fk_disposal_type	integer	integer	YES		N	N	idx_asset_fk_disposal_type		llx_c_asset_disposal_type.rowid		外部关联 ID（具体目标以外键或业务代码为准）（基于字段名推断）	htdocs/install/mysql/tables/llx_asset-asset.sql	51
llx_asset	资产	19	disposal_depreciated	boolean	boolean	YES	false	N	N					字段 disposal_depreciated（基于字段名推断）	htdocs/install/mysql/tables/llx_asset-asset.sql	52
llx_asset	资产	20	disposal_subject_to_vat	boolean	boolean	YES	false	N	N					日期/时间字段（基于字段名推断）	htdocs/install/mysql/tables/llx_asset-asset.sql	53
llx_asset	资产	21	note_public	text	text	YES		N	N					公开备注	htdocs/install/mysql/tables/llx_asset-asset.sql	55
llx_asset	资产	22	note_private	text	text	YES		N	N					内部备注	htdocs/install/mysql/tables/llx_asset-asset.sql	56
llx_asset	资产	23	date_creation	datetime	datetime	NO		N	N					日期/时间字段（基于字段名推断）	htdocs/install/mysql/tables/llx_asset-asset.sql	58
llx_asset	资产	24	tms	timestamp	timestamp	YES	CURRENT_TIMESTAMP	N	N					最后修改时间戳	htdocs/install/mysql/tables/llx_asset-asset.sql	59
llx_asset	资产	25	date_valid	datetime	datetime	YES		N	N					审核/生效日期	htdocs/install/mysql/tables/llx_asset-asset.sql	60
llx_asset	资产	26	fk_user_creat	integer	integer	NO		N	N			llx_user.rowid		创建人用户 ID	htdocs/install/mysql/tables/llx_asset-asset.sql	61
llx_asset	资产	27	fk_user_modif	integer	integer	YES		N	N			llx_user.rowid		最后修改人用户 ID	htdocs/install/mysql/tables/llx_asset-asset.sql	62
llx_asset	资产	28	fk_user_valid	integer	integer	YES		N	N					审核/验证人用户 ID	htdocs/install/mysql/tables/llx_asset-asset.sql	63
llx_asset	资产	29	last_main_doc	varchar(255)	varchar	YES		N	N					字段 last_main_doc（基于字段名推断）	htdocs/install/mysql/tables/llx_asset-asset.sql	64
llx_asset	资产	30	import_key	varchar(14)	varchar	YES		N	N					导入批次/外部导入键	htdocs/install/mysql/tables/llx_asset-asset.sql	65
llx_asset	资产	31	model_pdf	varchar(255)	varchar	YES		N	N					字段 model_pdf（基于字段名推断）	htdocs/install/mysql/tables/llx_asset-asset.sql	66
llx_asset	资产	32	status	integer	integer	NO		N	N					状态标识	htdocs/install/mysql/tables/llx_asset-asset.sql	67
llx_asset_accountancy_codes_economic	资产	1	rowid	integer	integer	NO		Y	Y	PRIMARY, idx_asset_ace_rowid	PRIMARY			主键行标识；通常为自增整数	htdocs/install/mysql/tables/llx_asset_accountancy_codes_economic-asset.sql	26
llx_asset_accountancy_codes_economic	资产	2	fk_asset	integer	integer	YES		N	N			llx_asset.rowid		外部关联 ID（具体目标以外键或业务代码为准）（基于字段名推断）	htdocs/install/mysql/tables/llx_asset_accountancy_codes_economic-asset.sql	27
llx_asset_accountancy_codes_economic	资产	3	fk_asset_model	integer	integer	YES		N	N			llx_asset_model.rowid		外部关联 ID（具体目标以外键或业务代码为准）（基于字段名推断）	htdocs/install/mysql/tables/llx_asset_accountancy_codes_economic-asset.sql	28
llx_asset_accountancy_codes_economic	资产	4	asset	varchar(32)	varchar	YES		N	N					字段 asset（基于字段名推断）	htdocs/install/mysql/tables/llx_asset_accountancy_codes_economic-asset.sql	30
llx_asset_accountancy_codes_economic	资产	5	depreciation_asset	varchar(32)	varchar	YES		N	N					字段 depreciation_asset（基于字段名推断）	htdocs/install/mysql/tables/llx_asset_accountancy_codes_economic-asset.sql	31
llx_asset_accountancy_codes_economic	资产	6	depreciation_expense	varchar(32)	varchar	YES		N	N					字段 depreciation_expense（基于字段名推断）	htdocs/install/mysql/tables/llx_asset_accountancy_codes_economic-asset.sql	32
llx_asset_accountancy_codes_economic	资产	7	value_asset_sold	varchar(32)	varchar	YES		N	N					字段 value_asset_sold（基于字段名推断）	htdocs/install/mysql/tables/llx_asset_accountancy_codes_economic-asset.sql	33
llx_asset_accountancy_codes_economic	资产	8	receivable_on_assignment	varchar(32)	varchar	YES		N	N					字段 receivable_on_assignment（基于字段名推断）	htdocs/install/mysql/tables/llx_asset_accountancy_codes_economic-asset.sql	34
llx_asset_accountancy_codes_economic	资产	9	proceeds_from_sales	varchar(32)	varchar	YES		N	N					字段 proceeds_from_sales（基于字段名推断）	htdocs/install/mysql/tables/llx_asset_accountancy_codes_economic-asset.sql	35
llx_asset_accountancy_codes_economic	资产	10	vat_collected	varchar(32)	varchar	YES		N	N					字段 vat_collected（基于字段名推断）	htdocs/install/mysql/tables/llx_asset_accountancy_codes_economic-asset.sql	36
llx_asset_accountancy_codes_economic	资产	11	vat_deductible	varchar(32)	varchar	YES		N	N					字段 vat_deductible（基于字段名推断）	htdocs/install/mysql/tables/llx_asset_accountancy_codes_economic-asset.sql	37
llx_asset_accountancy_codes_economic	资产	12	tms	timestamp	timestamp	YES	CURRENT_TIMESTAMP	N	N					最后修改时间戳	htdocs/install/mysql/tables/llx_asset_accountancy_codes_economic-asset.sql	38
llx_asset_accountancy_codes_economic	资产	13	fk_user_modif	integer	integer	YES		N	N			llx_user.rowid		最后修改人用户 ID	htdocs/install/mysql/tables/llx_asset_accountancy_codes_economic-asset.sql	39
llx_asset_accountancy_codes_fiscal	资产	1	rowid	integer	integer	NO		Y	Y	PRIMARY, idx_asset_acf_rowid	PRIMARY			主键行标识；通常为自增整数	htdocs/install/mysql/tables/llx_asset_accountancy_codes_fiscal-asset.sql	25
llx_asset_accountancy_codes_fiscal	资产	2	fk_asset	integer	integer	YES		N	N			llx_asset.rowid		外部关联 ID（具体目标以外键或业务代码为准）（基于字段名推断）	htdocs/install/mysql/tables/llx_asset_accountancy_codes_fiscal-asset.sql	26
llx_asset_accountancy_codes_fiscal	资产	3	fk_asset_model	integer	integer	YES		N	N			llx_asset_model.rowid		外部关联 ID（具体目标以外键或业务代码为准）（基于字段名推断）	htdocs/install/mysql/tables/llx_asset_accountancy_codes_fiscal-asset.sql	27
llx_asset_accountancy_codes_fiscal	资产	4	accelerated_depreciation	varchar(32)	varchar	YES		N	N					比例/百分比字段（基于字段名推断）	htdocs/install/mysql/tables/llx_asset_accountancy_codes_fiscal-asset.sql	29
llx_asset_accountancy_codes_fiscal	资产	5	endowment_accelerated_depreciation	varchar(32)	varchar	YES		N	N					比例/百分比字段（基于字段名推断）	htdocs/install/mysql/tables/llx_asset_accountancy_codes_fiscal-asset.sql	30
llx_asset_accountancy_codes_fiscal	资产	6	provision_accelerated_depreciation	varchar(32)	varchar	YES		N	N					比例/百分比字段（基于字段名推断）	htdocs/install/mysql/tables/llx_asset_accountancy_codes_fiscal-asset.sql	31
llx_asset_accountancy_codes_fiscal	资产	7	tms	timestamp	timestamp	YES	CURRENT_TIMESTAMP	N	N					最后修改时间戳	htdocs/install/mysql/tables/llx_asset_accountancy_codes_fiscal-asset.sql	33
llx_asset_accountancy_codes_fiscal	资产	8	fk_user_modif	integer	integer	YES		N	N			llx_user.rowid		最后修改人用户 ID	htdocs/install/mysql/tables/llx_asset_accountancy_codes_fiscal-asset.sql	34
llx_asset_depreciation	资产	1	rowid	integer	integer	NO		Y	Y	PRIMARY, idx_asset_depreciation_rowid	PRIMARY			主键行标识；通常为自增整数	htdocs/install/mysql/tables/llx_asset_depreciation-asset.sql	85
llx_asset_depreciation	资产	2	fk_asset	integer	integer	NO		N	N	idx_asset_depreciation_fk_asset		llx_asset.rowid		外部关联 ID（具体目标以外键或业务代码为准）（基于字段名推断）	htdocs/install/mysql/tables/llx_asset_depreciation-asset.sql	87
llx_asset_depreciation	资产	3	depreciation_mode	varchar(255)	varchar	NO		N	N	idx_asset_depreciation_depreciation_mode			(economic, fiscal or other)	字段 depreciation_mode；源码注释：(economic, fiscal or other)	htdocs/install/mysql/tables/llx_asset_depreciation-asset.sql	88
llx_asset_depreciation	资产	4	ref	varchar(255)	varchar	NO		N	N	idx_asset_depreciation_ref				业务参考号/单号	htdocs/install/mysql/tables/llx_asset_depreciation-asset.sql	90
llx_asset_depreciation	资产	5	depreciation_date	datetime	datetime	NO		N	N					日期/时间字段（基于字段名推断）	htdocs/install/mysql/tables/llx_asset_depreciation-asset.sql	91
llx_asset_depreciation	资产	6	depreciation_ht	double(24,8)	double	NO		N	N					字段 depreciation_ht（基于字段名推断）	htdocs/install/mysql/tables/llx_asset_depreciation-asset.sql	92
llx_asset_depreciation	资产	7	cumulative_depreciation_ht	double(24,8)	double	NO		N	N					字段 cumulative_depreciation_ht（基于字段名推断）	htdocs/install/mysql/tables/llx_asset_depreciation-asset.sql	93
llx_asset_depreciation	资产	8	accountancy_code_debit	varchar(32)	varchar	YES		N	N					代码/参考号字段（基于字段名推断）	htdocs/install/mysql/tables/llx_asset_depreciation-asset.sql	95
llx_asset_depreciation	资产	9	accountancy_code_credit	varchar(32)	varchar	YES		N	N					代码/参考号字段（基于字段名推断）	htdocs/install/mysql/tables/llx_asset_depreciation-asset.sql	96
llx_asset_depreciation	资产	10	tms	timestamp	timestamp	YES	CURRENT_TIMESTAMP	N	N					最后修改时间戳	htdocs/install/mysql/tables/llx_asset_depreciation-asset.sql	98
llx_asset_depreciation	资产	11	fk_user_modif	integer	integer	YES		N	N			llx_user.rowid		最后修改人用户 ID	htdocs/install/mysql/tables/llx_asset_depreciation-asset.sql	99
llx_asset_depreciation_options_economic	资产	1	rowid	integer	integer	NO		Y	Y	PRIMARY, idx_asset_doe_rowid	PRIMARY			主键行标识；通常为自增整数	htdocs/install/mysql/tables/llx_asset_depreciation_options_economic-asset.sql	25
llx_asset_depreciation_options_economic	资产	2	fk_asset	integer	integer	YES		N	N			llx_asset.rowid		外部关联 ID（具体目标以外键或业务代码为准）（基于字段名推断）	htdocs/install/mysql/tables/llx_asset_depreciation_options_economic-asset.sql	26
llx_asset_depreciation_options_economic	资产	3	fk_asset_model	integer	integer	YES		N	N			llx_asset_model.rowid		外部关联 ID（具体目标以外键或业务代码为准）（基于字段名推断）	htdocs/install/mysql/tables/llx_asset_depreciation_options_economic-asset.sql	27
llx_asset_depreciation_options_economic	资产	4	depreciation_type	smallint	smallint	NO	0	N	N				0:linear, 1:degressive, 2:exceptional	字段 depreciation_type；源码注释：0:linear, 1:degressive, 2:exceptional	htdocs/install/mysql/tables/llx_asset_depreciation_options_economic-asset.sql	29
llx_asset_depreciation_options_economic	资产	5	accelerated_depreciation_option	boolean	boolean	YES	false	N	N				activate accelerated depreciation mode (fiscal)	比例/百分比字段；源码注释：activate accelerated depreciation mode (fiscal)	htdocs/install/mysql/tables/llx_asset_depreciation_options_economic-asset.sql	30
llx_asset_depreciation_options_economic	资产	6	degressive_coefficient	double(24,8)	double	YES		N	N					字段 degressive_coefficient（基于字段名推断）	htdocs/install/mysql/tables/llx_asset_depreciation_options_economic-asset.sql	31
llx_asset_depreciation_options_economic	资产	7	duration	smallint	smallint	NO		N	N					比例/百分比字段（基于字段名推断）	htdocs/install/mysql/tables/llx_asset_depreciation_options_economic-asset.sql	32
llx_asset_depreciation_options_economic	资产	8	duration_type	smallint	smallint	NO	0	N	N				0:annual, 1:monthly, 2:daily	比例/百分比字段；源码注释：0:annual, 1:monthly, 2:daily	htdocs/install/mysql/tables/llx_asset_depreciation_options_economic-asset.sql	33
llx_asset_depreciation_options_economic	资产	9	amount_base_depreciation_ht	double(24,8)	double	YES		N	N					金额、价格或税费字段（基于字段名推断）	htdocs/install/mysql/tables/llx_asset_depreciation_options_economic-asset.sql	35
llx_asset_depreciation_options_economic	资产	10	amount_base_deductible_ht	double(24,8)	double	YES		N	N					金额、价格或税费字段（基于字段名推断）	htdocs/install/mysql/tables/llx_asset_depreciation_options_economic-asset.sql	36
llx_asset_depreciation_options_economic	资产	11	total_amount_last_depreciation_ht	double(24,8)	double	YES		N	N					金额、价格或税费字段（基于字段名推断）	htdocs/install/mysql/tables/llx_asset_depreciation_options_economic-asset.sql	37
llx_asset_depreciation_options_economic	资产	12	tms	timestamp	timestamp	YES	CURRENT_TIMESTAMP	N	N					最后修改时间戳	htdocs/install/mysql/tables/llx_asset_depreciation_options_economic-asset.sql	39
llx_asset_depreciation_options_economic	资产	13	fk_user_modif	integer	integer	YES		N	N			llx_user.rowid		最后修改人用户 ID	htdocs/install/mysql/tables/llx_asset_depreciation_options_economic-asset.sql	40
llx_asset_depreciation_options_fiscal	资产	1	rowid	integer	integer	NO		Y	Y	PRIMARY, idx_asset_dof_rowid	PRIMARY			主键行标识；通常为自增整数	htdocs/install/mysql/tables/llx_asset_depreciation_options_fiscal-asset.sql	25
llx_asset_depreciation_options_fiscal	资产	2	fk_asset	integer	integer	YES		N	N			llx_asset.rowid		外部关联 ID（具体目标以外键或业务代码为准）（基于字段名推断）	htdocs/install/mysql/tables/llx_asset_depreciation_options_fiscal-asset.sql	26
llx_asset_depreciation_options_fiscal	资产	3	fk_asset_model	integer	integer	YES		N	N			llx_asset_model.rowid		外部关联 ID（具体目标以外键或业务代码为准）（基于字段名推断）	htdocs/install/mysql/tables/llx_asset_depreciation_options_fiscal-asset.sql	27
llx_asset_depreciation_options_fiscal	资产	4	depreciation_type	smallint	smallint	NO	0	N	N				0:linear, 1:degressive, 2:exceptional	字段 depreciation_type；源码注释：0:linear, 1:degressive, 2:exceptional	htdocs/install/mysql/tables/llx_asset_depreciation_options_fiscal-asset.sql	29
llx_asset_depreciation_options_fiscal	资产	5	degressive_coefficient	double(24,8)	double	YES		N	N					字段 degressive_coefficient（基于字段名推断）	htdocs/install/mysql/tables/llx_asset_depreciation_options_fiscal-asset.sql	30
llx_asset_depreciation_options_fiscal	资产	6	duration	smallint	smallint	NO		N	N					比例/百分比字段（基于字段名推断）	htdocs/install/mysql/tables/llx_asset_depreciation_options_fiscal-asset.sql	31
llx_asset_depreciation_options_fiscal	资产	7	duration_type	smallint	smallint	NO	0	N	N				0:annual, 1:monthly, 2:daily	比例/百分比字段；源码注释：0:annual, 1:monthly, 2:daily	htdocs/install/mysql/tables/llx_asset_depreciation_options_fiscal-asset.sql	32
llx_asset_depreciation_options_fiscal	资产	8	amount_base_depreciation_ht	double(24,8)	double	YES		N	N					金额、价格或税费字段（基于字段名推断）	htdocs/install/mysql/tables/llx_asset_depreciation_options_fiscal-asset.sql	34
llx_asset_depreciation_options_fiscal	资产	9	amount_base_deductible_ht	double(24,8)	double	YES		N	N					金额、价格或税费字段（基于字段名推断）	htdocs/install/mysql/tables/llx_asset_depreciation_options_fiscal-asset.sql	35
llx_asset_depreciation_options_fiscal	资产	10	total_amount_last_depreciation_ht	double(24,8)	double	YES		N	N					金额、价格或税费字段（基于字段名推断）	htdocs/install/mysql/tables/llx_asset_depreciation_options_fiscal-asset.sql	36
llx_asset_depreciation_options_fiscal	资产	11	tms	timestamp	timestamp	YES	CURRENT_TIMESTAMP	N	N					最后修改时间戳	htdocs/install/mysql/tables/llx_asset_depreciation_options_fiscal-asset.sql	38
llx_asset_depreciation_options_fiscal	资产	12	fk_user_modif	integer	integer	YES		N	N			llx_user.rowid		最后修改人用户 ID	htdocs/install/mysql/tables/llx_asset_depreciation_options_fiscal-asset.sql	39
llx_asset_extrafields	资产	1	rowid	integer	integer	NO		Y	Y	PRIMARY	PRIMARY			主键行标识；通常为自增整数	htdocs/install/mysql/tables/llx_asset_extrafields-asset.sql	23
llx_asset_extrafields	资产	2	tms	timestamp	timestamp	YES	CURRENT_TIMESTAMP	N	N					最后修改时间戳	htdocs/install/mysql/tables/llx_asset_extrafields-asset.sql	24
llx_asset_extrafields	资产	3	fk_object	integer	integer	NO		N	N	idx_asset_extrafields				外部关联 ID（具体目标以外键或业务代码为准）（基于字段名推断）	htdocs/install/mysql/tables/llx_asset_extrafields-asset.sql	25
llx_asset_extrafields	资产	4	import_key	varchar(14)	varchar	YES		N	N				import key	导入批次/外部导入键；源码注释：import key	htdocs/install/mysql/tables/llx_asset_extrafields-asset.sql	26
llx_asset_model	资产	1	rowid	integer	integer	NO		Y	Y	PRIMARY, idx_asset_model_rowid	PRIMARY			主键行标识；通常为自增整数	htdocs/install/mysql/tables/llx_asset_model-asset.sql	25
llx_asset_model	资产	2	entity	integer	integer	NO	1	N	N	idx_asset_model_entity, uk_asset_model	uk_asset_model		multi company id	多实体/多公司隔离标识；源码注释：multi company id	htdocs/install/mysql/tables/llx_asset_model-asset.sql	26
llx_asset_model	资产	3	ref	varchar(128)	varchar	NO		N	N	idx_asset_model_ref, uk_asset_model	uk_asset_model			业务参考号/单号	htdocs/install/mysql/tables/llx_asset_model-asset.sql	27
llx_asset_model	资产	4	ref_ext	varchar(255)	varchar	YES		N	N					代码/参考号字段（基于字段名推断）	htdocs/install/mysql/tables/llx_asset_model-asset.sql	28
llx_asset_model	资产	5	label	varchar(255)	varchar	NO		N	N					名称或标签	htdocs/install/mysql/tables/llx_asset_model-asset.sql	29
llx_asset_model	资产	6	asset_type	smallint	smallint	NO		N	N					字段 asset_type（基于字段名推断）	htdocs/install/mysql/tables/llx_asset_model-asset.sql	30
llx_asset_model	资产	7	fk_pays	integer	integer	YES	0	N	N	idx_asset_model_pays				外部关联 ID（具体目标以外键或业务代码为准）（基于字段名推断）	htdocs/install/mysql/tables/llx_asset_model-asset.sql	31
llx_asset_model	资产	8	note_public	text	text	YES		N	N					公开备注	htdocs/install/mysql/tables/llx_asset_model-asset.sql	32
llx_asset_model	资产	9	note_private	text	text	YES		N	N					内部备注	htdocs/install/mysql/tables/llx_asset_model-asset.sql	33
llx_asset_model	资产	10	date_creation	datetime	datetime	NO		N	N					日期/时间字段（基于字段名推断）	htdocs/install/mysql/tables/llx_asset_model-asset.sql	34
llx_asset_model	资产	11	tms	timestamp	timestamp	YES	CURRENT_TIMESTAMP	N	N					最后修改时间戳	htdocs/install/mysql/tables/llx_asset_model-asset.sql	35
llx_asset_model	资产	12	fk_user_creat	integer	integer	NO		N	N					创建人用户 ID	htdocs/install/mysql/tables/llx_asset_model-asset.sql	36
llx_asset_model	资产	13	fk_user_modif	integer	integer	YES		N	N					最后修改人用户 ID	htdocs/install/mysql/tables/llx_asset_model-asset.sql	37
llx_asset_model	资产	14	import_key	varchar(14)	varchar	YES		N	N					导入批次/外部导入键	htdocs/install/mysql/tables/llx_asset_model-asset.sql	38
llx_asset_model	资产	15	status	smallint	smallint	NO		N	N					状态标识	htdocs/install/mysql/tables/llx_asset_model-asset.sql	39
llx_asset_model_extrafields	资产	1	rowid	integer	integer	NO		Y	Y	PRIMARY	PRIMARY			主键行标识；通常为自增整数	htdocs/install/mysql/tables/llx_asset_model_extrafields-asset.sql	23
llx_asset_model_extrafields	资产	2	tms	timestamp	timestamp	YES	CURRENT_TIMESTAMP	N	N					最后修改时间戳	htdocs/install/mysql/tables/llx_asset_model_extrafields-asset.sql	24
llx_asset_model_extrafields	资产	3	fk_object	integer	integer	NO		N	N	idx_asset_model_extrafields				外部关联 ID（具体目标以外键或业务代码为准）（基于字段名推断）	htdocs/install/mysql/tables/llx_asset_model_extrafields-asset.sql	25
llx_asset_model_extrafields	资产	4	import_key	varchar(14)	varchar	YES		N	N				import key	导入批次/外部导入键；源码注释：import key	htdocs/install/mysql/tables/llx_asset_model_extrafields-asset.sql	26
llx_bank	银行与现金	1	rowid	integer	integer	NO		Y	Y	PRIMARY	PRIMARY			主键行标识；通常为自增整数	htdocs/install/mysql/tables/llx_bank.sql	22
llx_bank	银行与现金	2	datec	datetime	datetime	YES		N	N					创建日期/时间	htdocs/install/mysql/tables/llx_bank.sql	23
llx_bank	银行与现金	3	tms	timestamp	timestamp	YES	CURRENT_TIMESTAMP	N	N					最后修改时间戳	htdocs/install/mysql/tables/llx_bank.sql	24
llx_bank	银行与现金	4	datev	date	date	YES		N	N	idx_bank_datev			date de valeur	日期/时间字段；源码注释：date de valeur	htdocs/install/mysql/tables/llx_bank.sql	25
llx_bank	银行与现金	5	dateo	date	date	YES		N	N	idx_bank_dateo			date operation	日期/时间字段；源码注释：date operation	htdocs/install/mysql/tables/llx_bank.sql	26
llx_bank	银行与现金	6	amount	double(24,8)	double	NO	0	N	N				amount in the currency of the bank account	金额；源码注释：amount in the currency of the bank account	htdocs/install/mysql/tables/llx_bank.sql	27
llx_bank	银行与现金	7	amount_main_currency	double(24,8)	double	YES		N	N				amount in the main currency of the company when payment done in a bank account with a different currency	金额、价格或税费字段；源码注释：amount in the main currency of the company when payment done in a bank account with a different currency	htdocs/install/mysql/tables/llx_bank.sql	28
llx_bank	银行与现金	8	label	varchar(255)	varchar	YES		N	N					名称或标签	htdocs/install/mysql/tables/llx_bank.sql	29
llx_bank	银行与现金	9	fk_account	integer	integer	YES		N	N	idx_bank_fk_account			ID of bank account	关联银行账户 ID；源码注释：ID of bank account	htdocs/install/mysql/tables/llx_bank.sql	30
llx_bank	银行与现金	10	fk_user_author	integer	integer	YES		N	N					创建人/制单人用户 ID	htdocs/install/mysql/tables/llx_bank.sql	31
llx_bank	银行与现金	11	fk_user_rappro	integer	integer	YES		N	N					外部关联 ID（具体目标以外键或业务代码为准）（基于字段名推断）	htdocs/install/mysql/tables/llx_bank.sql	32
llx_bank	银行与现金	12	fk_type	varchar(6)	varchar	YES		N	N				TIP,VIR,PRE,CB,CHQ,... (Code in llx_c_paiement)	外部关联 ID（具体目标以外键或业务代码为准）；源码注释：TIP,VIR,PRE,CB,CHQ,... (Code in llx_c_paiement)	htdocs/install/mysql/tables/llx_bank.sql	33
llx_bank	银行与现金	13	num_releve	varchar(50)	varchar	YES		N	N	idx_bank_num_releve				字段 num_releve（基于字段名推断）	htdocs/install/mysql/tables/llx_bank.sql	34
llx_bank	银行与现金	14	num_chq	varchar(50)	varchar	YES		N	N					字段 num_chq（基于字段名推断）	htdocs/install/mysql/tables/llx_bank.sql	35
llx_bank	银行与现金	15	numero_compte	varchar(32)	varchar	YES		N	N				FEC:CompteNum | account number	字段 numero_compte；源码注释：FEC:CompteNum | account number	htdocs/install/mysql/tables/llx_bank.sql	36
llx_bank	银行与现金	16	rappro	tinyint	tinyint	YES	0	N	N	idx_bank_rappro				字段 rappro（基于字段名推断）	htdocs/install/mysql/tables/llx_bank.sql	37
llx_bank	银行与现金	17	note	text	text	YES		N	N					备注/说明字段（基于字段名推断）	htdocs/install/mysql/tables/llx_bank.sql	38
llx_bank	银行与现金	18	fk_bordereau	integer	integer	YES	0	N	N					外部关联 ID（具体目标以外键或业务代码为准）（基于字段名推断）	htdocs/install/mysql/tables/llx_bank.sql	39
llx_bank	银行与现金	19	position	integer	integer	YES	0	N	N					字段 position（基于字段名推断）	htdocs/install/mysql/tables/llx_bank.sql	40
llx_bank	银行与现金	20	banque	varchar(255)	varchar	YES		N	N				banque pour les cheques	字段 banque；源码注释：banque pour les cheques	htdocs/install/mysql/tables/llx_bank.sql	41
llx_bank	银行与现金	21	emetteur	varchar(255)	varchar	YES		N	N				emetteur du cheque	字段 emetteur；源码注释：emetteur du cheque	htdocs/install/mysql/tables/llx_bank.sql	42
llx_bank	银行与现金	22	author	varchar(40)	varchar	YES		N	N				a supprimer apres migration	字段 author；源码注释：a supprimer apres migration	htdocs/install/mysql/tables/llx_bank.sql	43
llx_bank	银行与现金	23	origin_id	integer	integer	YES		N	N					字段 origin_id（基于字段名推断）	htdocs/install/mysql/tables/llx_bank.sql	44
llx_bank	银行与现金	24	origin_type	varchar(64)	varchar	YES		N	N					字段 origin_type（基于字段名推断）	htdocs/install/mysql/tables/llx_bank.sql	45
llx_bank	银行与现金	25	import_key	varchar(14)	varchar	YES		N	N					导入批次/外部导入键	htdocs/install/mysql/tables/llx_bank.sql	46
llx_bank_account	银行与现金	1	rowid	integer	integer	NO		Y	Y	PRIMARY	PRIMARY			主键行标识；通常为自增整数	htdocs/install/mysql/tables/llx_bank_account.sql	27
llx_bank_account	银行与现金	2	datec	datetime	datetime	YES		N	N					创建日期/时间	htdocs/install/mysql/tables/llx_bank_account.sql	28
llx_bank_account	银行与现金	3	tms	timestamp	timestamp	YES	CURRENT_TIMESTAMP	N	N					最后修改时间戳	htdocs/install/mysql/tables/llx_bank_account.sql	29
llx_bank_account	银行与现金	4	ref	varchar(12)	varchar	NO		N	N					业务参考号/单号	htdocs/install/mysql/tables/llx_bank_account.sql	30
llx_bank_account	银行与现金	5	label	varchar(50)	varchar	NO		N	N					名称或标签	htdocs/install/mysql/tables/llx_bank_account.sql	31
llx_bank_account	银行与现金	6	entity	integer	integer	NO	1	N	N				multi company id	多实体/多公司隔离标识；源码注释：multi company id	htdocs/install/mysql/tables/llx_bank_account.sql	32
llx_bank_account	银行与现金	7	fk_user_author	integer	integer	YES		N	N					创建人/制单人用户 ID	htdocs/install/mysql/tables/llx_bank_account.sql	33
llx_bank_account	银行与现金	8	fk_user_modif	integer	integer	YES		N	N					最后修改人用户 ID	htdocs/install/mysql/tables/llx_bank_account.sql	34
llx_bank_account	银行与现金	9	bank	varchar(60)	varchar	YES		N	N					字段 bank（基于字段名推断）	htdocs/install/mysql/tables/llx_bank_account.sql	35
llx_bank_account	银行与现金	10	code_banque	varchar(128)	varchar	YES		N	N					代码/参考号字段（基于字段名推断）	htdocs/install/mysql/tables/llx_bank_account.sql	36
llx_bank_account	银行与现金	11	code_guichet	varchar(6)	varchar	YES		N	N					代码/参考号字段（基于字段名推断）	htdocs/install/mysql/tables/llx_bank_account.sql	37
llx_bank_account	银行与现金	12	number	varchar(255)	varchar	YES		N	N					字段 number（基于字段名推断）	htdocs/install/mysql/tables/llx_bank_account.sql	38
llx_bank_account	银行与现金	13	cle_rib	varchar(5)	varchar	YES		N	N					字段 cle_rib（基于字段名推断）	htdocs/install/mysql/tables/llx_bank_account.sql	39
llx_bank_account	银行与现金	14	bic	varchar(11)	varchar	YES		N	N				11 according to ISO 9362	字段 bic；源码注释：11 according to ISO 9362	htdocs/install/mysql/tables/llx_bank_account.sql	40
llx_bank_account	银行与现金	15	bic_intermediate	varchar(11)	varchar	YES		N	N				11 according to ISO 9362. Same as bic but for intermediate bank	字段 bic_intermediate；源码注释：11 according to ISO 9362. Same as bic but for intermediate bank	htdocs/install/mysql/tables/llx_bank_account.sql	41
llx_bank_account	银行与现金	16	iban_prefix	varchar(100)	varchar	YES		N	N				full iban. 34 according to ISO 13616 but we set 100 to allow to store it with encryption information	字段 iban_prefix；源码注释：full iban. 34 according to ISO 13616 but we set 100 to allow to store it with encryption information	htdocs/install/mysql/tables/llx_bank_account.sql	42
llx_bank_account	银行与现金	17	country_iban	varchar(2)	varchar	YES		N	N				deprecated	字段 country_iban；源码注释：deprecated	htdocs/install/mysql/tables/llx_bank_account.sql	43
llx_bank_account	银行与现金	18	cle_iban	varchar(2)	varchar	YES		N	N					字段 cle_iban（基于字段名推断）	htdocs/install/mysql/tables/llx_bank_account.sql	44
llx_bank_account	银行与现金	19	domiciliation	varchar(255)	varchar	YES		N	N					字段 domiciliation（基于字段名推断）	htdocs/install/mysql/tables/llx_bank_account.sql	45
llx_bank_account	银行与现金	20	pti_in_ctti	smallint	smallint	YES	0	N	N					字段 pti_in_ctti（基于字段名推断）	htdocs/install/mysql/tables/llx_bank_account.sql	46
llx_bank_account	银行与现金	21	state_id	integer	integer	YES	NULL	N	N					字段 state_id（基于字段名推断）	htdocs/install/mysql/tables/llx_bank_account.sql	47
llx_bank_account	银行与现金	22	fk_pays	integer	integer	NO		N	N					外部关联 ID（具体目标以外键或业务代码为准）（基于字段名推断）	htdocs/install/mysql/tables/llx_bank_account.sql	48
llx_bank_account	银行与现金	23	proprio	varchar(60)	varchar	YES		N	N					字段 proprio（基于字段名推断）	htdocs/install/mysql/tables/llx_bank_account.sql	49
llx_bank_account	银行与现金	24	owner_address	varchar(255)	varchar	YES		N	N					字段 owner_address（基于字段名推断）	htdocs/install/mysql/tables/llx_bank_account.sql	50
llx_bank_account	银行与现金	25	owner_zip	varchar(25)	varchar	YES		N	N					字段 owner_zip（基于字段名推断）	htdocs/install/mysql/tables/llx_bank_account.sql	51
llx_bank_account	银行与现金	26	owner_town	varchar(50)	varchar	YES		N	N					字段 owner_town（基于字段名推断）	htdocs/install/mysql/tables/llx_bank_account.sql	52
llx_bank_account	银行与现金	27	owner_country_id	integer	integer	YES	NULL	N	N					字段 owner_country_id（基于字段名推断）	htdocs/install/mysql/tables/llx_bank_account.sql	53
llx_bank_account	银行与现金	28	courant	smallint	smallint	NO	0	N	N					字段 courant（基于字段名推断）	htdocs/install/mysql/tables/llx_bank_account.sql	54
llx_bank_account	银行与现金	29	clos	smallint	smallint	NO	0	N	N					字段 clos（基于字段名推断）	htdocs/install/mysql/tables/llx_bank_account.sql	55
llx_bank_account	银行与现金	30	rappro	smallint	smallint	YES	1	N	N					字段 rappro（基于字段名推断）	htdocs/install/mysql/tables/llx_bank_account.sql	56
llx_bank_account	银行与现金	31	url	varchar(128)	varchar	YES		N	N					字段 url（基于字段名推断）	htdocs/install/mysql/tables/llx_bank_account.sql	57
llx_bank_account	银行与现金	32	account_number	varchar(32)	varchar	YES		N	N				bank accountancy number	字段 account_number；源码注释：bank accountancy number	htdocs/install/mysql/tables/llx_bank_account.sql	58
llx_bank_account	银行与现金	33	fk_accountancy_journal	integer	integer	YES		N	N	idx_fk_accountancy_journal		llx_accounting_journal.rowid	bank accountancy journal	外部关联 ID（具体目标以外键或业务代码为准）；源码注释：bank accountancy journal	htdocs/install/mysql/tables/llx_bank_account.sql	59
llx_bank_account	银行与现金	34	currency_code	varchar(3)	varchar	NO		N	N					代码/参考号字段（基于字段名推断）	htdocs/install/mysql/tables/llx_bank_account.sql	60
llx_bank_account	银行与现金	35	min_allowed	integer	integer	YES	0	N	N					字段 min_allowed（基于字段名推断）	htdocs/install/mysql/tables/llx_bank_account.sql	61
llx_bank_account	银行与现金	36	min_desired	integer	integer	YES	0	N	N					字段 min_desired（基于字段名推断）	htdocs/install/mysql/tables/llx_bank_account.sql	62
llx_bank_account	银行与现金	37	comment	text	text	YES		N	N				TODO rename in note_private	备注/说明字段；源码注释：TODO rename in note_private	htdocs/install/mysql/tables/llx_bank_account.sql	63
llx_bank_account	银行与现金	38	note_public	text	text	YES		N	N					公开备注	htdocs/install/mysql/tables/llx_bank_account.sql	64
llx_bank_account	银行与现金	39	model_pdf	varchar(255)	varchar	YES		N	N					字段 model_pdf（基于字段名推断）	htdocs/install/mysql/tables/llx_bank_account.sql	65
llx_bank_account	银行与现金	40	import_key	varchar(14)	varchar	YES		N	N					导入批次/外部导入键	htdocs/install/mysql/tables/llx_bank_account.sql	66
llx_bank_account	银行与现金	41	extraparams	varchar(255)	varchar	YES		N	N				for other parameters with json format	扩展参数/结构化文本；源码注释：for other parameters with json format	htdocs/install/mysql/tables/llx_bank_account.sql	67
llx_bank_account	银行与现金	42	ics	varchar(32)	varchar	YES		N	N				Creditor Identifier CI	字段 ics；源码注释：Creditor Identifier CI	htdocs/install/mysql/tables/llx_bank_account.sql	68
llx_bank_account	银行与现金	43	ics_transfer	varchar(32)	varchar	YES		N	N				Creditor Identifier CI for transfer	字段 ics_transfer；源码注释：Creditor Identifier CI for transfer	htdocs/install/mysql/tables/llx_bank_account.sql	69
llx_bank_account_extrafields	银行与现金	1	rowid	integer	integer	NO		Y	Y	PRIMARY	PRIMARY			主键行标识；通常为自增整数	htdocs/install/mysql/tables/llx_bank_account_extrafields.sql	21
llx_bank_account_extrafields	银行与现金	2	tms	timestamp	timestamp	YES	CURRENT_TIMESTAMP	N	N					最后修改时间戳	htdocs/install/mysql/tables/llx_bank_account_extrafields.sql	22
llx_bank_account_extrafields	银行与现金	3	fk_object	integer	integer	NO		N	N	uk_bank_account_extrafields	uk_bank_account_extrafields			外部关联 ID（具体目标以外键或业务代码为准）（基于字段名推断）	htdocs/install/mysql/tables/llx_bank_account_extrafields.sql	23
llx_bank_account_extrafields	银行与现金	4	import_key	varchar(14)	varchar	YES		N	N				import key	导入批次/外部导入键；源码注释：import key	htdocs/install/mysql/tables/llx_bank_account_extrafields.sql	24
llx_bank_extrafields	银行与现金	1	rowid	integer	integer	NO		Y	Y	PRIMARY	PRIMARY			主键行标识；通常为自增整数	htdocs/install/mysql/tables/llx_bank_extrafields.sql	21
llx_bank_extrafields	银行与现金	2	tms	timestamp	timestamp	YES	CURRENT_TIMESTAMP	N	N					最后修改时间戳	htdocs/install/mysql/tables/llx_bank_extrafields.sql	22
llx_bank_extrafields	银行与现金	3	fk_object	integer	integer	NO		N	N	uk_bank_extrafields	uk_bank_extrafields			外部关联 ID（具体目标以外键或业务代码为准）（基于字段名推断）	htdocs/install/mysql/tables/llx_bank_extrafields.sql	23
llx_bank_extrafields	银行与现金	4	import_key	varchar(14)	varchar	YES		N	N					导入批次/外部导入键	htdocs/install/mysql/tables/llx_bank_extrafields.sql	24
llx_bank_import	银行与现金	1	rowid	integer	integer	NO		Y	Y	PRIMARY	PRIMARY			主键行标识；通常为自增整数	htdocs/install/mysql/tables/llx_bank_import-bank.sql	24
llx_bank_import	银行与现金	2	id_account	integer	integer	NO		N	N				bank account ID in Dolibarr	字段 id_account；源码注释：bank account ID in Dolibarr	htdocs/install/mysql/tables/llx_bank_import-bank.sql	25
llx_bank_import	银行与现金	3	fitid	varchar(255)	varchar	YES		N	N				"OFX Financial Institution Transaction ID ""FITID"""	"字段 fitid；源码注释：OFX Financial Institution Transaction ID ""FITID"""	htdocs/install/mysql/tables/llx_bank_import-bank.sql	26
llx_bank_import	银行与现金	4	record_type	varchar(64)	varchar	YES		N	N				OFX Type of transaction: DIRECTDEBIT, XFER, OTHER or code/type of operation	字段 record_type；源码注释：OFX Type of transaction: DIRECTDEBIT, XFER, OTHER or code/type of operation	htdocs/install/mysql/tables/llx_bank_import-bank.sql	27
llx_bank_import	银行与现金	5	label	varchar(255)	varchar	NO		N	N				label of operation	名称或标签；源码注释：label of operation	htdocs/install/mysql/tables/llx_bank_import-bank.sql	28
llx_bank_import	银行与现金	6	record_type_origin	varchar(255)	varchar	NO		N	N				operation code/type origin	字段 record_type_origin；源码注释：operation code/type origin	htdocs/install/mysql/tables/llx_bank_import-bank.sql	29
llx_bank_import	银行与现金	7	label_origin	varchar(255)	varchar	NO		N	N				label of operation origin	名称/标题字段；源码注释：label of operation origin	htdocs/install/mysql/tables/llx_bank_import-bank.sql	30
llx_bank_import	银行与现金	8	comment	text	text	YES		N	N				Comment/Motif	备注/说明字段；源码注释：Comment/Motif	htdocs/install/mysql/tables/llx_bank_import-bank.sql	31
llx_bank_import	银行与现金	9	note	text	text	YES		N	N				"Notes like ""References"""	"备注/说明字段；源码注释：Notes like ""References"""	htdocs/install/mysql/tables/llx_bank_import-bank.sql	32
llx_bank_import	银行与现金	10	bdate	date	date	YES		N	N				date operation	日期/时间字段；源码注释：date operation	htdocs/install/mysql/tables/llx_bank_import-bank.sql	33
llx_bank_import	银行与现金	11	vdate	date	date	YES		N	N				date value	日期/时间字段；源码注释：date value	htdocs/install/mysql/tables/llx_bank_import-bank.sql	34
llx_bank_import	银行与现金	12	date_scraped	datetime	datetime	YES		N	N				date discarded	日期/时间字段；源码注释：date discarded	htdocs/install/mysql/tables/llx_bank_import-bank.sql	35
llx_bank_import	银行与现金	13	original_amount	double(24,8)	double	YES		N	N				OFX amount	金额、价格或税费字段；源码注释：OFX amount	htdocs/install/mysql/tables/llx_bank_import-bank.sql	36
llx_bank_import	银行与现金	14	original_currency	varchar(255)	varchar	YES		N	N				OFX Currency	字段 original_currency；源码注释：OFX Currency	htdocs/install/mysql/tables/llx_bank_import-bank.sql	37
llx_bank_import	银行与现金	15	amount_debit	double(24,8)	double	NO		N	N				money spent. For statement using debit/credit. For statement using 1 amount, use original_amount.	金额、价格或税费字段；源码注释：money spent. For statement using debit/credit. For statement using 1 amount, use original_amount.	htdocs/install/mysql/tables/llx_bank_import-bank.sql	38
llx_bank_import	银行与现金	16	amount_credit	double(24,8)	double	NO		N	N				money received. For statement using debit/credit. For statement using 1 amount, use original_amount.	金额、价格或税费字段；源码注释：money received. For statement using debit/credit. For statement using 1 amount, use original_amount.	htdocs/install/mysql/tables/llx_bank_import-bank.sql	39
llx_bank_import	银行与现金	17	deleted_date	datetime	datetime	YES		N	N				to flag this record as deleted	日期/时间字段；源码注释：to flag this record as deleted	htdocs/install/mysql/tables/llx_bank_import-bank.sql	40
llx_bank_import	银行与现金	18	fk_duplicate_of	integer	integer	YES		N	N				to flag this record as a duplicate of another one	外部关联 ID（具体目标以外键或业务代码为准）；源码注释：to flag this record as a duplicate of another one	htdocs/install/mysql/tables/llx_bank_import-bank.sql	41
llx_bank_import	银行与现金	19	status	smallint	smallint	NO		N	N				0=just imported	状态标识；源码注释：0=just imported	htdocs/install/mysql/tables/llx_bank_import-bank.sql	42
llx_bank_import	银行与现金	20	datec	datetime	datetime	NO		N	N				date creation	创建日期/时间；源码注释：date creation	htdocs/install/mysql/tables/llx_bank_import-bank.sql	43
llx_bank_import	银行与现金	21	tms	timestamp	timestamp	YES	CURRENT_TIMESTAMP	N	N				date of last modification	最后修改时间戳；源码注释：date of last modification	htdocs/install/mysql/tables/llx_bank_import-bank.sql	44
llx_bank_import	银行与现金	22	fk_user_author	integer	integer	NO		N	N				user who created the record	创建人/制单人用户 ID；源码注释：user who created the record	htdocs/install/mysql/tables/llx_bank_import-bank.sql	45
llx_bank_import	银行与现金	23	fk_user_modif	integer	integer	YES		N	N				user who modified the record	最后修改人用户 ID；源码注释：user who modified the record	htdocs/install/mysql/tables/llx_bank_import-bank.sql	46
llx_bank_import	银行与现金	24	import_key	varchar(14)	varchar	YES		N	N				import key	导入批次/外部导入键；源码注释：import key	htdocs/install/mysql/tables/llx_bank_import-bank.sql	47
llx_bank_import	银行与现金	25	datas	text	text	NO		N	N				full record/line coming from source	字段 datas；源码注释：full record/line coming from source	htdocs/install/mysql/tables/llx_bank_import-bank.sql	48
llx_bank_record	银行与现金	1	rowid	integer	integer	NO		Y	Y	PRIMARY	PRIMARY			主键行标识；通常为自增整数	htdocs/install/mysql/tables/llx_bank_record-bank.sql	25
llx_bank_record	银行与现金	2	ref	varchar(50)	varchar	NO		N	N					业务参考号/单号	htdocs/install/mysql/tables/llx_bank_record-bank.sql	26
llx_bank_record	银行与现金	3	fk_bank	integer	integer	NO		N	N			llx_bank_account.rowid		外部关联 ID（具体目标以外键或业务代码为准）（基于字段名推断）	htdocs/install/mysql/tables/llx_bank_record-bank.sql	27
llx_bank_record	银行与现金	4	dt_from	date	date	NO		N	N					字段 dt_from（基于字段名推断）	htdocs/install/mysql/tables/llx_bank_record-bank.sql	28
llx_bank_record	银行与现金	5	dt_to	date	date	NO		N	N					字段 dt_to（基于字段名推断）	htdocs/install/mysql/tables/llx_bank_record-bank.sql	29
llx_bank_record	银行与现金	6	date_creation	datetime	datetime	NO		N	N					日期/时间字段（基于字段名推断）	htdocs/install/mysql/tables/llx_bank_record-bank.sql	30
llx_bank_record	银行与现金	7	date_valid	datetime	datetime	YES		N	N					审核/生效日期	htdocs/install/mysql/tables/llx_bank_record-bank.sql	31
llx_bank_record	银行与现金	8	tms	timestamp	timestamp	YES	CURRENT_TIMESTAMP	N	N					最后修改时间戳	htdocs/install/mysql/tables/llx_bank_record-bank.sql	32
llx_bank_record_link	银行与现金	1	rowid	integer	integer	NO		Y	Y	PRIMARY	PRIMARY			主键行标识；通常为自增整数	htdocs/install/mysql/tables/llx_bank_record_link-bank.sql	25
llx_bank_record_link	银行与现金	2	fk_bank_record	integer	integer	NO		N	N			llx_bank_record.rowid		外部关联 ID（具体目标以外键或业务代码为准）（基于字段名推断）	htdocs/install/mysql/tables/llx_bank_record_link-bank.sql	26
llx_bank_record_link	银行与现金	3	fk_bank_import	integer	integer	NO		N	N			llx_bank_import.rowid		外部关联 ID（具体目标以外键或业务代码为准）（基于字段名推断）	htdocs/install/mysql/tables/llx_bank_record_link-bank.sql	27
llx_bank_url	银行与现金	1	rowid	integer	integer	NO		Y	Y	PRIMARY	PRIMARY			主键行标识；通常为自增整数	htdocs/install/mysql/tables/llx_bank_url.sql	22
llx_bank_url	银行与现金	2	fk_bank	integer	integer	YES		N	N	uk_bank_url	uk_bank_url		ID in llx_bank	外部关联 ID（具体目标以外键或业务代码为准）；源码注释：ID in llx_bank	htdocs/install/mysql/tables/llx_bank_url.sql	23
llx_bank_url	银行与现金	3	url_id	integer	integer	YES		N	N	uk_bank_url, idx_bank_url_url_id	uk_bank_url		ID of object (invoice, payment, customer, ...). Type is in type field.	字段 url_id；源码注释：ID of object (invoice, payment, customer, ...). Type is in type field.	htdocs/install/mysql/tables/llx_bank_url.sql	24
llx_bank_url	银行与现金	4	url	varchar(255)	varchar	YES		N	N					字段 url（基于字段名推断）	htdocs/install/mysql/tables/llx_bank_url.sql	25
llx_bank_url	银行与现金	5	label	varchar(255)	varchar	YES		N	N					名称或标签	htdocs/install/mysql/tables/llx_bank_url.sql	26
llx_bank_url	银行与现金	6	type	varchar(24)	varchar	NO		N	N	uk_bank_url	uk_bank_url			字段 type（基于字段名推断）	htdocs/install/mysql/tables/llx_bank_url.sql	27
llx_blockedlog	核心/系统	1	rowid	integer	integer	NO		Y	Y	PRIMARY, entity_rowid	PRIMARY		Automatic sequence ID	主键行标识；通常为自增整数；源码注释：Automatic sequence ID	htdocs/install/mysql/tables/llx_blockedlog.sql	21
llx_blockedlog	核心/系统	2	module_source	varchar(32)	varchar	YES	''	N	N				field included into line signature. If the event was recorded from a POS module or another module.	字段 module_source；源码注释：field included into line signature. If the event was recorded from a POS module or another module.	htdocs/install/mysql/tables/llx_blockedlog.sql	23
llx_blockedlog	核心/系统	3	pos_source	varchar(32)	varchar	YES	''	N	N				field included into line signature. The number of the terminal.	字段 pos_source；源码注释：field included into line signature. The number of the terminal.	htdocs/install/mysql/tables/llx_blockedlog.sql	24
llx_blockedlog	核心/系统	4	action	varchar(50)	varchar	YES		N	N	idx_entity_action_certified			field included into line signature. The type of event.	字段 action；源码注释：field included into line signature. The type of event.	htdocs/install/mysql/tables/llx_blockedlog.sql	25
llx_blockedlog	核心/系统	5	entity	integer	integer	NO	1	N	N	idx_entity_action_certified, entity_rowid			field included into line signature. For future usage of multi-entity.	多实体/多公司隔离标识；源码注释：field included into line signature. For future usage of multi-entity.	htdocs/install/mysql/tables/llx_blockedlog.sql	26
llx_blockedlog	核心/系统	6	date_creation	datetime	datetime	YES		N	N				field included into line signature. Date and time of event.	日期/时间字段；源码注释：field included into line signature. Date and time of event.	htdocs/install/mysql/tables/llx_blockedlog.sql	27
llx_blockedlog	核心/系统	7	amounts	double(24,8)	double	NO		N	N				field included into line signature (denormalized data from object_data)	金额、价格或税费字段；源码注释：field included into line signature (denormalized data from object_data)	htdocs/install/mysql/tables/llx_blockedlog.sql	28
llx_blockedlog	核心/系统	8	amounts_taxexcl	double(24,8)	double	YES		N	N				field included into line signature (denormalized data from object_data)	金额、价格或税费字段；源码注释：field included into line signature (denormalized data from object_data)	htdocs/install/mysql/tables/llx_blockedlog.sql	29
llx_blockedlog	核心/系统	9	ref_object	varchar(255)	varchar	YES		N	N	idx_ref_object			field included into line signature (denormalized data from object_data)	代码/参考号字段；源码注释：field included into line signature (denormalized data from object_data)	htdocs/install/mysql/tables/llx_blockedlog.sql	30
llx_blockedlog	核心/系统	10	date_object	datetime	datetime	YES		N	N				field included into line signature (denormalized data from object_data)	日期/时间字段；源码注释：field included into line signature (denormalized data from object_data)	htdocs/install/mysql/tables/llx_blockedlog.sql	31
llx_blockedlog	核心/系统	11	type_code	varchar(8)	varchar	YES	''	N	N				field included into line signature (denormalized data from object_data = payment mode code)	代码/参考号字段；源码注释：field included into line signature (denormalized data from object_data = payment mode code)	htdocs/install/mysql/tables/llx_blockedlog.sql	32
llx_blockedlog	核心/系统	12	user_fullname	varchar(255)	varchar	YES		N	N				field included into line signature. User recording the event.	名称/标题字段；源码注释：field included into line signature. User recording the event.	htdocs/install/mysql/tables/llx_blockedlog.sql	33
llx_blockedlog	核心/系统	13	linktoref	text	text	YES		N	N				field included into line signature. Link to another ref_object.	字段 linktoref；源码注释：field included into line signature. Link to another ref_object.	htdocs/install/mysql/tables/llx_blockedlog.sql	34
llx_blockedlog	核心/系统	14	linktype	varchar(16)	varchar	YES		N	N				field included into line signature. Link type.	字段 linktype；源码注释：field included into line signature. Link type.	htdocs/install/mysql/tables/llx_blockedlog.sql	35
llx_blockedlog	核心/系统	15	object_data	mediumtext	mediumtext	YES		N	N				field included into line signature	字段 object_data；源码注释：field included into line signature	htdocs/install/mysql/tables/llx_blockedlog.sql	36
llx_blockedlog	核心/系统	16	signature	varchar(100)	varchar	NO		N	N	signature			the hash of the key for signature with previous hash before	字段 signature；源码注释：the hash of the key for signature with previous hash before	htdocs/install/mysql/tables/llx_blockedlog.sql	38
llx_blockedlog	核心/系统	17	signature_backward	varchar(100)	varchar	YES	''	N	N	signature_backward			the hash of the key for reverse signature with following hash after (not used)	字段 signature_backward；源码注释：the hash of the key for reverse signature with following hash after (not used)	htdocs/install/mysql/tables/llx_blockedlog.sql	39
llx_blockedlog	核心/系统	18	element	varchar(50)	varchar	YES		N	N	fk_object_element				字段 element（基于字段名推断）	htdocs/install/mysql/tables/llx_blockedlog.sql	41
llx_blockedlog	核心/系统	19	fk_user	integer	integer	YES		N	N	fk_user				外部关联 ID（具体目标以外键或业务代码为准）（基于字段名推断）	htdocs/install/mysql/tables/llx_blockedlog.sql	42
llx_blockedlog	核心/系统	20	fk_object	integer	integer	YES		N	N	fk_object_element				外部关联 ID（具体目标以外键或业务代码为准）（基于字段名推断）	htdocs/install/mysql/tables/llx_blockedlog.sql	43
llx_blockedlog	核心/系统	21	object_version	varchar(32)	varchar	YES	''	N	N				in which version did the line was recorded	字段 object_version；源码注释：in which version did the line was recorded	htdocs/install/mysql/tables/llx_blockedlog.sql	44
llx_blockedlog	核心/系统	22	object_format	varchar(16)	varchar	YES	'V1'	N	N				format of data stored in object_data	日期/时间字段；源码注释：format of data stored in object_data	htdocs/install/mysql/tables/llx_blockedlog.sql	45
llx_blockedlog	核心/系统	23	certified	integer	integer	YES		N	N				not used, reserved for future use	字段 certified；源码注释：not used, reserved for future use	htdocs/install/mysql/tables/llx_blockedlog.sql	46
llx_blockedlog	核心/系统	24	actionrefisunique	varchar(16)	varchar	YES	NULL	N	N				not used, reserved for future use	字段 actionrefisunique；源码注释：not used, reserved for future use	htdocs/install/mysql/tables/llx_blockedlog.sql	47
llx_blockedlog	核心/系统	25	tms	timestamp	timestamp	YES	CURRENT_TIMESTAMP	N	N					最后修改时间戳	htdocs/install/mysql/tables/llx_blockedlog.sql	48
llx_blockedlog	核心/系统	26	debuginfo	mediumtext	mediumtext	YES		N	N				debug information	字段 debuginfo；源码注释：debug information	htdocs/install/mysql/tables/llx_blockedlog.sql	49
llx_blockedlog	核心/系统	27	note	varchar(128)	varchar	YES		N	N				note information	备注/说明字段；源码注释：note information	htdocs/install/mysql/tables/llx_blockedlog.sql	50
llx_bom_bom	物料清单	1	rowid	integer	integer	NO		Y	Y	PRIMARY, idx_bom_bom_rowid	PRIMARY			主键行标识；通常为自增整数	htdocs/install/mysql/tables/llx_bom_bom-bom.sql	19
llx_bom_bom	物料清单	2	entity	integer	integer	NO	1	N	N	uk_bom_bom_ref	uk_bom_bom_ref			多实体/多公司隔离标识	htdocs/install/mysql/tables/llx_bom_bom-bom.sql	20
llx_bom_bom	物料清单	3	ref	varchar(128)	varchar	NO		N	N	idx_bom_bom_ref, uk_bom_bom_ref	uk_bom_bom_ref			业务参考号/单号	htdocs/install/mysql/tables/llx_bom_bom-bom.sql	21
llx_bom_bom	物料清单	4	bomtype	integer	integer	YES	0	N	N				0 for a BOM to manufacture, 1 for a BOM to dismantle	字段 bomtype；源码注释：0 for a BOM to manufacture, 1 for a BOM to dismantle	htdocs/install/mysql/tables/llx_bom_bom-bom.sql	22
llx_bom_bom	物料清单	5	label	varchar(255)	varchar	YES		N	N					名称或标签	htdocs/install/mysql/tables/llx_bom_bom-bom.sql	23
llx_bom_bom	物料清单	6	fk_product	integer	integer	YES		N	N	idx_bom_bom_fk_product				关联产品/服务 ID	htdocs/install/mysql/tables/llx_bom_bom-bom.sql	24
llx_bom_bom	物料清单	7	description	text	text	YES		N	N					描述	htdocs/install/mysql/tables/llx_bom_bom-bom.sql	25
llx_bom_bom	物料清单	8	note_public	text	text	YES		N	N					公开备注	htdocs/install/mysql/tables/llx_bom_bom-bom.sql	26
llx_bom_bom	物料清单	9	note_private	text	text	YES		N	N					内部备注	htdocs/install/mysql/tables/llx_bom_bom-bom.sql	27
llx_bom_bom	物料清单	10	fk_warehouse	integer	integer	YES		N	N					关联仓库 ID	htdocs/install/mysql/tables/llx_bom_bom-bom.sql	28
llx_bom_bom	物料清单	11	qty	double(24,8)	double	YES		N	N					数量	htdocs/install/mysql/tables/llx_bom_bom-bom.sql	29
llx_bom_bom	物料清单	12	efficiency	double(24,8)	double	YES	1	N	N					字段 efficiency（基于字段名推断）	htdocs/install/mysql/tables/llx_bom_bom-bom.sql	30
llx_bom_bom	物料清单	13	duration	double(24,8)	double	YES	NULL	N	N					比例/百分比字段（基于字段名推断）	htdocs/install/mysql/tables/llx_bom_bom-bom.sql	31
llx_bom_bom	物料清单	14	date_creation	datetime	datetime	NO		N	N					日期/时间字段（基于字段名推断）	htdocs/install/mysql/tables/llx_bom_bom-bom.sql	32
llx_bom_bom	物料清单	15	date_valid	datetime	datetime	YES		N	N					审核/生效日期	htdocs/install/mysql/tables/llx_bom_bom-bom.sql	33
llx_bom_bom	物料清单	16	tms	timestamp	timestamp	YES	CURRENT_TIMESTAMP	N	N					最后修改时间戳	htdocs/install/mysql/tables/llx_bom_bom-bom.sql	34
llx_bom_bom	物料清单	17	fk_user_creat	integer	integer	NO		N	N			llx_user.rowid		创建人用户 ID	htdocs/install/mysql/tables/llx_bom_bom-bom.sql	35
llx_bom_bom	物料清单	18	fk_user_modif	integer	integer	YES		N	N					最后修改人用户 ID	htdocs/install/mysql/tables/llx_bom_bom-bom.sql	36
llx_bom_bom	物料清单	19	fk_user_valid	integer	integer	YES		N	N					审核/验证人用户 ID	htdocs/install/mysql/tables/llx_bom_bom-bom.sql	37
llx_bom_bom	物料清单	20	import_key	varchar(14)	varchar	YES		N	N					导入批次/外部导入键	htdocs/install/mysql/tables/llx_bom_bom-bom.sql	38
llx_bom_bom	物料清单	21	model_pdf	varchar(255)	varchar	YES		N	N					字段 model_pdf（基于字段名推断）	htdocs/install/mysql/tables/llx_bom_bom-bom.sql	39
llx_bom_bom	物料清单	22	last_main_doc	varchar(255)	varchar	YES		N	N				relative filepath+filename of last main generated document	字段 last_main_doc；源码注释：relative filepath+filename of last main generated document	htdocs/install/mysql/tables/llx_bom_bom-bom.sql	40
llx_bom_bom	物料清单	23	status	integer	integer	NO		N	N	idx_bom_bom_status				状态标识	htdocs/install/mysql/tables/llx_bom_bom-bom.sql	41
llx_bom_bom_extrafields	物料清单	1	rowid	integer	integer	NO		Y	Y	PRIMARY	PRIMARY			主键行标识；通常为自增整数	htdocs/install/mysql/tables/llx_bom_bom_extrafields-bom.sql	18
llx_bom_bom_extrafields	物料清单	2	tms	timestamp	timestamp	YES	CURRENT_TIMESTAMP	N	N					最后修改时间戳	htdocs/install/mysql/tables/llx_bom_bom_extrafields-bom.sql	19
llx_bom_bom_extrafields	物料清单	3	fk_object	integer	integer	NO		N	N	uk_bom_bom_extrafields_fk_object	uk_bom_bom_extrafields_fk_object			外部关联 ID（具体目标以外键或业务代码为准）（基于字段名推断）	htdocs/install/mysql/tables/llx_bom_bom_extrafields-bom.sql	20
llx_bom_bom_extrafields	物料清单	4	import_key	varchar(14)	varchar	YES		N	N				import key	导入批次/外部导入键；源码注释：import key	htdocs/install/mysql/tables/llx_bom_bom_extrafields-bom.sql	21
llx_bom_bomline	物料清单	1	rowid	integer	integer	NO		Y	Y	PRIMARY, idx_bom_bomline_rowid	PRIMARY			主键行标识；通常为自增整数	htdocs/install/mysql/tables/llx_bom_bomline-bom.sql	18
llx_bom_bomline	物料清单	2	fk_bom	integer	integer	NO		N	N	idx_bom_bomline_fk_bom		llx_bom_bom.rowid		外部关联 ID（具体目标以外键或业务代码为准）（基于字段名推断）	htdocs/install/mysql/tables/llx_bom_bomline-bom.sql	19
llx_bom_bomline	物料清单	3	fk_product	integer	integer	NO		N	N	idx_bom_bomline_fk_product				关联产品/服务 ID	htdocs/install/mysql/tables/llx_bom_bomline-bom.sql	20
llx_bom_bomline	物料清单	4	fk_bom_child	integer	integer	YES		N	N					外部关联 ID（具体目标以外键或业务代码为准）（基于字段名推断）	htdocs/install/mysql/tables/llx_bom_bomline-bom.sql	21
llx_bom_bomline	物料清单	5	tms	timestamp	timestamp	YES	CURRENT_TIMESTAMP	N	N					最后修改时间戳	htdocs/install/mysql/tables/llx_bom_bomline-bom.sql	22
llx_bom_bomline	物料清单	6	description	text	text	YES		N	N					描述	htdocs/install/mysql/tables/llx_bom_bomline-bom.sql	23
llx_bom_bomline	物料清单	7	import_key	varchar(14)	varchar	YES		N	N					导入批次/外部导入键	htdocs/install/mysql/tables/llx_bom_bomline-bom.sql	24
llx_bom_bomline	物料清单	8	qty	double(24,8)	double	NO		N	N					数量	htdocs/install/mysql/tables/llx_bom_bomline-bom.sql	25
llx_bom_bomline	物料清单	9	qty_frozen	smallint	smallint	YES	0	N	N					字段 qty_frozen（基于字段名推断）	htdocs/install/mysql/tables/llx_bom_bomline-bom.sql	26
llx_bom_bomline	物料清单	10	disable_stock_change	smallint	smallint	YES	0	N	N					字段 disable_stock_change（基于字段名推断）	htdocs/install/mysql/tables/llx_bom_bomline-bom.sql	27
llx_bom_bomline	物料清单	11	efficiency	double(24,8)	double	NO	1	N	N					字段 efficiency（基于字段名推断）	htdocs/install/mysql/tables/llx_bom_bomline-bom.sql	28
llx_bom_bomline	物料清单	12	fk_unit	integer	integer	YES		N	N					外部关联 ID（具体目标以外键或业务代码为准）（基于字段名推断）	htdocs/install/mysql/tables/llx_bom_bomline-bom.sql	29
llx_bom_bomline	物料清单	13	position	integer	integer	NO	0	N	N					字段 position（基于字段名推断）	htdocs/install/mysql/tables/llx_bom_bomline-bom.sql	30
llx_bom_bomline	物料清单	14	fk_default_workstation	integer	integer	YES	NULL	N	N					外部关联 ID（具体目标以外键或业务代码为准）（基于字段名推断）	htdocs/install/mysql/tables/llx_bom_bomline-bom.sql	31
llx_bom_bomline_extrafields	物料清单	1	rowid	integer	integer	NO		Y	Y	PRIMARY	PRIMARY			主键行标识；通常为自增整数	htdocs/install/mysql/tables/llx_bom_bomline_extrafields-bom.sql	18
llx_bom_bomline_extrafields	物料清单	2	tms	timestamp	timestamp	YES	CURRENT_TIMESTAMP	N	N					最后修改时间戳	htdocs/install/mysql/tables/llx_bom_bomline_extrafields-bom.sql	19
llx_bom_bomline_extrafields	物料清单	3	fk_object	integer	integer	NO		N	N					外部关联 ID（具体目标以外键或业务代码为准）（基于字段名推断）	htdocs/install/mysql/tables/llx_bom_bomline_extrafields-bom.sql	20
llx_bom_bomline_extrafields	物料清单	4	import_key	varchar(14)	varchar	YES		N	N				import key	导入批次/外部导入键；源码注释：import key	htdocs/install/mysql/tables/llx_bom_bomline_extrafields-bom.sql	21
llx_bookcal_availabilities	预约日历	1	rowid	integer	integer	NO		Y	Y	PRIMARY, idx_bookcal_availabilities_rowid	PRIMARY			主键行标识；通常为自增整数	htdocs/install/mysql/tables/llx_bookcal_availabilities-bookcal.sql	19
llx_bookcal_availabilities	预约日历	2	label	varchar(255)	varchar	YES		N	N					名称或标签	htdocs/install/mysql/tables/llx_bookcal_availabilities-bookcal.sql	20
llx_bookcal_availabilities	预约日历	3	description	text	text	YES		N	N					描述	htdocs/install/mysql/tables/llx_bookcal_availabilities-bookcal.sql	21
llx_bookcal_availabilities	预约日历	4	note_public	text	text	YES		N	N					公开备注	htdocs/install/mysql/tables/llx_bookcal_availabilities-bookcal.sql	22
llx_bookcal_availabilities	预约日历	5	note_private	text	text	YES		N	N					内部备注	htdocs/install/mysql/tables/llx_bookcal_availabilities-bookcal.sql	23
llx_bookcal_availabilities	预约日历	6	date_creation	datetime	datetime	NO		N	N					日期/时间字段（基于字段名推断）	htdocs/install/mysql/tables/llx_bookcal_availabilities-bookcal.sql	24
llx_bookcal_availabilities	预约日历	7	tms	timestamp	timestamp	YES	CURRENT_TIMESTAMP	N	N					最后修改时间戳	htdocs/install/mysql/tables/llx_bookcal_availabilities-bookcal.sql	25
llx_bookcal_availabilities	预约日历	8	fk_user_creat	integer	integer	NO		N	N			llx_user.rowid		创建人用户 ID	htdocs/install/mysql/tables/llx_bookcal_availabilities-bookcal.sql	26
llx_bookcal_availabilities	预约日历	9	fk_user_modif	integer	integer	YES		N	N					最后修改人用户 ID	htdocs/install/mysql/tables/llx_bookcal_availabilities-bookcal.sql	27
llx_bookcal_availabilities	预约日历	10	last_main_doc	varchar(255)	varchar	YES		N	N					字段 last_main_doc（基于字段名推断）	htdocs/install/mysql/tables/llx_bookcal_availabilities-bookcal.sql	28
llx_bookcal_availabilities	预约日历	11	import_key	varchar(14)	varchar	YES		N	N					导入批次/外部导入键	htdocs/install/mysql/tables/llx_bookcal_availabilities-bookcal.sql	29
llx_bookcal_availabilities	预约日历	12	model_pdf	varchar(255)	varchar	YES		N	N					字段 model_pdf（基于字段名推断）	htdocs/install/mysql/tables/llx_bookcal_availabilities-bookcal.sql	30
llx_bookcal_availabilities	预约日历	13	status	integer	integer	NO		N	N	idx_bookcal_availabilities_status				状态标识	htdocs/install/mysql/tables/llx_bookcal_availabilities-bookcal.sql	31
llx_bookcal_availabilities	预约日历	14	date_start	date	date	NO		N	N					日期/时间字段（基于字段名推断）	htdocs/install/mysql/tables/llx_bookcal_availabilities-bookcal.sql	32
llx_bookcal_availabilities	预约日历	15	date_end	date	date	NO		N	N					日期/时间字段（基于字段名推断）	htdocs/install/mysql/tables/llx_bookcal_availabilities-bookcal.sql	33
llx_bookcal_availabilities	预约日历	16	duration	integer	integer	NO	30	N	N					比例/百分比字段（基于字段名推断）	htdocs/install/mysql/tables/llx_bookcal_availabilities-bookcal.sql	34
llx_bookcal_availabilities	预约日历	17	startHour	integer	integer	NO		N	N					字段 startHour（基于字段名推断）	htdocs/install/mysql/tables/llx_bookcal_availabilities-bookcal.sql	35
llx_bookcal_availabilities	预约日历	18	endHour	integer	integer	NO		N	N					字段 endHour（基于字段名推断）	htdocs/install/mysql/tables/llx_bookcal_availabilities-bookcal.sql	36
llx_bookcal_availabilities	预约日历	19	fk_bookcal_calendar	integer	integer	NO		N	N	idx_bookcal_availabilities_fk_bookcal_calendar		llx_bookcal_calendar.rowid		外部关联 ID（具体目标以外键或业务代码为准）（基于字段名推断）	htdocs/install/mysql/tables/llx_bookcal_availabilities-bookcal.sql	37
llx_bookcal_availabilities_extrafields	预约日历	1	rowid	integer	integer	NO		Y	Y	PRIMARY	PRIMARY			主键行标识；通常为自增整数	htdocs/install/mysql/tables/llx_bookcal_availabilities_extrafields-bookcal.sql	18
llx_bookcal_availabilities_extrafields	预约日历	2	tms	timestamp	timestamp	YES	CURRENT_TIMESTAMP	N	N					最后修改时间戳	htdocs/install/mysql/tables/llx_bookcal_availabilities_extrafields-bookcal.sql	19
llx_bookcal_availabilities_extrafields	预约日历	3	fk_object	integer	integer	NO		N	N	idx_availabilities_fk_object				外部关联 ID（具体目标以外键或业务代码为准）（基于字段名推断）	htdocs/install/mysql/tables/llx_bookcal_availabilities_extrafields-bookcal.sql	20
llx_bookcal_availabilities_extrafields	预约日历	4	import_key	varchar(14)	varchar	YES		N	N				import key	导入批次/外部导入键；源码注释：import key	htdocs/install/mysql/tables/llx_bookcal_availabilities_extrafields-bookcal.sql	21
llx_bookcal_calendar	预约日历	1	rowid	integer	integer	NO		Y	Y	PRIMARY, idx_bookcal_calendar_rowid	PRIMARY			主键行标识；通常为自增整数	htdocs/install/mysql/tables/llx_bookcal_calendar-bookcal.sql	19
llx_bookcal_calendar	预约日历	2	entity	integer	integer	NO	1	N	N					多实体/多公司隔离标识	htdocs/install/mysql/tables/llx_bookcal_calendar-bookcal.sql	20
llx_bookcal_calendar	预约日历	3	ref	varchar(128)	varchar	NO		N	N	idx_bookcal_calendar_ref				业务参考号/单号	htdocs/install/mysql/tables/llx_bookcal_calendar-bookcal.sql	21
llx_bookcal_calendar	预约日历	4	label	varchar(255)	varchar	YES		N	N					名称或标签	htdocs/install/mysql/tables/llx_bookcal_calendar-bookcal.sql	22
llx_bookcal_calendar	预约日历	5	fk_soc	integer	integer	YES		N	N	idx_bookcal_calendar_fk_soc				关联第三方企业 ID	htdocs/install/mysql/tables/llx_bookcal_calendar-bookcal.sql	23
llx_bookcal_calendar	预约日历	6	fk_project	integer	integer	YES		N	N	idx_bookcal_calendar_fk_project				关联项目 ID	htdocs/install/mysql/tables/llx_bookcal_calendar-bookcal.sql	24
llx_bookcal_calendar	预约日历	7	description	text	text	YES		N	N					描述	htdocs/install/mysql/tables/llx_bookcal_calendar-bookcal.sql	25
llx_bookcal_calendar	预约日历	8	note_public	text	text	YES		N	N					公开备注	htdocs/install/mysql/tables/llx_bookcal_calendar-bookcal.sql	26
llx_bookcal_calendar	预约日历	9	note_private	text	text	YES		N	N					内部备注	htdocs/install/mysql/tables/llx_bookcal_calendar-bookcal.sql	27
llx_bookcal_calendar	预约日历	10	date_creation	datetime	datetime	NO		N	N					日期/时间字段（基于字段名推断）	htdocs/install/mysql/tables/llx_bookcal_calendar-bookcal.sql	28
llx_bookcal_calendar	预约日历	11	tms	timestamp	timestamp	YES	CURRENT_TIMESTAMP	N	N					最后修改时间戳	htdocs/install/mysql/tables/llx_bookcal_calendar-bookcal.sql	29
llx_bookcal_calendar	预约日历	12	fk_user_creat	integer	integer	NO		N	N			llx_user.rowid		创建人用户 ID	htdocs/install/mysql/tables/llx_bookcal_calendar-bookcal.sql	30
llx_bookcal_calendar	预约日历	13	fk_user_modif	integer	integer	YES		N	N					最后修改人用户 ID	htdocs/install/mysql/tables/llx_bookcal_calendar-bookcal.sql	31
llx_bookcal_calendar	预约日历	14	import_key	varchar(14)	varchar	YES		N	N					导入批次/外部导入键	htdocs/install/mysql/tables/llx_bookcal_calendar-bookcal.sql	32
llx_bookcal_calendar	预约日历	15	status	integer	integer	NO	0	N	N	idx_bookcal_calendar_status				状态标识	htdocs/install/mysql/tables/llx_bookcal_calendar-bookcal.sql	33
llx_bookcal_calendar	预约日历	16	type	integer	integer	NO		N	N					字段 type（基于字段名推断）	htdocs/install/mysql/tables/llx_bookcal_calendar-bookcal.sql	34
llx_bookcal_calendar	预约日历	17	visibility	integer	integer	NO	1	N	N					字段 visibility（基于字段名推断）	htdocs/install/mysql/tables/llx_bookcal_calendar-bookcal.sql	35
llx_bookcal_calendar_extrafields	预约日历	1	rowid	integer	integer	NO		Y	Y	PRIMARY	PRIMARY			主键行标识；通常为自增整数	htdocs/install/mysql/tables/llx_bookcal_calendar_extrafields-bookcal.sql	18
llx_bookcal_calendar_extrafields	预约日历	2	tms	timestamp	timestamp	YES	CURRENT_TIMESTAMP	N	N					最后修改时间戳	htdocs/install/mysql/tables/llx_bookcal_calendar_extrafields-bookcal.sql	19
llx_bookcal_calendar_extrafields	预约日历	3	fk_object	integer	integer	NO		N	N	idx_calendar_fk_object				外部关联 ID（具体目标以外键或业务代码为准）（基于字段名推断）	htdocs/install/mysql/tables/llx_bookcal_calendar_extrafields-bookcal.sql	20
llx_bookcal_calendar_extrafields	预约日历	4	import_key	varchar(14)	varchar	YES		N	N				import key	导入批次/外部导入键；源码注释：import key	htdocs/install/mysql/tables/llx_bookcal_calendar_extrafields-bookcal.sql	21
llx_bookmark	核心/系统	1	rowid	integer	integer	NO		Y	Y	PRIMARY	PRIMARY			主键行标识；通常为自增整数	htdocs/install/mysql/tables/llx_bookmark.sql	21
llx_bookmark	核心/系统	2	fk_user	integer	integer	NO		N	N					外部关联 ID（具体目标以外键或业务代码为准）（基于字段名推断）	htdocs/install/mysql/tables/llx_bookmark.sql	22
llx_bookmark	核心/系统	3	dateb	datetime	datetime	YES		N	N					日期/时间字段（基于字段名推断）	htdocs/install/mysql/tables/llx_bookmark.sql	23
llx_bookmark	核心/系统	4	url	TEXT	text	YES		N	N					字段 url（基于字段名推断）	htdocs/install/mysql/tables/llx_bookmark.sql	24
llx_bookmark	核心/系统	5	target	varchar(16)	varchar	YES		N	N					字段 target（基于字段名推断）	htdocs/install/mysql/tables/llx_bookmark.sql	25
llx_bookmark	核心/系统	6	title	varchar(64)	varchar	YES		N	N					名称/标题字段（基于字段名推断）	htdocs/install/mysql/tables/llx_bookmark.sql	26
llx_bookmark	核心/系统	7	favicon	varchar(24)	varchar	YES		N	N					字段 favicon（基于字段名推断）	htdocs/install/mysql/tables/llx_bookmark.sql	27
llx_bookmark	核心/系统	8	position	integer	integer	YES	0	N	N					字段 position（基于字段名推断）	htdocs/install/mysql/tables/llx_bookmark.sql	28
llx_bookmark	核心/系统	9	entity	integer	integer	NO	1	N	N				multicompany ID	多实体/多公司隔离标识；源码注释：multicompany ID	htdocs/install/mysql/tables/llx_bookmark.sql	29
llx_bordereau_cheque	银行与现金	1	rowid	integer	integer	NO		Y	Y	PRIMARY	PRIMARY			主键行标识；通常为自增整数	htdocs/install/mysql/tables/llx_bordereau_cheque.sql	26
llx_bordereau_cheque	银行与现金	2	ref	varchar(30)	varchar	NO		N	N	uk_bordereau_cheque	uk_bordereau_cheque		ref	业务参考号/单号；源码注释：ref	htdocs/install/mysql/tables/llx_bordereau_cheque.sql	27
llx_bordereau_cheque	银行与现金	3	label	varchar(255)	varchar	YES		N	N					名称或标签	htdocs/install/mysql/tables/llx_bordereau_cheque.sql	28
llx_bordereau_cheque	银行与现金	4	ref_ext	varchar(255)	varchar	YES		N	N				ref_ext	代码/参考号字段；源码注释：ref_ext	htdocs/install/mysql/tables/llx_bordereau_cheque.sql	29
llx_bordereau_cheque	银行与现金	5	type	varchar(6)	varchar	YES	'CHQ'	N	N				'CHQ', 'TRA', ...	字段 type；源码注释：'CHQ', 'TRA', ...	htdocs/install/mysql/tables/llx_bordereau_cheque.sql	30
llx_bordereau_cheque	银行与现金	6	datec	datetime	datetime	NO		N	N					创建日期/时间	htdocs/install/mysql/tables/llx_bordereau_cheque.sql	31
llx_bordereau_cheque	银行与现金	7	date_bordereau	date	date	YES		N	N					日期/时间字段（基于字段名推断）	htdocs/install/mysql/tables/llx_bordereau_cheque.sql	32
llx_bordereau_cheque	银行与现金	8	amount	double(24,8)	double	NO		N	N					金额	htdocs/install/mysql/tables/llx_bordereau_cheque.sql	33
llx_bordereau_cheque	银行与现金	9	nbcheque	smallint	smallint	NO		N	N					字段 nbcheque（基于字段名推断）	htdocs/install/mysql/tables/llx_bordereau_cheque.sql	34
llx_bordereau_cheque	银行与现金	10	fk_bank_account	integer	integer	YES		N	N					外部关联 ID（具体目标以外键或业务代码为准）（基于字段名推断）	htdocs/install/mysql/tables/llx_bordereau_cheque.sql	35
llx_bordereau_cheque	银行与现金	11	fk_user_author	integer	integer	YES		N	N					创建人/制单人用户 ID	htdocs/install/mysql/tables/llx_bordereau_cheque.sql	36
llx_bordereau_cheque	银行与现金	12	statut	smallint	smallint	NO	0	N	N					状态标识	htdocs/install/mysql/tables/llx_bordereau_cheque.sql	37
llx_bordereau_cheque	银行与现金	13	tms	timestamp	timestamp	YES	CURRENT_TIMESTAMP	N	N					最后修改时间戳	htdocs/install/mysql/tables/llx_bordereau_cheque.sql	38
llx_bordereau_cheque	银行与现金	14	note	text	text	YES		N	N					备注/说明字段（基于字段名推断）	htdocs/install/mysql/tables/llx_bordereau_cheque.sql	39
llx_bordereau_cheque	银行与现金	15	entity	integer	integer	NO	1	N	N	uk_bordereau_cheque	uk_bordereau_cheque		multi company id	多实体/多公司隔离标识；源码注释：multi company id	htdocs/install/mysql/tables/llx_bordereau_cheque.sql	40
llx_boxes	核心/系统	1	rowid	integer	integer	NO		Y	Y	PRIMARY	PRIMARY			主键行标识；通常为自增整数	htdocs/install/mysql/tables/llx_boxes.sql	28
llx_boxes	核心/系统	2	entity	integer	integer	NO	1	N	N	uk_boxes	uk_boxes			多实体/多公司隔离标识	htdocs/install/mysql/tables/llx_boxes.sql	29
llx_boxes	核心/系统	3	box_id	integer	integer	NO		N	N	uk_boxes, idx_boxes_boxid	uk_boxes	llx_boxes_def.rowid		字段 box_id（基于字段名推断）	htdocs/install/mysql/tables/llx_boxes.sql	30
llx_boxes	核心/系统	4	position	smallint	smallint	NO		N	N	uk_boxes	uk_boxes			字段 position（基于字段名推断）	htdocs/install/mysql/tables/llx_boxes.sql	31
llx_boxes	核心/系统	5	box_order	varchar(3)	varchar	NO		N	N					字段 box_order（基于字段名推断）	htdocs/install/mysql/tables/llx_boxes.sql	32
llx_boxes	核心/系统	6	fk_user	integer	integer	NO	0	N	N	uk_boxes, idx_boxes_fk_user	uk_boxes			外部关联 ID（具体目标以外键或业务代码为准）（基于字段名推断）	htdocs/install/mysql/tables/llx_boxes.sql	33
llx_boxes	核心/系统	7	maxline	integer	integer	YES		N	N					字段 maxline（基于字段名推断）	htdocs/install/mysql/tables/llx_boxes.sql	34
llx_boxes	核心/系统	8	params	varchar(255)	varchar	YES		N	N					扩展参数/结构化文本（基于字段名推断）	htdocs/install/mysql/tables/llx_boxes.sql	35
llx_boxes_def	核心/系统	1	rowid	integer	integer	NO		Y	Y	PRIMARY	PRIMARY			主键行标识；通常为自增整数	htdocs/install/mysql/tables/llx_boxes_def.sql	24
llx_boxes_def	核心/系统	2	file	varchar(200)	varchar	NO		N	N	uk_boxes_def	uk_boxes_def		Do not increase this as file+note must be small to allow index	字段 file；源码注释：Do not increase this as file+note must be small to allow index	htdocs/install/mysql/tables/llx_boxes_def.sql	25
llx_boxes_def	核心/系统	3	entity	integer	integer	NO	1	N	N	uk_boxes_def	uk_boxes_def		multi company id	多实体/多公司隔离标识；源码注释：multi company id	htdocs/install/mysql/tables/llx_boxes_def.sql	26
llx_boxes_def	核心/系统	4	fk_user	integer	integer	NO	0	N	N				if widget is privte to one user	外部关联 ID（具体目标以外键或业务代码为准）；源码注释：if widget is privte to one user	htdocs/install/mysql/tables/llx_boxes_def.sql	27
llx_boxes_def	核心/系统	5	tms	timestamp	timestamp	YES	CURRENT_TIMESTAMP	N	N					最后修改时间戳	htdocs/install/mysql/tables/llx_boxes_def.sql	28
llx_boxes_def	核心/系统	6	note	varchar(130)	varchar	YES		N	N	uk_boxes_def	uk_boxes_def		Do not increase this as file+note must be small to allow index	备注/说明字段；源码注释：Do not increase this as file+note must be small to allow index	htdocs/install/mysql/tables/llx_boxes_def.sql	29
llx_budget	预算	1	rowid	integer	integer	NO		Y	Y	PRIMARY	PRIMARY			主键行标识；通常为自增整数	htdocs/install/mysql/tables/llx_budget-budget.sql	21
llx_budget	预算	2	entity	integer	integer	NO	1	N	N					多实体/多公司隔离标识	htdocs/install/mysql/tables/llx_budget-budget.sql	22
llx_budget	预算	3	label	varchar(255)	varchar	NO		N	N				For example 'Global budget for year' or 'Budget for each project'	名称或标签；源码注释：For example 'Global budget for year' or 'Budget for each project'	htdocs/install/mysql/tables/llx_budget-budget.sql	23
llx_budget	预算	4	status	integer	integer	YES		N	N					状态标识	htdocs/install/mysql/tables/llx_budget-budget.sql	24
llx_budget	预算	5	note	text	text	YES		N	N					备注/说明字段（基于字段名推断）	htdocs/install/mysql/tables/llx_budget-budget.sql	25
llx_budget	预算	6	date_start	date	date	YES		N	N					日期/时间字段（基于字段名推断）	htdocs/install/mysql/tables/llx_budget-budget.sql	26
llx_budget	预算	7	date_end	date	date	YES		N	N					日期/时间字段（基于字段名推断）	htdocs/install/mysql/tables/llx_budget-budget.sql	27
llx_budget	预算	8	datec	datetime	datetime	YES		N	N					创建日期/时间	htdocs/install/mysql/tables/llx_budget-budget.sql	28
llx_budget	预算	9	tms	timestamp	timestamp	YES	CURRENT_TIMESTAMP	N	N					最后修改时间戳	htdocs/install/mysql/tables/llx_budget-budget.sql	29
llx_budget	预算	10	fk_user_creat	integer	integer	YES		N	N					创建人用户 ID	htdocs/install/mysql/tables/llx_budget-budget.sql	30
llx_budget	预算	11	fk_user_modif	integer	integer	YES		N	N					最后修改人用户 ID	htdocs/install/mysql/tables/llx_budget-budget.sql	31
llx_budget	预算	12	import_key	integer	integer	YES		N	N					导入批次/外部导入键	htdocs/install/mysql/tables/llx_budget-budget.sql	32
llx_budget_lines	预算	1	rowid	integer	integer	NO		Y	Y	PRIMARY	PRIMARY			主键行标识；通常为自增整数	htdocs/install/mysql/tables/llx_budget_lines-budget.sql	21
llx_budget_lines	预算	2	fk_budget	integer	integer	NO		N	N	uk_budget_lines	uk_budget_lines	llx_budget.rowid		外部关联 ID（具体目标以外键或业务代码为准）（基于字段名推断）	htdocs/install/mysql/tables/llx_budget_lines-budget.sql	22
llx_budget_lines	预算	3	fk_project_ids	varchar(180)	varchar	NO		N	N	uk_budget_lines	uk_budget_lines		'IDS:x,y' = List of project ids related to this budget. If budget is dedicated to projects not yet started, we recommand to create a project 'Projects to come'. 'FILTER:ref=*ABC' or 'FILTER:categid=123' = Can also be a dynamic rule to select projects.	外部关联 ID（具体目标以外键或业务代码为准）；源码注释：'IDS:x,y' = List of project ids related to this budget. If budget is dedicated to projects not yet started, we recommand to create a project 'Projects to come'. 'FILTER:ref=*ABC' or 'FILTER:categid=123' = Can also be a dynamic rule to select projects.	htdocs/install/mysql/tables/llx_budget_lines-budget.sql	23
llx_budget_lines	预算	4	amount	double(24,8)	double	NO		N	N					金额	htdocs/install/mysql/tables/llx_budget_lines-budget.sql	24
llx_budget_lines	预算	5	datec	datetime	datetime	YES		N	N					创建日期/时间	htdocs/install/mysql/tables/llx_budget_lines-budget.sql	25
llx_budget_lines	预算	6	tms	timestamp	timestamp	YES	CURRENT_TIMESTAMP	N	N					最后修改时间戳	htdocs/install/mysql/tables/llx_budget_lines-budget.sql	26
llx_budget_lines	预算	7	fk_user_creat	integer	integer	YES		N	N					创建人用户 ID	htdocs/install/mysql/tables/llx_budget_lines-budget.sql	27
llx_budget_lines	预算	8	fk_user_modif	integer	integer	YES		N	N					最后修改人用户 ID	htdocs/install/mysql/tables/llx_budget_lines-budget.sql	28
llx_budget_lines	预算	9	import_key	integer	integer	YES		N	N					导入批次/外部导入键	htdocs/install/mysql/tables/llx_budget_lines-budget.sql	29
llx_c_accounting_category	会计/总账	1	rowid	integer	integer	NO		Y	Y	PRIMARY	PRIMARY			主键行标识；通常为自增整数	htdocs/install/mysql/tables/llx_c_accounting_category-accounting.sql	24
llx_c_accounting_category	会计/总账	2	entity	integer	integer	NO	1	N	N	uk_c_accounting_category	uk_c_accounting_category			多实体/多公司隔离标识	htdocs/install/mysql/tables/llx_c_accounting_category-accounting.sql	25
llx_c_accounting_category	会计/总账	3	fk_report	integer	integer	NO	1	N	N	uk_c_accounting_category	uk_c_accounting_category			外部关联 ID（具体目标以外键或业务代码为准）（基于字段名推断）	htdocs/install/mysql/tables/llx_c_accounting_category-accounting.sql	26
llx_c_accounting_category	会计/总账	4	code	varchar(16)	varchar	NO		N	N	uk_c_accounting_category	uk_c_accounting_category			业务代码	htdocs/install/mysql/tables/llx_c_accounting_category-accounting.sql	27
llx_c_accounting_category	会计/总账	5	label	varchar(255)	varchar	NO		N	N					名称或标签	htdocs/install/mysql/tables/llx_c_accounting_category-accounting.sql	28
llx_c_accounting_category	会计/总账	6	range_account	varchar(255)	varchar	NO		N	N				Comment	字段 range_account；源码注释：Comment	htdocs/install/mysql/tables/llx_c_accounting_category-accounting.sql	29
llx_c_accounting_category	会计/总账	7	sens	tinyint	tinyint	NO	'0'	N	N				For international accounting | 0: credit - debit / 1: debit - credit	字段 sens；源码注释：For international accounting | 0: credit - debit / 1: debit - credit	htdocs/install/mysql/tables/llx_c_accounting_category-accounting.sql	30
llx_c_accounting_category	会计/总账	8	category_type	tinyint	tinyint	NO	'0'	N	N				Field calculated or not	字段 category_type；源码注释：Field calculated or not	htdocs/install/mysql/tables/llx_c_accounting_category-accounting.sql	31
llx_c_accounting_category	会计/总账	9	formula	varchar(255)	varchar	NO		N	N				Example: 1 + 2 (rowid of the category)	字段 formula；源码注释：Example: 1 + 2 (rowid of the category)	htdocs/install/mysql/tables/llx_c_accounting_category-accounting.sql	32
llx_c_accounting_category	会计/总账	10	position	integer	integer	YES	0	N	N					字段 position（基于字段名推断）	htdocs/install/mysql/tables/llx_c_accounting_category-accounting.sql	33
llx_c_accounting_category	会计/总账	11	fk_country	integer	integer	YES	NULL	N	N				This category is dedicated to a country	外部关联 ID（具体目标以外键或业务代码为准）；源码注释：This category is dedicated to a country	htdocs/install/mysql/tables/llx_c_accounting_category-accounting.sql	34
llx_c_accounting_category	会计/总账	12	active	integer	integer	YES	1	N	N					启用标识（通常 1=启用，0=停用）	htdocs/install/mysql/tables/llx_c_accounting_category-accounting.sql	35
llx_c_accounting_report	会计/总账	1	rowid	integer	integer	NO		Y	Y	PRIMARY	PRIMARY			主键行标识；通常为自增整数	htdocs/install/mysql/tables/llx_c_accounting_report-accounting.sql	21
llx_c_accounting_report	会计/总账	2	entity	integer	integer	NO	1	N	N	uk_c_accounting_report	uk_c_accounting_report			多实体/多公司隔离标识	htdocs/install/mysql/tables/llx_c_accounting_report-accounting.sql	22
llx_c_accounting_report	会计/总账	3	code	varchar(16)	varchar	NO		N	N	uk_c_accounting_report	uk_c_accounting_report			业务代码	htdocs/install/mysql/tables/llx_c_accounting_report-accounting.sql	23
llx_c_accounting_report	会计/总账	4	label	varchar(255)	varchar	NO		N	N					名称或标签	htdocs/install/mysql/tables/llx_c_accounting_report-accounting.sql	24
llx_c_accounting_report	会计/总账	5	fk_country	integer	integer	YES	NULL	N	N				This report is dedicated to a country	外部关联 ID（具体目标以外键或业务代码为准）；源码注释：This report is dedicated to a country	htdocs/install/mysql/tables/llx_c_accounting_report-accounting.sql	25
llx_c_accounting_report	会计/总账	6	active	integer	integer	YES	1	N	N					启用标识（通常 1=启用，0=停用）	htdocs/install/mysql/tables/llx_c_accounting_report-accounting.sql	26
llx_c_action_trigger	核心/系统	1	rowid	integer	integer	NO		Y	Y	PRIMARY	PRIMARY			主键行标识；通常为自增整数	htdocs/install/mysql/tables/llx_c_action_trigger.sql	24
llx_c_action_trigger	核心/系统	2	elementtype	varchar(64)	varchar	NO		N	N					字段 elementtype（基于字段名推断）	htdocs/install/mysql/tables/llx_c_action_trigger.sql	25
llx_c_action_trigger	核心/系统	3	code	varchar(128)	varchar	NO		N	N	uk_action_trigger_code	uk_action_trigger_code			业务代码	htdocs/install/mysql/tables/llx_c_action_trigger.sql	26
llx_c_action_trigger	核心/系统	4	contexts	varchar(255)	varchar	YES		N	N				list of possible contexts when there is different context of trigger	字段 contexts；源码注释：list of possible contexts when there is different context of trigger	htdocs/install/mysql/tables/llx_c_action_trigger.sql	27
llx_c_action_trigger	核心/系统	5	label	varchar(128)	varchar	NO		N	N					名称或标签	htdocs/install/mysql/tables/llx_c_action_trigger.sql	28
llx_c_action_trigger	核心/系统	6	description	varchar(255)	varchar	YES		N	N					描述	htdocs/install/mysql/tables/llx_c_action_trigger.sql	29
llx_c_action_trigger	核心/系统	7	enabled	varchar(255)	varchar	YES		N	N					布尔/开关标识（基于字段名推断）	htdocs/install/mysql/tables/llx_c_action_trigger.sql	30
llx_c_action_trigger	核心/系统	8	rang	integer	integer	YES	0	N	N	idx_action_trigger_rang				字段 rang（基于字段名推断）	htdocs/install/mysql/tables/llx_c_action_trigger.sql	31
llx_c_actioncomm	核心/系统	1	id	integer	integer	NO		N	Y	PRIMARY	PRIMARY			主键标识；部分参考表使用非自增 ID	htdocs/install/mysql/tables/llx_c_actioncomm.sql	24
llx_c_actioncomm	核心/系统	2	code	varchar(50)	varchar	NO		N	N	uk_c_actioncomm	uk_c_actioncomm			业务代码	htdocs/install/mysql/tables/llx_c_actioncomm.sql	25
llx_c_actioncomm	核心/系统	3	type	varchar(50)	varchar	NO	'system'	N	N					字段 type（基于字段名推断）	htdocs/install/mysql/tables/llx_c_actioncomm.sql	26
llx_c_actioncomm	核心/系统	4	libelle	varchar(128)	varchar	NO		N	N					字段 libelle（基于字段名推断）	htdocs/install/mysql/tables/llx_c_actioncomm.sql	27
llx_c_actioncomm	核心/系统	5	module	varchar(50)	varchar	YES	NULL	N	N					字段 module（基于字段名推断）	htdocs/install/mysql/tables/llx_c_actioncomm.sql	28
llx_c_actioncomm	核心/系统	6	active	tinyint	tinyint	NO	1	N	N					启用标识（通常 1=启用，0=停用）	htdocs/install/mysql/tables/llx_c_actioncomm.sql	29
llx_c_actioncomm	核心/系统	7	todo	tinyint	tinyint	YES		N	N				deprecated	字段 todo；源码注释：deprecated	htdocs/install/mysql/tables/llx_c_actioncomm.sql	30
llx_c_actioncomm	核心/系统	8	color	varchar(9)	varchar	YES		N	N					字段 color（基于字段名推断）	htdocs/install/mysql/tables/llx_c_actioncomm.sql	31
llx_c_actioncomm	核心/系统	9	picto	varchar(48)	varchar	YES		N	N					字段 picto（基于字段名推断）	htdocs/install/mysql/tables/llx_c_actioncomm.sql	32
llx_c_actioncomm	核心/系统	10	position	integer	integer	NO	0	N	N					字段 position（基于字段名推断）	htdocs/install/mysql/tables/llx_c_actioncomm.sql	33
llx_c_asset_disposal_type	资产	1	rowid	integer	integer	NO		Y	Y	PRIMARY	PRIMARY			主键行标识；通常为自增整数	htdocs/install/mysql/tables/llx_c_asset_disposal_type-asset.sql	22
llx_c_asset_disposal_type	资产	2	entity	integer	integer	NO	1	N	N	uk_c_asset_disposal_type	uk_c_asset_disposal_type			多实体/多公司隔离标识	htdocs/install/mysql/tables/llx_c_asset_disposal_type-asset.sql	23
llx_c_asset_disposal_type	资产	3	code	varchar(16)	varchar	NO		N	N	uk_c_asset_disposal_type	uk_c_asset_disposal_type			业务代码	htdocs/install/mysql/tables/llx_c_asset_disposal_type-asset.sql	24
llx_c_asset_disposal_type	资产	4	label	varchar(50)	varchar	NO		N	N					名称或标签	htdocs/install/mysql/tables/llx_c_asset_disposal_type-asset.sql	25
llx_c_asset_disposal_type	资产	5	active	integer	integer	NO	1	N	N					启用标识（通常 1=启用，0=停用）	htdocs/install/mysql/tables/llx_c_asset_disposal_type-asset.sql	26
llx_c_availability	核心/系统	1	rowid	integer	integer	NO		Y	Y	PRIMARY	PRIMARY			主键行标识；通常为自增整数	htdocs/install/mysql/tables/llx_c_availability.sql	23
llx_c_availability	核心/系统	2	code	varchar(30)	varchar	NO		N	N	uk_c_availability	uk_c_availability			业务代码	htdocs/install/mysql/tables/llx_c_availability.sql	24
llx_c_availability	核心/系统	3	label	varchar(128)	varchar	NO		N	N					名称或标签	htdocs/install/mysql/tables/llx_c_availability.sql	25
llx_c_availability	核心/系统	4	type_duration	varchar(1)	varchar	YES		N	N					比例/百分比字段（基于字段名推断）	htdocs/install/mysql/tables/llx_c_availability.sql	26
llx_c_availability	核心/系统	5	qty	real	real	YES		N	N					数量	htdocs/install/mysql/tables/llx_c_availability.sql	27
llx_c_availability	核心/系统	6	active	tinyint	tinyint	NO	1	N	N					启用标识（通常 1=启用，0=停用）	htdocs/install/mysql/tables/llx_c_availability.sql	28
llx_c_availability	核心/系统	7	position	integer	integer	NO	0	N	N					字段 position（基于字段名推断）	htdocs/install/mysql/tables/llx_c_availability.sql	29
llx_c_barcode_type	核心/系统	1	rowid	integer	integer	NO		Y	Y	PRIMARY	PRIMARY			主键行标识；通常为自增整数	htdocs/install/mysql/tables/llx_c_barcode_type.sql	23
llx_c_barcode_type	核心/系统	2	code	varchar(16)	varchar	NO		N	N	uk_c_barcode_type	uk_c_barcode_type			业务代码	htdocs/install/mysql/tables/llx_c_barcode_type.sql	24
llx_c_barcode_type	核心/系统	3	entity	integer	integer	NO	1	N	N	uk_c_barcode_type	uk_c_barcode_type		multi company id	多实体/多公司隔离标识；源码注释：multi company id	htdocs/install/mysql/tables/llx_c_barcode_type.sql	25
llx_c_barcode_type	核心/系统	4	libelle	varchar(128)	varchar	NO		N	N					字段 libelle（基于字段名推断）	htdocs/install/mysql/tables/llx_c_barcode_type.sql	26
llx_c_barcode_type	核心/系统	5	coder	varchar(16)	varchar	NO		N	N					代码/参考号字段（基于字段名推断）	htdocs/install/mysql/tables/llx_c_barcode_type.sql	27
llx_c_barcode_type	核心/系统	6	example	varchar(16)	varchar	NO		N	N					字段 example（基于字段名推断）	htdocs/install/mysql/tables/llx_c_barcode_type.sql	28
llx_c_chargesociales	核心/系统	1	id	integer	integer	NO		Y	Y	PRIMARY	PRIMARY			主键标识；部分参考表使用非自增 ID	htdocs/install/mysql/tables/llx_c_chargesociales.sql	23
llx_c_chargesociales	核心/系统	2	libelle	varchar(128)	varchar	YES		N	N					字段 libelle（基于字段名推断）	htdocs/install/mysql/tables/llx_c_chargesociales.sql	24
llx_c_chargesociales	核心/系统	3	deductible	smallint	smallint	NO	0	N	N					字段 deductible（基于字段名推断）	htdocs/install/mysql/tables/llx_c_chargesociales.sql	25
llx_c_chargesociales	核心/系统	4	active	tinyint	tinyint	NO	1	N	N					启用标识（通常 1=启用，0=停用）	htdocs/install/mysql/tables/llx_c_chargesociales.sql	26
llx_c_chargesociales	核心/系统	5	code	varchar(24)	varchar	NO		N	N					业务代码	htdocs/install/mysql/tables/llx_c_chargesociales.sql	27
llx_c_chargesociales	核心/系统	6	accountancy_code	varchar(32)	varchar	YES	NULL	N	N					代码/参考号字段（基于字段名推断）	htdocs/install/mysql/tables/llx_c_chargesociales.sql	28
llx_c_chargesociales	核心/系统	7	fk_pays	integer	integer	NO	1	N	N					外部关联 ID（具体目标以外键或业务代码为准）（基于字段名推断）	htdocs/install/mysql/tables/llx_c_chargesociales.sql	29
llx_c_chargesociales	核心/系统	8	module	varchar(32)	varchar	YES		N	N					字段 module（基于字段名推断）	htdocs/install/mysql/tables/llx_c_chargesociales.sql	30
llx_c_civility	核心/系统	1	rowid	integer	integer	NO		Y	Y	PRIMARY	PRIMARY			主键行标识；通常为自增整数	htdocs/install/mysql/tables/llx_c_civility.sql	23
llx_c_civility	核心/系统	2	code	varchar(6)	varchar	NO		N	N	uk_c_civility	uk_c_civility			业务代码	htdocs/install/mysql/tables/llx_c_civility.sql	24
llx_c_civility	核心/系统	3	label	varchar(128)	varchar	YES		N	N					名称或标签	htdocs/install/mysql/tables/llx_c_civility.sql	25
llx_c_civility	核心/系统	4	active	tinyint	tinyint	NO	1	N	N					启用标识（通常 1=启用，0=停用）	htdocs/install/mysql/tables/llx_c_civility.sql	26
llx_c_civility	核心/系统	5	module	varchar(32)	varchar	YES		N	N					字段 module（基于字段名推断）	htdocs/install/mysql/tables/llx_c_civility.sql	27
llx_c_country	核心/系统	1	rowid	integer	integer	NO		N	Y	PRIMARY	PRIMARY			主键行标识；通常为自增整数	htdocs/install/mysql/tables/llx_c_country.sql	25
llx_c_country	核心/系统	2	code	varchar(2)	varchar	NO		N	N	idx_c_country_code	idx_c_country_code		the iso 2 alpha code	业务代码；源码注释：the iso 2 alpha code	htdocs/install/mysql/tables/llx_c_country.sql	26
llx_c_country	核心/系统	3	code_iso	varchar(3)	varchar	YES		N	N	idx_c_country_code_iso	idx_c_country_code_iso		the iso 3 alpha code	代码/参考号字段；源码注释：the iso 3 alpha code	htdocs/install/mysql/tables/llx_c_country.sql	27
llx_c_country	核心/系统	4	numeric_code	varchar(3)	varchar	YES		N	N				the iso numeric number	代码/参考号字段；源码注释：the iso numeric number	htdocs/install/mysql/tables/llx_c_country.sql	28
llx_c_country	核心/系统	5	label	varchar(128)	varchar	NO		N	N	idx_c_country_label	idx_c_country_label			名称或标签	htdocs/install/mysql/tables/llx_c_country.sql	29
llx_c_country	核心/系统	6	eec	tinyint	tinyint	NO	0	N	N					字段 eec（基于字段名推断）	htdocs/install/mysql/tables/llx_c_country.sql	30
llx_c_country	核心/系统	7	sepa	tinyint	tinyint	NO	0	N	N					字段 sepa（基于字段名推断）	htdocs/install/mysql/tables/llx_c_country.sql	31
llx_c_country	核心/系统	8	active	tinyint	tinyint	NO	1	N	N					启用标识（通常 1=启用，0=停用）	htdocs/install/mysql/tables/llx_c_country.sql	32
llx_c_country	核心/系统	9	favorite	tinyint	tinyint	NO	0	N	N					字段 favorite（基于字段名推断）	htdocs/install/mysql/tables/llx_c_country.sql	33
llx_c_country	核心/系统	10	phone_code	integer	integer	YES		N	N					代码/参考号字段（基于字段名推断）	htdocs/install/mysql/tables/llx_c_country.sql	34
llx_c_country	核心/系统	11	trunk_prefix	varchar(5)	varchar	YES		N	N					字段 trunk_prefix（基于字段名推断）	htdocs/install/mysql/tables/llx_c_country.sql	35
llx_c_currencies	核心/系统	1	code_iso	varchar(3)	varchar	NO		N	Y	PRIMARY	PRIMARY			代码/参考号字段（基于字段名推断）	htdocs/install/mysql/tables/llx_c_currencies.sql	23
llx_c_currencies	核心/系统	2	label	varchar(128)	varchar	NO		N	N					名称或标签	htdocs/install/mysql/tables/llx_c_currencies.sql	24
llx_c_currencies	核心/系统	3	unicode	varchar(32)	varchar	YES	NULL	N	N					代码/参考号字段（基于字段名推断）	htdocs/install/mysql/tables/llx_c_currencies.sql	25
llx_c_currencies	核心/系统	4	active	tinyint	tinyint	NO	1	N	N					启用标识（通常 1=启用，0=停用）	htdocs/install/mysql/tables/llx_c_currencies.sql	26
llx_c_currencies	核心/系统	5	max_decimal_unit	tinyint	tinyint	YES		N	N				Number of decimal in this currency for unit prices	字段 max_decimal_unit；源码注释：Number of decimal in this currency for unit prices	htdocs/install/mysql/tables/llx_c_currencies.sql	27
llx_c_currencies	核心/系统	6	max_decimal_tot	tinyint	tinyint	YES		N	N				Number of decimal in this currency for total prices	字段 max_decimal_tot；源码注释：Number of decimal in this currency for total prices	htdocs/install/mysql/tables/llx_c_currencies.sql	28
llx_c_departements	核心/系统	1	rowid	integer	integer	NO		Y	Y	PRIMARY	PRIMARY			主键行标识；通常为自增整数	htdocs/install/mysql/tables/llx_c_departements.sql	22
llx_c_departements	核心/系统	2	code_departement	varchar(6)	varchar	NO		N	N					代码/参考号字段（基于字段名推断）	htdocs/install/mysql/tables/llx_c_departements.sql	23
llx_c_departements	核心/系统	3	fk_region	integer	integer	YES		N	N	idx_departements_fk_region		llx_c_regions.code_region		外部关联 ID（具体目标以外键或业务代码为准）（基于字段名推断）	htdocs/install/mysql/tables/llx_c_departements.sql	24
llx_c_departements	核心/系统	4	cheflieu	varchar(50)	varchar	YES		N	N					字段 cheflieu（基于字段名推断）	htdocs/install/mysql/tables/llx_c_departements.sql	25
llx_c_departements	核心/系统	5	tncc	integer	integer	YES		N	N					字段 tncc（基于字段名推断）	htdocs/install/mysql/tables/llx_c_departements.sql	26
llx_c_departements	核心/系统	6	ncc	varchar(50)	varchar	YES		N	N					字段 ncc（基于字段名推断）	htdocs/install/mysql/tables/llx_c_departements.sql	27
llx_c_departements	核心/系统	7	nom	varchar(50)	varchar	YES		N	N					名称	htdocs/install/mysql/tables/llx_c_departements.sql	28
llx_c_departements	核心/系统	8	active	tinyint	tinyint	NO	1	N	N					启用标识（通常 1=启用，0=停用）	htdocs/install/mysql/tables/llx_c_departements.sql	29
llx_c_ecotaxe	核心/系统	1	rowid	integer	integer	NO		Y	Y	PRIMARY	PRIMARY			主键行标识；通常为自增整数	htdocs/install/mysql/tables/llx_c_ecotaxe.sql	22
llx_c_ecotaxe	核心/系统	2	code	varchar(64)	varchar	NO		N	N	uk_c_ecotaxe	uk_c_ecotaxe		Code servant a la traduction et a la reference interne	业务代码；源码注释：Code servant a la traduction et a la reference interne	htdocs/install/mysql/tables/llx_c_ecotaxe.sql	23
llx_c_ecotaxe	核心/系统	3	label	varchar(255)	varchar	YES		N	N				Description	名称或标签；源码注释：Description	htdocs/install/mysql/tables/llx_c_ecotaxe.sql	24
llx_c_ecotaxe	核心/系统	4	price	double(24,8)	double	YES		N	N				Montant HT	价格；源码注释：Montant HT	htdocs/install/mysql/tables/llx_c_ecotaxe.sql	25
llx_c_ecotaxe	核心/系统	5	organization	varchar(255)	varchar	YES		N	N				Organisme gerant le bareme tarifaire	字段 organization；源码注释：Organisme gerant le bareme tarifaire	htdocs/install/mysql/tables/llx_c_ecotaxe.sql	26
llx_c_ecotaxe	核心/系统	6	fk_pays	integer	integer	NO		N	N				Pays correspondant	外部关联 ID（具体目标以外键或业务代码为准）；源码注释：Pays correspondant	htdocs/install/mysql/tables/llx_c_ecotaxe.sql	27
llx_c_ecotaxe	核心/系统	7	active	tinyint	tinyint	NO	1	N	N					启用标识（通常 1=启用，0=停用）	htdocs/install/mysql/tables/llx_c_ecotaxe.sql	28
llx_c_effectif	核心/系统	1	id	integer	integer	NO		N	Y	PRIMARY	PRIMARY			主键标识；部分参考表使用非自增 ID	htdocs/install/mysql/tables/llx_c_effectif.sql	23
llx_c_effectif	核心/系统	2	code	varchar(12)	varchar	NO		N	N	uk_c_effectif	uk_c_effectif			业务代码	htdocs/install/mysql/tables/llx_c_effectif.sql	24
llx_c_effectif	核心/系统	3	libelle	varchar(128)	varchar	YES		N	N					字段 libelle（基于字段名推断）	htdocs/install/mysql/tables/llx_c_effectif.sql	25
llx_c_effectif	核心/系统	4	active	tinyint	tinyint	NO	1	N	N					启用标识（通常 1=启用，0=停用）	htdocs/install/mysql/tables/llx_c_effectif.sql	26
llx_c_effectif	核心/系统	5	module	varchar(32)	varchar	YES		N	N					字段 module（基于字段名推断）	htdocs/install/mysql/tables/llx_c_effectif.sql	27
llx_c_email_senderprofile	核心/系统	1	rowid	integer	integer	NO		Y	Y	PRIMARY	PRIMARY			主键行标识；通常为自增整数	htdocs/install/mysql/tables/llx_c_email_senderprofile.sql	22
llx_c_email_senderprofile	核心/系统	2	entity	integer	integer	NO	1	N	N	uk_c_email_senderprofile	uk_c_email_senderprofile		multi company id	多实体/多公司隔离标识；源码注释：multi company id	htdocs/install/mysql/tables/llx_c_email_senderprofile.sql	23
llx_c_email_senderprofile	核心/系统	3	private	smallint	smallint	NO	0	N	N				Template public (0) or private (id of user)	字段 private；源码注释：Template public (0) or private (id of user)	htdocs/install/mysql/tables/llx_c_email_senderprofile.sql	24
llx_c_email_senderprofile	核心/系统	4	date_creation	datetime	datetime	YES		N	N					日期/时间字段（基于字段名推断）	htdocs/install/mysql/tables/llx_c_email_senderprofile.sql	25
llx_c_email_senderprofile	核心/系统	5	tms	timestamp	timestamp	YES	CURRENT_TIMESTAMP	N	N					最后修改时间戳	htdocs/install/mysql/tables/llx_c_email_senderprofile.sql	26
llx_c_email_senderprofile	核心/系统	6	label	varchar(255)	varchar	YES		N	N	uk_c_email_senderprofile	uk_c_email_senderprofile		Label of predefined email	名称或标签；源码注释：Label of predefined email	htdocs/install/mysql/tables/llx_c_email_senderprofile.sql	27
llx_c_email_senderprofile	核心/系统	7	email	varchar(255)	varchar	NO		N	N	uk_c_email_senderprofile	uk_c_email_senderprofile		Email	电子邮箱；源码注释：Email	htdocs/install/mysql/tables/llx_c_email_senderprofile.sql	28
llx_c_email_senderprofile	核心/系统	8	signature	text	text	YES		N	N				Predefined signature	字段 signature；源码注释：Predefined signature	htdocs/install/mysql/tables/llx_c_email_senderprofile.sql	29
llx_c_email_senderprofile	核心/系统	9	position	smallint	smallint	YES	0	N	N				Position	字段 position；源码注释：Position	htdocs/install/mysql/tables/llx_c_email_senderprofile.sql	30
llx_c_email_senderprofile	核心/系统	10	active	tinyint	tinyint	NO	1	N	N					启用标识（通常 1=启用，0=停用）	htdocs/install/mysql/tables/llx_c_email_senderprofile.sql	31
llx_c_email_templates	核心/系统	1	rowid	integer	integer	NO		Y	Y	PRIMARY	PRIMARY			主键行标识；通常为自增整数	htdocs/install/mysql/tables/llx_c_email_templates.sql	22
llx_c_email_templates	核心/系统	2	entity	integer	integer	NO	1	N	N	uk_c_email_templates	uk_c_email_templates		multi company id	多实体/多公司隔离标识；源码注释：multi company id	htdocs/install/mysql/tables/llx_c_email_templates.sql	23
llx_c_email_templates	核心/系统	3	module	varchar(32)	varchar	YES		N	N				Nom du module en rapport avec le modele	字段 module；源码注释：Nom du module en rapport avec le modele	htdocs/install/mysql/tables/llx_c_email_templates.sql	24
llx_c_email_templates	核心/系统	4	type_template	varchar(32)	varchar	YES		N	N	idx_type			template for which type of email (send invoice by email, send order, ...)	字段 type_template；源码注释：template for which type of email (send invoice by email, send order, ...)	htdocs/install/mysql/tables/llx_c_email_templates.sql	25
llx_c_email_templates	核心/系统	5	lang	varchar(6)	varchar	YES	''	N	N	uk_c_email_templates	uk_c_email_templates		We use a default to '' so the unique index that include this field will work	字段 lang；源码注释：We use a default to '' so the unique index that include this field will work	htdocs/install/mysql/tables/llx_c_email_templates.sql	26
llx_c_email_templates	核心/系统	6	private	smallint	smallint	NO	0	N	N				Template public or private	字段 private；源码注释：Template public or private	htdocs/install/mysql/tables/llx_c_email_templates.sql	27
llx_c_email_templates	核心/系统	7	fk_user	integer	integer	YES		N	N				Id user owner if template is private, or null	外部关联 ID（具体目标以外键或业务代码为准）；源码注释：Id user owner if template is private, or null	htdocs/install/mysql/tables/llx_c_email_templates.sql	28
llx_c_email_templates	核心/系统	8	datec	datetime	datetime	YES		N	N					创建日期/时间	htdocs/install/mysql/tables/llx_c_email_templates.sql	29
llx_c_email_templates	核心/系统	9	tms	timestamp	timestamp	YES	CURRENT_TIMESTAMP	N	N					最后修改时间戳	htdocs/install/mysql/tables/llx_c_email_templates.sql	30
llx_c_email_templates	核心/系统	10	label	varchar(180)	varchar	YES		N	N	uk_c_email_templates	uk_c_email_templates		Label of predefined email	名称或标签；源码注释：Label of predefined email	htdocs/install/mysql/tables/llx_c_email_templates.sql	31
llx_c_email_templates	核心/系统	11	position	smallint	smallint	YES		N	N				Position	字段 position；源码注释：Position	htdocs/install/mysql/tables/llx_c_email_templates.sql	32
llx_c_email_templates	核心/系统	12	defaultfortype	smallint	smallint	YES	0	N	N				1=Use this template by default when creating a new email for this type	字段 defaultfortype；源码注释：1=Use this template by default when creating a new email for this type	htdocs/install/mysql/tables/llx_c_email_templates.sql	33
llx_c_email_templates	核心/系统	13	enabled	varchar(255)	varchar	YES	'1'	N	N				Condition to have this module visible	布尔/开关标识；源码注释：Condition to have this module visible	htdocs/install/mysql/tables/llx_c_email_templates.sql	34
llx_c_email_templates	核心/系统	14	active	tinyint	tinyint	NO	1	N	N					启用标识（通常 1=启用，0=停用）	htdocs/install/mysql/tables/llx_c_email_templates.sql	35
llx_c_email_templates	核心/系统	15	email_from	varchar(255)	varchar	YES		N	N				default email from	字段 email_from；源码注释：default email from	htdocs/install/mysql/tables/llx_c_email_templates.sql	36
llx_c_email_templates	核心/系统	16	email_to	varchar(255)	varchar	YES		N	N				default email to	字段 email_to；源码注释：default email to	htdocs/install/mysql/tables/llx_c_email_templates.sql	37
llx_c_email_templates	核心/系统	17	email_tocc	varchar(255)	varchar	YES		N	N				default email to cc	字段 email_tocc；源码注释：default email to cc	htdocs/install/mysql/tables/llx_c_email_templates.sql	38
llx_c_email_templates	核心/系统	18	email_tobcc	varchar(255)	varchar	YES		N	N				default email to bcc	字段 email_tobcc；源码注释：default email to bcc	htdocs/install/mysql/tables/llx_c_email_templates.sql	39
llx_c_email_templates	核心/系统	19	topic	text	text	YES		N	N				Predefined topic	字段 topic；源码注释：Predefined topic	htdocs/install/mysql/tables/llx_c_email_templates.sql	40
llx_c_email_templates	核心/系统	20	joinfiles	text	text	YES		N	N				Files to attach	字段 joinfiles；源码注释：Files to attach	htdocs/install/mysql/tables/llx_c_email_templates.sql	41
llx_c_email_templates	核心/系统	21	content	mediumtext	mediumtext	YES		N	N				Predefined text	字段 content；源码注释：Predefined text	htdocs/install/mysql/tables/llx_c_email_templates.sql	42
llx_c_email_templates	核心/系统	22	content_lines	text	text	YES		N	N				Predefined text to use to generate the string concatenated with all lines	字段 content_lines；源码注释：Predefined text to use to generate the string concatenated with all lines	htdocs/install/mysql/tables/llx_c_email_templates.sql	43
llx_c_exp_tax_cat	费用报告	1	rowid	integer	integer	NO		Y	Y	PRIMARY	PRIMARY			主键行标识；通常为自增整数	htdocs/install/mysql/tables/llx_c_exp_tax_cat-expensereport.sql	23
llx_c_exp_tax_cat	费用报告	2	label	varchar(128)	varchar	NO		N	N					名称或标签	htdocs/install/mysql/tables/llx_c_exp_tax_cat-expensereport.sql	24
llx_c_exp_tax_cat	费用报告	3	entity	integer	integer	NO	1	N	N					多实体/多公司隔离标识	htdocs/install/mysql/tables/llx_c_exp_tax_cat-expensereport.sql	25
llx_c_exp_tax_cat	费用报告	4	active	integer	integer	NO	1	N	N					启用标识（通常 1=启用，0=停用）	htdocs/install/mysql/tables/llx_c_exp_tax_cat-expensereport.sql	26
llx_c_exp_tax_range	费用报告	1	rowid	integer	integer	NO		Y	Y	PRIMARY	PRIMARY			主键行标识；通常为自增整数	htdocs/install/mysql/tables/llx_c_exp_tax_range-expensereport.sql	22
llx_c_exp_tax_range	费用报告	2	fk_c_exp_tax_cat	integer	integer	NO	1	N	N					外部关联 ID（具体目标以外键或业务代码为准）（基于字段名推断）	htdocs/install/mysql/tables/llx_c_exp_tax_range-expensereport.sql	23
llx_c_exp_tax_range	费用报告	3	range_ik	double	double	NO	0	N	N					字段 range_ik（基于字段名推断）	htdocs/install/mysql/tables/llx_c_exp_tax_range-expensereport.sql	24
llx_c_exp_tax_range	费用报告	4	entity	integer	integer	NO	1	N	N					多实体/多公司隔离标识	htdocs/install/mysql/tables/llx_c_exp_tax_range-expensereport.sql	25
llx_c_exp_tax_range	费用报告	5	active	integer	integer	NO	1	N	N					启用标识（通常 1=启用，0=停用）	htdocs/install/mysql/tables/llx_c_exp_tax_range-expensereport.sql	26
llx_c_field_list	核心/系统	1	rowid	integer	integer	NO		Y	Y	PRIMARY	PRIMARY			主键行标识；通常为自增整数	htdocs/install/mysql/tables/llx_c_field_list.sql	27
llx_c_field_list	核心/系统	2	tms	timestamp	timestamp	YES	CURRENT_TIMESTAMP	N	N					最后修改时间戳	htdocs/install/mysql/tables/llx_c_field_list.sql	28
llx_c_field_list	核心/系统	3	element	varchar(64)	varchar	NO		N	N				name of element list	字段 element；源码注释：name of element list	htdocs/install/mysql/tables/llx_c_field_list.sql	29
llx_c_field_list	核心/系统	4	entity	integer	integer	NO	1	N	N				entity id	多实体/多公司隔离标识；源码注释：entity id	htdocs/install/mysql/tables/llx_c_field_list.sql	30
llx_c_field_list	核心/系统	5	name	varchar(32)	varchar	NO		N	N				name of field with table alias (ex: p.ref)	名称/标题字段；源码注释：name of field with table alias (ex: p.ref)	htdocs/install/mysql/tables/llx_c_field_list.sql	31
llx_c_field_list	核心/系统	6	alias	varchar(32)	varchar	NO		N	N				alias of field (ex: ref)	字段 alias；源码注释：alias of field (ex: ref)	htdocs/install/mysql/tables/llx_c_field_list.sql	32
llx_c_field_list	核心/系统	7	title	varchar(32)	varchar	NO		N	N				title (translation) of field (ex: Ref)	名称/标题字段；源码注释：title (translation) of field (ex: Ref)	htdocs/install/mysql/tables/llx_c_field_list.sql	33
llx_c_field_list	核心/系统	8	align	varchar(6)	varchar	YES	'left'	N	N				align (left,center,right)	字段 align；源码注释：align (left,center,right)	htdocs/install/mysql/tables/llx_c_field_list.sql	34
llx_c_field_list	核心/系统	9	sort	tinyint	tinyint	NO	1	N	N				add sort field	字段 sort；源码注释：add sort field	htdocs/install/mysql/tables/llx_c_field_list.sql	35
llx_c_field_list	核心/系统	10	search	tinyint	tinyint	NO	0	N	N				add search field	字段 search；源码注释：add search field	htdocs/install/mysql/tables/llx_c_field_list.sql	36
llx_c_field_list	核心/系统	11	visible	tinyint	tinyint	NO	1	N	N				visibility of field. 0=Never visible, 1=Visible on list and forms, 2=Visible on list only	布尔/开关标识；源码注释：visibility of field. 0=Never visible, 1=Visible on list and forms, 2=Visible on list only	htdocs/install/mysql/tables/llx_c_field_list.sql	37
llx_c_field_list	核心/系统	12	enabled	varchar(255)	varchar	YES	1	N	N				Condition to show or hide	布尔/开关标识；源码注释：Condition to show or hide	htdocs/install/mysql/tables/llx_c_field_list.sql	38
llx_c_field_list	核心/系统	13	rang	integer	integer	YES	0	N	N					字段 rang（基于字段名推断）	htdocs/install/mysql/tables/llx_c_field_list.sql	39
llx_c_format_cards	核心/系统	1	rowid	integer	integer	NO		Y	Y	PRIMARY	PRIMARY			主键行标识；通常为自增整数	htdocs/install/mysql/tables/llx_c_format_cards.sql	21
llx_c_format_cards	核心/系统	2	code	varchar(50)	varchar	NO		N	N					业务代码	htdocs/install/mysql/tables/llx_c_format_cards.sql	22
llx_c_format_cards	核心/系统	3	name	varchar(50)	varchar	NO		N	N					名称/标题字段（基于字段名推断）	htdocs/install/mysql/tables/llx_c_format_cards.sql	23
llx_c_format_cards	核心/系统	4	paper_size	varchar(20)	varchar	NO		N	N					字段 paper_size（基于字段名推断）	htdocs/install/mysql/tables/llx_c_format_cards.sql	24
llx_c_format_cards	核心/系统	5	orientation	varchar(1)	varchar	NO		N	N					字段 orientation（基于字段名推断）	htdocs/install/mysql/tables/llx_c_format_cards.sql	25
llx_c_format_cards	核心/系统	6	metric	varchar(5)	varchar	NO		N	N					字段 metric（基于字段名推断）	htdocs/install/mysql/tables/llx_c_format_cards.sql	26
llx_c_format_cards	核心/系统	7	leftmargin	double(24,8)	double	NO		N	N					字段 leftmargin（基于字段名推断）	htdocs/install/mysql/tables/llx_c_format_cards.sql	27
llx_c_format_cards	核心/系统	8	topmargin	double(24,8)	double	NO		N	N					字段 topmargin（基于字段名推断）	htdocs/install/mysql/tables/llx_c_format_cards.sql	28
llx_c_format_cards	核心/系统	9	nx	integer	integer	NO		N	N					字段 nx（基于字段名推断）	htdocs/install/mysql/tables/llx_c_format_cards.sql	29
llx_c_format_cards	核心/系统	10	ny	integer	integer	NO		N	N					字段 ny（基于字段名推断）	htdocs/install/mysql/tables/llx_c_format_cards.sql	30
llx_c_format_cards	核心/系统	11	spacex	double(24,8)	double	NO		N	N					字段 spacex（基于字段名推断）	htdocs/install/mysql/tables/llx_c_format_cards.sql	31
llx_c_format_cards	核心/系统	12	spacey	double(24,8)	double	NO		N	N					字段 spacey（基于字段名推断）	htdocs/install/mysql/tables/llx_c_format_cards.sql	32
llx_c_format_cards	核心/系统	13	width	double(24,8)	double	NO		N	N					字段 width（基于字段名推断）	htdocs/install/mysql/tables/llx_c_format_cards.sql	33
llx_c_format_cards	核心/系统	14	height	double(24,8)	double	NO		N	N					字段 height（基于字段名推断）	htdocs/install/mysql/tables/llx_c_format_cards.sql	34
llx_c_format_cards	核心/系统	15	font_size	integer	integer	NO		N	N					字段 font_size（基于字段名推断）	htdocs/install/mysql/tables/llx_c_format_cards.sql	35
llx_c_format_cards	核心/系统	16	custom_x	double(24,8)	double	NO		N	N					字段 custom_x（基于字段名推断）	htdocs/install/mysql/tables/llx_c_format_cards.sql	36
llx_c_format_cards	核心/系统	17	custom_y	double(24,8)	double	NO		N	N					字段 custom_y（基于字段名推断）	htdocs/install/mysql/tables/llx_c_format_cards.sql	37
llx_c_format_cards	核心/系统	18	active	integer	integer	NO		N	N					启用标识（通常 1=启用，0=停用）	htdocs/install/mysql/tables/llx_c_format_cards.sql	38
llx_c_forme_juridique	核心/系统	1	rowid	integer	integer	NO		Y	Y	PRIMARY	PRIMARY			主键行标识；通常为自增整数	htdocs/install/mysql/tables/llx_c_forme_juridique.sql	22
llx_c_forme_juridique	核心/系统	2	code	integer	integer	NO		N	N	uk_c_forme_juridique	uk_c_forme_juridique			业务代码	htdocs/install/mysql/tables/llx_c_forme_juridique.sql	23
llx_c_forme_juridique	核心/系统	3	fk_pays	integer	integer	NO		N	N					外部关联 ID（具体目标以外键或业务代码为准）（基于字段名推断）	htdocs/install/mysql/tables/llx_c_forme_juridique.sql	24
llx_c_forme_juridique	核心/系统	4	libelle	varchar(255)	varchar	YES		N	N					字段 libelle（基于字段名推断）	htdocs/install/mysql/tables/llx_c_forme_juridique.sql	25
llx_c_forme_juridique	核心/系统	5	isvatexempted	tinyint	tinyint	NO	0	N	N					字段 isvatexempted（基于字段名推断）	htdocs/install/mysql/tables/llx_c_forme_juridique.sql	26
llx_c_forme_juridique	核心/系统	6	active	tinyint	tinyint	NO	1	N	N					启用标识（通常 1=启用，0=停用）	htdocs/install/mysql/tables/llx_c_forme_juridique.sql	27
llx_c_forme_juridique	核心/系统	7	module	varchar(32)	varchar	YES		N	N					字段 module（基于字段名推断）	htdocs/install/mysql/tables/llx_c_forme_juridique.sql	28
llx_c_forme_juridique	核心/系统	8	position	integer	integer	NO	0	N	N					字段 position（基于字段名推断）	htdocs/install/mysql/tables/llx_c_forme_juridique.sql	29
llx_c_holiday_types	核心/系统	1	rowid	integer	integer	NO		Y	Y	PRIMARY	PRIMARY			主键行标识；通常为自增整数	htdocs/install/mysql/tables/llx_c_holiday_types.sql	22
llx_c_holiday_types	核心/系统	2	entity	integer	integer	NO	1	N	N	uk_c_holiday_types	uk_c_holiday_types			多实体/多公司隔离标识	htdocs/install/mysql/tables/llx_c_holiday_types.sql	23
llx_c_holiday_types	核心/系统	3	code	varchar(16)	varchar	NO		N	N	uk_c_holiday_types	uk_c_holiday_types			业务代码	htdocs/install/mysql/tables/llx_c_holiday_types.sql	24
llx_c_holiday_types	核心/系统	4	label	varchar(255)	varchar	NO		N	N					名称或标签	htdocs/install/mysql/tables/llx_c_holiday_types.sql	25
llx_c_holiday_types	核心/系统	5	affect	integer	integer	NO		N	N				a request will change sold or not	字段 affect；源码注释：a request will change sold or not	htdocs/install/mysql/tables/llx_c_holiday_types.sql	26
llx_c_holiday_types	核心/系统	6	delay	integer	integer	NO		N	N				Minimum delay to be allowed to make request	字段 delay；源码注释：Minimum delay to be allowed to make request	htdocs/install/mysql/tables/llx_c_holiday_types.sql	27
llx_c_holiday_types	核心/系统	7	newbymonth	double(8,5)	double	NO	0	N	N				Amount of new days for each user each month	字段 newbymonth；源码注释：Amount of new days for each user each month	htdocs/install/mysql/tables/llx_c_holiday_types.sql	28
llx_c_holiday_types	核心/系统	8	fk_country	integer	integer	YES	NULL	N	N				This type is dedicated to a country	外部关联 ID（具体目标以外键或业务代码为准）；源码注释：This type is dedicated to a country	htdocs/install/mysql/tables/llx_c_holiday_types.sql	29
llx_c_holiday_types	核心/系统	9	block_if_negative	integer	integer	NO	0	N	N					字段 block_if_negative（基于字段名推断）	htdocs/install/mysql/tables/llx_c_holiday_types.sql	30
llx_c_holiday_types	核心/系统	10	sortorder	smallint	smallint	YES		N	N					字段 sortorder（基于字段名推断）	htdocs/install/mysql/tables/llx_c_holiday_types.sql	31
llx_c_holiday_types	核心/系统	11	active	integer	integer	YES	1	N	N					启用标识（通常 1=启用，0=停用）	htdocs/install/mysql/tables/llx_c_holiday_types.sql	32
llx_c_hrm_department	核心/系统	1	rowid	integer	integer	NO		N	Y	PRIMARY	PRIMARY			主键行标识；通常为自增整数	htdocs/install/mysql/tables/llx_c_hrm_department.sql	21
llx_c_hrm_department	核心/系统	2	pos	tinyint	tinyint	NO	0	N	N					字段 pos（基于字段名推断）	htdocs/install/mysql/tables/llx_c_hrm_department.sql	22
llx_c_hrm_department	核心/系统	3	code	varchar(16)	varchar	NO		N	N					业务代码	htdocs/install/mysql/tables/llx_c_hrm_department.sql	23
llx_c_hrm_department	核心/系统	4	label	varchar(128)	varchar	YES		N	N					名称或标签	htdocs/install/mysql/tables/llx_c_hrm_department.sql	24
llx_c_hrm_department	核心/系统	5	active	tinyint	tinyint	NO	1	N	N					启用标识（通常 1=启用，0=停用）	htdocs/install/mysql/tables/llx_c_hrm_department.sql	25
llx_c_hrm_function	核心/系统	1	rowid	integer	integer	NO		N	Y	PRIMARY	PRIMARY			主键行标识；通常为自增整数	htdocs/install/mysql/tables/llx_c_hrm_function.sql	21
llx_c_hrm_function	核心/系统	2	pos	tinyint	tinyint	NO	0	N	N					字段 pos（基于字段名推断）	htdocs/install/mysql/tables/llx_c_hrm_function.sql	22
llx_c_hrm_function	核心/系统	3	code	varchar(16)	varchar	NO		N	N					业务代码	htdocs/install/mysql/tables/llx_c_hrm_function.sql	23
llx_c_hrm_function	核心/系统	4	label	varchar(128)	varchar	YES		N	N					名称或标签	htdocs/install/mysql/tables/llx_c_hrm_function.sql	24
llx_c_hrm_function	核心/系统	5	c_level	tinyint	tinyint	NO	0	N	N					字段 c_level（基于字段名推断）	htdocs/install/mysql/tables/llx_c_hrm_function.sql	25
llx_c_hrm_function	核心/系统	6	active	tinyint	tinyint	NO	1	N	N					启用标识（通常 1=启用，0=停用）	htdocs/install/mysql/tables/llx_c_hrm_function.sql	26
llx_c_hrm_public_holiday	核心/系统	1	id	integer	integer	NO		Y	Y	PRIMARY	PRIMARY			主键标识；部分参考表使用非自增 ID	htdocs/install/mysql/tables/llx_c_hrm_public_holiday.sql	21
llx_c_hrm_public_holiday	核心/系统	2	entity	integer	integer	NO	1	N	N	uk_c_hrm_public_holiday, uk_c_hrm_public_holiday2	uk_c_hrm_public_holiday, uk_c_hrm_public_holiday2			多实体/多公司隔离标识	htdocs/install/mysql/tables/llx_c_hrm_public_holiday.sql	22
llx_c_hrm_public_holiday	核心/系统	3	fk_country	integer	integer	YES		N	N	uk_c_hrm_public_holiday2	uk_c_hrm_public_holiday2			外部关联 ID（具体目标以外键或业务代码为准）（基于字段名推断）	htdocs/install/mysql/tables/llx_c_hrm_public_holiday.sql	23
llx_c_hrm_public_holiday	核心/系统	4	fk_departement	integer	integer	YES		N	N					外部关联 ID（具体目标以外键或业务代码为准）（基于字段名推断）	htdocs/install/mysql/tables/llx_c_hrm_public_holiday.sql	24
llx_c_hrm_public_holiday	核心/系统	5	code	varchar(62)	varchar	YES		N	N	uk_c_hrm_public_holiday	uk_c_hrm_public_holiday			业务代码	htdocs/install/mysql/tables/llx_c_hrm_public_holiday.sql	25
llx_c_hrm_public_holiday	核心/系统	6	dayrule	varchar(64)	varchar	YES	''	N	N	uk_c_hrm_public_holiday2	uk_c_hrm_public_holiday2		'easter', 'eastermonday', ...	字段 dayrule；源码注释：'easter', 'eastermonday', ...	htdocs/install/mysql/tables/llx_c_hrm_public_holiday.sql	26
llx_c_hrm_public_holiday	核心/系统	7	day	integer	integer	YES		N	N	uk_c_hrm_public_holiday2	uk_c_hrm_public_holiday2			字段 day（基于字段名推断）	htdocs/install/mysql/tables/llx_c_hrm_public_holiday.sql	27
llx_c_hrm_public_holiday	核心/系统	8	month	integer	integer	YES		N	N	uk_c_hrm_public_holiday2	uk_c_hrm_public_holiday2			字段 month（基于字段名推断）	htdocs/install/mysql/tables/llx_c_hrm_public_holiday.sql	28
llx_c_hrm_public_holiday	核心/系统	9	year	integer	integer	YES		N	N	uk_c_hrm_public_holiday2	uk_c_hrm_public_holiday2		0 for all years	字段 year；源码注释：0 for all years	htdocs/install/mysql/tables/llx_c_hrm_public_holiday.sql	29
llx_c_hrm_public_holiday	核心/系统	10	active	integer	integer	YES	1	N	N					启用标识（通常 1=启用，0=停用）	htdocs/install/mysql/tables/llx_c_hrm_public_holiday.sql	30
llx_c_hrm_public_holiday	核心/系统	11	import_key	varchar(14)	varchar	YES		N	N					导入批次/外部导入键	htdocs/install/mysql/tables/llx_c_hrm_public_holiday.sql	31
llx_c_incoterms	核心/系统	1	rowid	integer	integer	NO		Y	Y	PRIMARY	PRIMARY			主键行标识；通常为自增整数	htdocs/install/mysql/tables/llx_c_incoterms.sql	21
llx_c_incoterms	核心/系统	2	code	varchar(8)	varchar	NO		N	N	uk_c_incoterms	uk_c_incoterms			业务代码	htdocs/install/mysql/tables/llx_c_incoterms.sql	22
llx_c_incoterms	核心/系统	3	label	varchar(100)	varchar	YES		N	N					名称或标签	htdocs/install/mysql/tables/llx_c_incoterms.sql	23
llx_c_incoterms	核心/系统	4	libelle	varchar(255)	varchar	NO		N	N					字段 libelle（基于字段名推断）	htdocs/install/mysql/tables/llx_c_incoterms.sql	24
llx_c_incoterms	核心/系统	5	active	tinyint	tinyint	NO	1	N	N					启用标识（通常 1=启用，0=停用）	htdocs/install/mysql/tables/llx_c_incoterms.sql	25
llx_c_input_method	核心/系统	1	rowid	integer	integer	NO		Y	Y	PRIMARY	PRIMARY			主键行标识；通常为自增整数	htdocs/install/mysql/tables/llx_c_input_method.sql	23
llx_c_input_method	核心/系统	2	code	varchar(30)	varchar	YES		N	N	uk_c_input_method	uk_c_input_method			业务代码	htdocs/install/mysql/tables/llx_c_input_method.sql	24
llx_c_input_method	核心/系统	3	libelle	varchar(128)	varchar	YES		N	N					字段 libelle（基于字段名推断）	htdocs/install/mysql/tables/llx_c_input_method.sql	25
llx_c_input_method	核心/系统	4	active	tinyint	tinyint	NO	1	N	N					启用标识（通常 1=启用，0=停用）	htdocs/install/mysql/tables/llx_c_input_method.sql	26
llx_c_input_method	核心/系统	5	module	varchar(32)	varchar	YES		N	N					字段 module（基于字段名推断）	htdocs/install/mysql/tables/llx_c_input_method.sql	27
llx_c_input_reason	核心/系统	1	rowid	integer	integer	NO		Y	Y	PRIMARY	PRIMARY			主键行标识；通常为自增整数	htdocs/install/mysql/tables/llx_c_input_reason.sql	25
llx_c_input_reason	核心/系统	2	code	varchar(30)	varchar	YES		N	N	uk_c_input_reason	uk_c_input_reason			业务代码	htdocs/install/mysql/tables/llx_c_input_reason.sql	26
llx_c_input_reason	核心/系统	3	label	varchar(128)	varchar	YES		N	N					名称或标签	htdocs/install/mysql/tables/llx_c_input_reason.sql	27
llx_c_input_reason	核心/系统	4	active	tinyint	tinyint	NO	1	N	N					启用标识（通常 1=启用，0=停用）	htdocs/install/mysql/tables/llx_c_input_reason.sql	28
llx_c_input_reason	核心/系统	5	module	varchar(32)	varchar	YES		N	N					字段 module（基于字段名推断）	htdocs/install/mysql/tables/llx_c_input_reason.sql	29
llx_c_invoice_subtype	核心/系统	1	rowid	integer	integer	NO		Y	Y	PRIMARY	PRIMARY			主键行标识；通常为自增整数	htdocs/install/mysql/tables/llx_c_invoice_subtype.sql	21
llx_c_invoice_subtype	核心/系统	2	entity	integer	integer	NO	1	N	N	uk_c_invoice_subtype	uk_c_invoice_subtype		multi company id	多实体/多公司隔离标识；源码注释：multi company id	htdocs/install/mysql/tables/llx_c_invoice_subtype.sql	22
llx_c_invoice_subtype	核心/系统	3	fk_country	integer	integer	NO		N	N	uk_c_invoice_subtype	uk_c_invoice_subtype			外部关联 ID（具体目标以外键或业务代码为准）（基于字段名推断）	htdocs/install/mysql/tables/llx_c_invoice_subtype.sql	23
llx_c_invoice_subtype	核心/系统	4	code	varchar(5)	varchar	NO		N	N	uk_c_invoice_subtype	uk_c_invoice_subtype			业务代码	htdocs/install/mysql/tables/llx_c_invoice_subtype.sql	24
llx_c_invoice_subtype	核心/系统	5	label	varchar(200)	varchar	YES		N	N					名称或标签	htdocs/install/mysql/tables/llx_c_invoice_subtype.sql	25
llx_c_invoice_subtype	核心/系统	6	active	tinyint	tinyint	NO	1	N	N					启用标识（通常 1=启用，0=停用）	htdocs/install/mysql/tables/llx_c_invoice_subtype.sql	26
llx_c_lead_status	核心/系统	1	rowid	integer	integer	NO		Y	Y	PRIMARY	PRIMARY			主键行标识；通常为自增整数	htdocs/install/mysql/tables/llx_c_lead_status.sql	20
llx_c_lead_status	核心/系统	2	code	varchar(10)	varchar	YES		N	N	uk_c_lead_status_code	uk_c_lead_status_code			业务代码	htdocs/install/mysql/tables/llx_c_lead_status.sql	21
llx_c_lead_status	核心/系统	3	label	varchar(128)	varchar	YES		N	N					名称或标签	htdocs/install/mysql/tables/llx_c_lead_status.sql	22
llx_c_lead_status	核心/系统	4	position	integer	integer	YES		N	N					字段 position（基于字段名推断）	htdocs/install/mysql/tables/llx_c_lead_status.sql	23
llx_c_lead_status	核心/系统	5	percent	double(5,2)	double	YES		N	N					比例/百分比字段（基于字段名推断）	htdocs/install/mysql/tables/llx_c_lead_status.sql	24
llx_c_lead_status	核心/系统	6	active	tinyint	tinyint	NO	1	N	N					启用标识（通常 1=启用，0=停用）	htdocs/install/mysql/tables/llx_c_lead_status.sql	25
llx_c_paiement	核心/系统	1	id	integer	integer	NO		Y	Y	PRIMARY	PRIMARY			主键标识；部分参考表使用非自增 ID	htdocs/install/mysql/tables/llx_c_paiement.sql	25
llx_c_paiement	核心/系统	2	entity	integer	integer	NO	1	N	N	uk_c_paiement_code	uk_c_paiement_code		multi company id	多实体/多公司隔离标识；源码注释：multi company id	htdocs/install/mysql/tables/llx_c_paiement.sql	26
llx_c_paiement	核心/系统	3	code	varchar(6)	varchar	NO		N	N	uk_c_paiement_code	uk_c_paiement_code			业务代码	htdocs/install/mysql/tables/llx_c_paiement.sql	27
llx_c_paiement	核心/系统	4	libelle	varchar(128)	varchar	YES		N	N					字段 libelle（基于字段名推断）	htdocs/install/mysql/tables/llx_c_paiement.sql	28
llx_c_paiement	核心/系统	5	type	smallint	smallint	YES		N	N				0: input money, 1: output money, 2: input and output, 3: other	字段 type；源码注释：0: input money, 1: output money, 2: input and output, 3: other	htdocs/install/mysql/tables/llx_c_paiement.sql	29
llx_c_paiement	核心/系统	6	active	tinyint	tinyint	NO	1	N	N					启用标识（通常 1=启用，0=停用）	htdocs/install/mysql/tables/llx_c_paiement.sql	30
llx_c_paiement	核心/系统	7	accountancy_code	varchar(32)	varchar	YES		N	N					代码/参考号字段（基于字段名推断）	htdocs/install/mysql/tables/llx_c_paiement.sql	31
llx_c_paiement	核心/系统	8	module	varchar(32)	varchar	YES		N	N					字段 module（基于字段名推断）	htdocs/install/mysql/tables/llx_c_paiement.sql	32
llx_c_paiement	核心/系统	9	position	integer	integer	NO	0	N	N					字段 position（基于字段名推断）	htdocs/install/mysql/tables/llx_c_paiement.sql	33
llx_c_paper_format	核心/系统	1	rowid	integer	integer	NO		Y	Y	PRIMARY	PRIMARY			主键行标识；通常为自增整数	htdocs/install/mysql/tables/llx_c_paper_format.sql	22
llx_c_paper_format	核心/系统	2	code	varchar(16)	varchar	NO		N	N					业务代码	htdocs/install/mysql/tables/llx_c_paper_format.sql	23
llx_c_paper_format	核心/系统	3	label	varchar(128)	varchar	NO		N	N					名称或标签	htdocs/install/mysql/tables/llx_c_paper_format.sql	24
llx_c_paper_format	核心/系统	4	width	float(6,2)	float	YES	0	N	N				Largeur du papier	字段 width；源码注释：Largeur du papier	htdocs/install/mysql/tables/llx_c_paper_format.sql	25
llx_c_paper_format	核心/系统	5	height	float(6,2)	float	YES	0	N	N				Hauteur du papier	字段 height；源码注释：Hauteur du papier	htdocs/install/mysql/tables/llx_c_paper_format.sql	26
llx_c_paper_format	核心/系统	6	unit	varchar(5)	varchar	NO		N	N				Mesure unit	字段 unit；源码注释：Mesure unit	htdocs/install/mysql/tables/llx_c_paper_format.sql	27
llx_c_paper_format	核心/系统	7	active	tinyint	tinyint	NO	1	N	N					启用标识（通常 1=启用，0=停用）	htdocs/install/mysql/tables/llx_c_paper_format.sql	28
llx_c_paper_format	核心/系统	8	module	varchar(32)	varchar	YES		N	N					字段 module（基于字段名推断）	htdocs/install/mysql/tables/llx_c_paper_format.sql	29
llx_c_partnership_type	合作伙伴	1	rowid	integer	integer	NO		Y	Y	PRIMARY	PRIMARY			主键行标识；通常为自增整数	htdocs/install/mysql/tables/llx_c_partnership_type-partnership.sql	30
llx_c_partnership_type	合作伙伴	2	entity	integer	integer	NO	1	N	N	uk_c_partnership_type	uk_c_partnership_type			多实体/多公司隔离标识	htdocs/install/mysql/tables/llx_c_partnership_type-partnership.sql	31
llx_c_partnership_type	合作伙伴	3	code	varchar(32)	varchar	NO		N	N	uk_c_partnership_type	uk_c_partnership_type			业务代码	htdocs/install/mysql/tables/llx_c_partnership_type-partnership.sql	32
llx_c_partnership_type	合作伙伴	4	label	varchar(128)	varchar	NO		N	N					名称或标签	htdocs/install/mysql/tables/llx_c_partnership_type-partnership.sql	33
llx_c_partnership_type	合作伙伴	5	keyword	varchar(128)	varchar	YES		N	N				a keyword to check into url of partner website or a dedicated url defined into partneship record	字段 keyword；源码注释：a keyword to check into url of partner website or a dedicated url defined into partneship record	htdocs/install/mysql/tables/llx_c_partnership_type-partnership.sql	34
llx_c_partnership_type	合作伙伴	6	active	tinyint	tinyint	NO	1	N	N					启用标识（通常 1=启用，0=停用）	htdocs/install/mysql/tables/llx_c_partnership_type-partnership.sql	35
llx_c_payment_term	核心/系统	1	rowid	integer	integer	NO		Y	Y	PRIMARY	PRIMARY			主键行标识；通常为自增整数	htdocs/install/mysql/tables/llx_c_payment_term.sql	23
llx_c_payment_term	核心/系统	2	entity	integer	integer	NO	1	N	N	uk_c_payment_term_code	uk_c_payment_term_code		multi company id	多实体/多公司隔离标识；源码注释：multi company id	htdocs/install/mysql/tables/llx_c_payment_term.sql	24
llx_c_payment_term	核心/系统	3	code	varchar(16)	varchar	YES		N	N	uk_c_payment_term_code	uk_c_payment_term_code			业务代码	htdocs/install/mysql/tables/llx_c_payment_term.sql	25
llx_c_payment_term	核心/系统	4	sortorder	smallint	smallint	YES		N	N					字段 sortorder（基于字段名推断）	htdocs/install/mysql/tables/llx_c_payment_term.sql	26
llx_c_payment_term	核心/系统	5	active	tinyint	tinyint	YES	1	N	N					启用标识（通常 1=启用，0=停用）	htdocs/install/mysql/tables/llx_c_payment_term.sql	27
llx_c_payment_term	核心/系统	6	libelle	varchar(255)	varchar	YES		N	N					字段 libelle（基于字段名推断）	htdocs/install/mysql/tables/llx_c_payment_term.sql	28
llx_c_payment_term	核心/系统	7	libelle_facture	text	text	YES		N	N					字段 libelle_facture（基于字段名推断）	htdocs/install/mysql/tables/llx_c_payment_term.sql	29
llx_c_payment_term	核心/系统	8	type_cdr	tinyint	tinyint	YES		N	N				Type of change date reckoning. 1=Payment at end of current month, 2=the Nth of next month	字段 type_cdr；源码注释：Type of change date reckoning. 1=Payment at end of current month, 2=the Nth of next month	htdocs/install/mysql/tables/llx_c_payment_term.sql	30
llx_c_payment_term	核心/系统	9	nbjour	smallint	smallint	YES		N	N					字段 nbjour（基于字段名推断）	htdocs/install/mysql/tables/llx_c_payment_term.sql	31
llx_c_payment_term	核心/系统	10	decalage	smallint	smallint	YES		N	N					字段 decalage（基于字段名推断）	htdocs/install/mysql/tables/llx_c_payment_term.sql	32
llx_c_payment_term	核心/系统	11	deposit_percent	varchar(63)	varchar	YES	NULL	N	N					比例/百分比字段（基于字段名推断）	htdocs/install/mysql/tables/llx_c_payment_term.sql	33
llx_c_payment_term	核心/系统	12	module	varchar(32)	varchar	YES		N	N					字段 module（基于字段名推断）	htdocs/install/mysql/tables/llx_c_payment_term.sql	34
llx_c_payment_term	核心/系统	13	position	integer	integer	NO	0	N	N					字段 position（基于字段名推断）	htdocs/install/mysql/tables/llx_c_payment_term.sql	35
llx_c_price_expression	动态价格	1	rowid	integer	integer	NO		Y	Y	PRIMARY	PRIMARY			主键行标识；通常为自增整数	htdocs/install/mysql/tables/llx_c_price_expression-dynamicprices.sql	21
llx_c_price_expression	动态价格	2	title	varchar(20)	varchar	NO		N	N					名称/标题字段（基于字段名推断）	htdocs/install/mysql/tables/llx_c_price_expression-dynamicprices.sql	22
llx_c_price_expression	动态价格	3	expression	varchar(255)	varchar	NO		N	N					字段 expression（基于字段名推断）	htdocs/install/mysql/tables/llx_c_price_expression-dynamicprices.sql	23
llx_c_price_global_variable	动态价格	1	rowid	integer	integer	NO		Y	Y	PRIMARY	PRIMARY			主键行标识；通常为自增整数	htdocs/install/mysql/tables/llx_c_price_global_variable-dynamicprices.sql	21
llx_c_price_global_variable	动态价格	2	code	varchar(20)	varchar	NO		N	N					业务代码	htdocs/install/mysql/tables/llx_c_price_global_variable-dynamicprices.sql	22
llx_c_price_global_variable	动态价格	3	description	text	text	YES	NULL	N	N					描述	htdocs/install/mysql/tables/llx_c_price_global_variable-dynamicprices.sql	23
llx_c_price_global_variable	动态价格	4	value	double(24,8)	double	YES	0	N	N					字段 value（基于字段名推断）	htdocs/install/mysql/tables/llx_c_price_global_variable-dynamicprices.sql	24
llx_c_price_global_variable_updater	动态价格	1	rowid	integer	integer	NO		Y	Y	PRIMARY	PRIMARY			主键行标识；通常为自增整数	htdocs/install/mysql/tables/llx_c_price_global_variable_updater-dynamicprices.sql	21
llx_c_price_global_variable_updater	动态价格	2	type	integer	integer	NO		N	N					字段 type（基于字段名推断）	htdocs/install/mysql/tables/llx_c_price_global_variable_updater-dynamicprices.sql	22
llx_c_price_global_variable_updater	动态价格	3	description	text	text	YES	NULL	N	N					描述	htdocs/install/mysql/tables/llx_c_price_global_variable_updater-dynamicprices.sql	23
llx_c_price_global_variable_updater	动态价格	4	parameters	text	text	YES	NULL	N	N					扩展参数/结构化文本（基于字段名推断）	htdocs/install/mysql/tables/llx_c_price_global_variable_updater-dynamicprices.sql	24
llx_c_price_global_variable_updater	动态价格	5	fk_variable	integer	integer	NO		N	N					外部关联 ID（具体目标以外键或业务代码为准）（基于字段名推断）	htdocs/install/mysql/tables/llx_c_price_global_variable_updater-dynamicprices.sql	25
llx_c_price_global_variable_updater	动态价格	6	update_interval	integer	integer	YES	0	N	N					日期/时间字段（基于字段名推断）	htdocs/install/mysql/tables/llx_c_price_global_variable_updater-dynamicprices.sql	26
llx_c_price_global_variable_updater	动态价格	7	next_update	integer	integer	YES	0	N	N					日期/时间字段（基于字段名推断）	htdocs/install/mysql/tables/llx_c_price_global_variable_updater-dynamicprices.sql	27
llx_c_price_global_variable_updater	动态价格	8	last_status	text	text	YES	NULL	N	N					字段 last_status（基于字段名推断）	htdocs/install/mysql/tables/llx_c_price_global_variable_updater-dynamicprices.sql	28
llx_c_product_nature	核心/系统	1	rowid	integer	integer	NO		Y	Y	PRIMARY	PRIMARY			主键行标识；通常为自增整数	htdocs/install/mysql/tables/llx_c_product_nature.sql	22
llx_c_product_nature	核心/系统	2	code	tinyint	tinyint	NO		N	N	uk_c_product_nature	uk_c_product_nature			业务代码	htdocs/install/mysql/tables/llx_c_product_nature.sql	23
llx_c_product_nature	核心/系统	3	label	varchar(128)	varchar	YES		N	N					名称或标签	htdocs/install/mysql/tables/llx_c_product_nature.sql	24
llx_c_product_nature	核心/系统	4	active	tinyint	tinyint	NO	1	N	N					启用标识（通常 1=启用，0=停用）	htdocs/install/mysql/tables/llx_c_product_nature.sql	25
llx_c_product_thirdparty_relation_type	核心/系统	1	rowid	integer	integer	NO		Y	Y	PRIMARY	PRIMARY			主键行标识；通常为自增整数	htdocs/install/mysql/tables/llx_c_product_thirdparty_relation_type.sql	23
llx_c_product_thirdparty_relation_type	核心/系统	2	code	varchar(24)	varchar	NO		N	N					业务代码	htdocs/install/mysql/tables/llx_c_product_thirdparty_relation_type.sql	24
llx_c_product_thirdparty_relation_type	核心/系统	3	label	varchar(128)	varchar	YES		N	N					名称或标签	htdocs/install/mysql/tables/llx_c_product_thirdparty_relation_type.sql	25
llx_c_product_thirdparty_relation_type	核心/系统	4	active	tinyint	tinyint	NO	1	N	N					启用标识（通常 1=启用，0=停用）	htdocs/install/mysql/tables/llx_c_product_thirdparty_relation_type.sql	26
llx_c_productbatch_qcstatus	产品批次	1	rowid	integer	integer	NO		Y	Y	PRIMARY	PRIMARY			主键行标识；通常为自增整数	htdocs/install/mysql/tables/llx_c_productbatch_qcstatus-productbatch.sql	22
llx_c_productbatch_qcstatus	产品批次	2	entity	integer	integer	NO	1	N	N	uk_c_productbatch_qcstatus	uk_c_productbatch_qcstatus			多实体/多公司隔离标识	htdocs/install/mysql/tables/llx_c_productbatch_qcstatus-productbatch.sql	23
llx_c_productbatch_qcstatus	产品批次	3	code	varchar(16)	varchar	NO		N	N	uk_c_productbatch_qcstatus	uk_c_productbatch_qcstatus			业务代码	htdocs/install/mysql/tables/llx_c_productbatch_qcstatus-productbatch.sql	24
llx_c_productbatch_qcstatus	产品批次	4	label	varchar(128)	varchar	NO		N	N					名称或标签	htdocs/install/mysql/tables/llx_c_productbatch_qcstatus-productbatch.sql	25
llx_c_productbatch_qcstatus	产品批次	5	active	integer	integer	NO	1	N	N					启用标识（通常 1=启用，0=停用）	htdocs/install/mysql/tables/llx_c_productbatch_qcstatus-productbatch.sql	26
llx_c_propalst	核心/系统	1	id	smallint	smallint	NO		N	Y	PRIMARY	PRIMARY			主键标识；部分参考表使用非自增 ID	htdocs/install/mysql/tables/llx_c_propalst.sql	23
llx_c_propalst	核心/系统	2	code	varchar(12)	varchar	NO		N	N	uk_c_propalst	uk_c_propalst			业务代码	htdocs/install/mysql/tables/llx_c_propalst.sql	24
llx_c_propalst	核心/系统	3	label	varchar(128)	varchar	YES		N	N					名称或标签	htdocs/install/mysql/tables/llx_c_propalst.sql	25
llx_c_propalst	核心/系统	4	sortorder	smallint	smallint	YES	0	N	N					字段 sortorder（基于字段名推断）	htdocs/install/mysql/tables/llx_c_propalst.sql	26
llx_c_propalst	核心/系统	5	active	tinyint	tinyint	NO	1	N	N					启用标识（通常 1=启用，0=停用）	htdocs/install/mysql/tables/llx_c_propalst.sql	27
llx_c_prospectcontactlevel	核心/系统	1	code	varchar(12)	varchar	NO		N	Y	PRIMARY	PRIMARY			业务代码	htdocs/install/mysql/tables/llx_c_prospectcontactlevel.sql	22
llx_c_prospectcontactlevel	核心/系统	2	label	varchar(128)	varchar	YES		N	N					名称或标签	htdocs/install/mysql/tables/llx_c_prospectcontactlevel.sql	23
llx_c_prospectcontactlevel	核心/系统	3	sortorder	smallint	smallint	YES		N	N					字段 sortorder（基于字段名推断）	htdocs/install/mysql/tables/llx_c_prospectcontactlevel.sql	24
llx_c_prospectcontactlevel	核心/系统	4	active	smallint	smallint	NO	1	N	N					启用标识（通常 1=启用，0=停用）	htdocs/install/mysql/tables/llx_c_prospectcontactlevel.sql	25
llx_c_prospectcontactlevel	核心/系统	5	module	varchar(32)	varchar	YES		N	N					字段 module（基于字段名推断）	htdocs/install/mysql/tables/llx_c_prospectcontactlevel.sql	26
llx_c_prospectlevel	核心/系统	1	code	varchar(12)	varchar	NO		N	Y	PRIMARY	PRIMARY			业务代码	htdocs/install/mysql/tables/llx_c_prospectlevel.sql	22
llx_c_prospectlevel	核心/系统	2	label	varchar(128)	varchar	YES		N	N					名称或标签	htdocs/install/mysql/tables/llx_c_prospectlevel.sql	23
llx_c_prospectlevel	核心/系统	3	sortorder	smallint	smallint	YES		N	N					字段 sortorder（基于字段名推断）	htdocs/install/mysql/tables/llx_c_prospectlevel.sql	24
llx_c_prospectlevel	核心/系统	4	active	smallint	smallint	NO	1	N	N					启用标识（通常 1=启用，0=停用）	htdocs/install/mysql/tables/llx_c_prospectlevel.sql	25
llx_c_prospectlevel	核心/系统	5	module	varchar(32)	varchar	YES		N	N					字段 module（基于字段名推断）	htdocs/install/mysql/tables/llx_c_prospectlevel.sql	26
llx_c_recruitment_origin	招聘	1	rowid	integer	integer	NO		Y	Y	PRIMARY	PRIMARY			主键行标识；通常为自增整数	htdocs/install/mysql/tables/llx_c_recruitment_origin-recruitment.sql	30
llx_c_recruitment_origin	招聘	2	code	varchar(32)	varchar	NO		N	N					业务代码	htdocs/install/mysql/tables/llx_c_recruitment_origin-recruitment.sql	31
llx_c_recruitment_origin	招聘	3	label	varchar(128)	varchar	NO		N	N					名称或标签	htdocs/install/mysql/tables/llx_c_recruitment_origin-recruitment.sql	32
llx_c_recruitment_origin	招聘	4	active	tinyint	tinyint	NO	1	N	N					启用标识（通常 1=启用，0=停用）	htdocs/install/mysql/tables/llx_c_recruitment_origin-recruitment.sql	33
llx_c_regions	核心/系统	1	rowid	integer	integer	NO		Y	Y	PRIMARY	PRIMARY			主键行标识；通常为自增整数	htdocs/install/mysql/tables/llx_c_regions.sql	22
llx_c_regions	核心/系统	2	code_region	integer	integer	NO		N	N	uk_code_region, uk_code_region	uk_code_region, uk_code_region			代码/参考号字段（基于字段名推断）	htdocs/install/mysql/tables/llx_c_regions.sql	23
llx_c_regions	核心/系统	3	fk_pays	integer	integer	NO		N	N	idx_c_regions_fk_pays		llx_c_country.rowid		外部关联 ID（具体目标以外键或业务代码为准）（基于字段名推断）	htdocs/install/mysql/tables/llx_c_regions.sql	24
llx_c_regions	核心/系统	4	cheflieu	varchar(50)	varchar	YES		N	N					字段 cheflieu（基于字段名推断）	htdocs/install/mysql/tables/llx_c_regions.sql	25
llx_c_regions	核心/系统	5	tncc	integer	integer	YES		N	N					字段 tncc（基于字段名推断）	htdocs/install/mysql/tables/llx_c_regions.sql	26
llx_c_regions	核心/系统	6	nom	varchar(100)	varchar	YES		N	N					名称	htdocs/install/mysql/tables/llx_c_regions.sql	27
llx_c_regions	核心/系统	7	active	tinyint	tinyint	NO	1	N	N					启用标识（通常 1=启用，0=停用）	htdocs/install/mysql/tables/llx_c_regions.sql	28
llx_c_revenuestamp	核心/系统	1	rowid	integer	integer	NO		Y	Y	PRIMARY	PRIMARY			主键行标识；通常为自增整数	htdocs/install/mysql/tables/llx_c_revenuestamp.sql	21
llx_c_revenuestamp	核心/系统	2	fk_pays	integer	integer	NO		N	N					外部关联 ID（具体目标以外键或业务代码为准）（基于字段名推断）	htdocs/install/mysql/tables/llx_c_revenuestamp.sql	22
llx_c_revenuestamp	核心/系统	3	taux	double	double	NO		N	N					字段 taux（基于字段名推断）	htdocs/install/mysql/tables/llx_c_revenuestamp.sql	23
llx_c_revenuestamp	核心/系统	4	revenuestamp_type	varchar(16)	varchar	NO	'fixed'	N	N					字段 revenuestamp_type（基于字段名推断）	htdocs/install/mysql/tables/llx_c_revenuestamp.sql	24
llx_c_revenuestamp	核心/系统	5	note	varchar(128)	varchar	YES		N	N					备注/说明字段（基于字段名推断）	htdocs/install/mysql/tables/llx_c_revenuestamp.sql	25
llx_c_revenuestamp	核心/系统	6	active	tinyint	tinyint	NO	1	N	N					启用标识（通常 1=启用，0=停用）	htdocs/install/mysql/tables/llx_c_revenuestamp.sql	26
llx_c_revenuestamp	核心/系统	7	accountancy_code_sell	varchar(32)	varchar	YES	NULL	N	N					代码/参考号字段（基于字段名推断）	htdocs/install/mysql/tables/llx_c_revenuestamp.sql	27
llx_c_revenuestamp	核心/系统	8	accountancy_code_buy	varchar(32)	varchar	YES	NULL	N	N					代码/参考号字段（基于字段名推断）	htdocs/install/mysql/tables/llx_c_revenuestamp.sql	28
llx_c_shipment_mode	核心/系统	1	rowid	integer	integer	NO		Y	Y	PRIMARY	PRIMARY			主键行标识；通常为自增整数	htdocs/install/mysql/tables/llx_c_shipment_mode.sql	22
llx_c_shipment_mode	核心/系统	2	entity	integer	integer	NO	1	N	N	uk_c_shipment_mode	uk_c_shipment_mode		multi company id	多实体/多公司隔离标识；源码注释：multi company id	htdocs/install/mysql/tables/llx_c_shipment_mode.sql	23
llx_c_shipment_mode	核心/系统	3	tms	timestamp	timestamp	YES	CURRENT_TIMESTAMP	N	N					最后修改时间戳	htdocs/install/mysql/tables/llx_c_shipment_mode.sql	24
llx_c_shipment_mode	核心/系统	4	code	varchar(30)	varchar	NO		N	N	uk_c_shipment_mode	uk_c_shipment_mode			业务代码	htdocs/install/mysql/tables/llx_c_shipment_mode.sql	25
llx_c_shipment_mode	核心/系统	5	libelle	varchar(128)	varchar	NO		N	N					字段 libelle（基于字段名推断）	htdocs/install/mysql/tables/llx_c_shipment_mode.sql	26
llx_c_shipment_mode	核心/系统	6	description	text	text	YES		N	N					描述	htdocs/install/mysql/tables/llx_c_shipment_mode.sql	27
llx_c_shipment_mode	核心/系统	7	tracking	varchar(255)	varchar	YES		N	N					字段 tracking（基于字段名推断）	htdocs/install/mysql/tables/llx_c_shipment_mode.sql	28
llx_c_shipment_mode	核心/系统	8	active	tinyint	tinyint	YES	0	N	N					启用标识（通常 1=启用，0=停用）	htdocs/install/mysql/tables/llx_c_shipment_mode.sql	29
llx_c_shipment_mode	核心/系统	9	module	varchar(32)	varchar	YES		N	N					字段 module（基于字段名推断）	htdocs/install/mysql/tables/llx_c_shipment_mode.sql	30
llx_c_shipment_package_type	核心/系统	1	rowid	integer	integer	NO		Y	Y	PRIMARY	PRIMARY			主键行标识；通常为自增整数	htdocs/install/mysql/tables/llx_c_shipment_package_type.sql	4
llx_c_shipment_package_type	核心/系统	2	label	varchar(128)	varchar	NO		N	N				Short name	名称或标签；源码注释：Short name	htdocs/install/mysql/tables/llx_c_shipment_package_type.sql	5
llx_c_shipment_package_type	核心/系统	3	description	varchar(255)	varchar	YES		N	N				Description	描述；源码注释：Description	htdocs/install/mysql/tables/llx_c_shipment_package_type.sql	6
llx_c_shipment_package_type	核心/系统	4	active	integer	integer	NO	1	N	N				Active or not	启用标识（通常 1=启用，0=停用）；源码注释：Active or not	htdocs/install/mysql/tables/llx_c_shipment_package_type.sql	7
llx_c_shipment_package_type	核心/系统	5	entity	integer	integer	NO	1	N	N				Multi company id	多实体/多公司隔离标识；源码注释：Multi company id	htdocs/install/mysql/tables/llx_c_shipment_package_type.sql	8
llx_c_socialnetworks	核心/系统	1	rowid	integer	integer	NO		Y	Y	PRIMARY	PRIMARY			主键行标识；通常为自增整数	htdocs/install/mysql/tables/llx_c_socialnetworks.sql	20
llx_c_socialnetworks	核心/系统	2	entity	integer	integer	NO	1	N	N	idx_c_socialnetworks_code_entity	idx_c_socialnetworks_code_entity			多实体/多公司隔离标识	htdocs/install/mysql/tables/llx_c_socialnetworks.sql	21
llx_c_socialnetworks	核心/系统	3	code	varchar(100)	varchar	YES		N	N	idx_c_socialnetworks_code_entity	idx_c_socialnetworks_code_entity			业务代码	htdocs/install/mysql/tables/llx_c_socialnetworks.sql	22
llx_c_socialnetworks	核心/系统	4	label	varchar(150)	varchar	YES		N	N					名称或标签	htdocs/install/mysql/tables/llx_c_socialnetworks.sql	23
llx_c_socialnetworks	核心/系统	5	url	text	text	YES		N	N					字段 url（基于字段名推断）	htdocs/install/mysql/tables/llx_c_socialnetworks.sql	24
llx_c_socialnetworks	核心/系统	6	icon	varchar(20)	varchar	YES		N	N					字段 icon（基于字段名推断）	htdocs/install/mysql/tables/llx_c_socialnetworks.sql	25
llx_c_socialnetworks	核心/系统	7	active	tinyint	tinyint	NO	1	N	N					启用标识（通常 1=启用，0=停用）	htdocs/install/mysql/tables/llx_c_socialnetworks.sql	26
llx_c_stcomm	核心/系统	1	id	integer	integer	NO		N	Y	PRIMARY	PRIMARY			主键标识；部分参考表使用非自增 ID	htdocs/install/mysql/tables/llx_c_stcomm.sql	23
llx_c_stcomm	核心/系统	2	code	varchar(24)	varchar	NO		N	N	uk_c_stcomm	uk_c_stcomm			业务代码	htdocs/install/mysql/tables/llx_c_stcomm.sql	24
llx_c_stcomm	核心/系统	3	libelle	varchar(128)	varchar	YES		N	N					字段 libelle（基于字段名推断）	htdocs/install/mysql/tables/llx_c_stcomm.sql	25
llx_c_stcomm	核心/系统	4	picto	varchar(128)	varchar	YES		N	N					字段 picto（基于字段名推断）	htdocs/install/mysql/tables/llx_c_stcomm.sql	26
llx_c_stcomm	核心/系统	5	sortorder	smallint	smallint	YES	0	N	N					字段 sortorder（基于字段名推断）	htdocs/install/mysql/tables/llx_c_stcomm.sql	27
llx_c_stcomm	核心/系统	6	active	tinyint	tinyint	NO	1	N	N					启用标识（通常 1=启用，0=停用）	htdocs/install/mysql/tables/llx_c_stcomm.sql	28
llx_c_stcommcontact	核心/系统	1	id	integer	integer	NO		N	Y	PRIMARY	PRIMARY			主键标识；部分参考表使用非自增 ID	htdocs/install/mysql/tables/llx_c_stcommcontact.sql	22
llx_c_stcommcontact	核心/系统	2	code	varchar(12)	varchar	NO		N	N	uk_c_stcommcontact	uk_c_stcommcontact			业务代码	htdocs/install/mysql/tables/llx_c_stcommcontact.sql	23
llx_c_stcommcontact	核心/系统	3	libelle	varchar(128)	varchar	YES		N	N					字段 libelle（基于字段名推断）	htdocs/install/mysql/tables/llx_c_stcommcontact.sql	24
llx_c_stcommcontact	核心/系统	4	picto	varchar(128)	varchar	YES		N	N					字段 picto（基于字段名推断）	htdocs/install/mysql/tables/llx_c_stcommcontact.sql	25
llx_c_stcommcontact	核心/系统	5	active	tinyint	tinyint	NO	1	N	N					启用标识（通常 1=启用，0=停用）	htdocs/install/mysql/tables/llx_c_stcommcontact.sql	26
llx_c_subtotals_texts	核心/系统	1	rowid	integer	integer	NO		Y	Y	PRIMARY	PRIMARY			主键行标识；通常为自增整数	htdocs/install/mysql/tables/llx_c_subtotals_texts-subtotals.sql	22
llx_c_subtotals_texts	核心/系统	2	entity	integer	integer	NO	1	N	N	uk_c_subtotals_texts_code_entity	uk_c_subtotals_texts_code_entity			多实体/多公司隔离标识	htdocs/install/mysql/tables/llx_c_subtotals_texts-subtotals.sql	23
llx_c_subtotals_texts	核心/系统	3	code	varchar(32)	varchar	YES		N	N	uk_c_subtotals_texts_code_entity	uk_c_subtotals_texts_code_entity			业务代码	htdocs/install/mysql/tables/llx_c_subtotals_texts-subtotals.sql	24
llx_c_subtotals_texts	核心/系统	4	label	varchar(255)	varchar	YES		N	N					名称或标签	htdocs/install/mysql/tables/llx_c_subtotals_texts-subtotals.sql	25
llx_c_subtotals_texts	核心/系统	5	content	mediumtext	mediumtext	YES		N	N					字段 content（基于字段名推断）	htdocs/install/mysql/tables/llx_c_subtotals_texts-subtotals.sql	26
llx_c_subtotals_texts	核心/系统	6	active	tinyint	tinyint	NO	1	N	N					启用标识（通常 1=启用，0=停用）	htdocs/install/mysql/tables/llx_c_subtotals_texts-subtotals.sql	27
llx_c_subtotals_titles	核心/系统	1	rowid	integer	integer	NO		Y	Y	PRIMARY	PRIMARY			主键行标识；通常为自增整数	htdocs/install/mysql/tables/llx_c_subtotals_titles-subtotals.sql	22
llx_c_subtotals_titles	核心/系统	2	entity	integer	integer	NO	1	N	N	uk_c_subtotals_titles_code_entity	uk_c_subtotals_titles_code_entity			多实体/多公司隔离标识	htdocs/install/mysql/tables/llx_c_subtotals_titles-subtotals.sql	23
llx_c_subtotals_titles	核心/系统	3	code	varchar(32)	varchar	YES		N	N	uk_c_subtotals_titles_code_entity	uk_c_subtotals_titles_code_entity			业务代码	htdocs/install/mysql/tables/llx_c_subtotals_titles-subtotals.sql	24
llx_c_subtotals_titles	核心/系统	4	label	varchar(255)	varchar	YES		N	N					名称或标签	htdocs/install/mysql/tables/llx_c_subtotals_titles-subtotals.sql	25
llx_c_subtotals_titles	核心/系统	5	active	tinyint	tinyint	NO	1	N	N					启用标识（通常 1=启用，0=停用）	htdocs/install/mysql/tables/llx_c_subtotals_titles-subtotals.sql	26
llx_c_ticket_category	工单	1	rowid	integer	integer	NO		Y	Y	PRIMARY	PRIMARY			主键行标识；通常为自增整数	htdocs/install/mysql/tables/llx_c_ticket_category-ticket.sql	24
llx_c_ticket_category	工单	2	entity	integer	integer	YES	1	N	N	uk_code	uk_code			多实体/多公司隔离标识	htdocs/install/mysql/tables/llx_c_ticket_category-ticket.sql	25
llx_c_ticket_category	工单	3	code	varchar(32)	varchar	NO		N	N	uk_code	uk_code		Example: TIGRP-COMMERCIAL, TIGRP-TECHNICALISSUE, ...	业务代码；源码注释：Example: TIGRP-COMMERCIAL, TIGRP-TECHNICALISSUE, ...	htdocs/install/mysql/tables/llx_c_ticket_category-ticket.sql	26
llx_c_ticket_category	工单	4	label	varchar(128)	varchar	NO		N	N					名称或标签	htdocs/install/mysql/tables/llx_c_ticket_category-ticket.sql	27
llx_c_ticket_category	工单	5	public	integer	integer	YES	0	N	N					字段 public（基于字段名推断）	htdocs/install/mysql/tables/llx_c_ticket_category-ticket.sql	28
llx_c_ticket_category	工单	6	use_default	integer	integer	YES	1	N	N					字段 use_default（基于字段名推断）	htdocs/install/mysql/tables/llx_c_ticket_category-ticket.sql	29
llx_c_ticket_category	工单	7	fk_parent	integer	integer	NO	0	N	N				Parent group	外部关联 ID（具体目标以外键或业务代码为准）；源码注释：Parent group	htdocs/install/mysql/tables/llx_c_ticket_category-ticket.sql	30
llx_c_ticket_category	工单	8	force_severity	varchar(32)	varchar	YES		N	N				To force the severity if we choosed this category	字段 force_severity；源码注释：To force the severity if we choosed this category	htdocs/install/mysql/tables/llx_c_ticket_category-ticket.sql	31
llx_c_ticket_category	工单	9	description	varchar(255)	varchar	YES		N	N				A long description of ticket	描述；源码注释：A long description of ticket	htdocs/install/mysql/tables/llx_c_ticket_category-ticket.sql	32
llx_c_ticket_category	工单	10	pos	integer	integer	NO	0	N	N					字段 pos（基于字段名推断）	htdocs/install/mysql/tables/llx_c_ticket_category-ticket.sql	33
llx_c_ticket_category	工单	11	active	integer	integer	YES	1	N	N					启用标识（通常 1=启用，0=停用）	htdocs/install/mysql/tables/llx_c_ticket_category-ticket.sql	34
llx_c_ticket_category	工单	12	fk_ticket_type	integer	integer	YES		N	N					外部关联 ID（具体目标以外键或业务代码为准）（基于字段名推断）	htdocs/install/mysql/tables/llx_c_ticket_category-ticket.sql	35
llx_c_ticket_resolution	工单	1	rowid	integer	integer	NO		Y	Y	PRIMARY	PRIMARY			主键行标识；通常为自增整数	htdocs/install/mysql/tables/llx_c_ticket_resolution-ticket.sql	20
llx_c_ticket_resolution	工单	2	entity	integer	integer	YES	1	N	N	uk_code	uk_code			多实体/多公司隔离标识	htdocs/install/mysql/tables/llx_c_ticket_resolution-ticket.sql	21
llx_c_ticket_resolution	工单	3	code	varchar(32)	varchar	NO		N	N	uk_code	uk_code			业务代码	htdocs/install/mysql/tables/llx_c_ticket_resolution-ticket.sql	22
llx_c_ticket_resolution	工单	4	pos	varchar(32)	varchar	NO		N	N					字段 pos（基于字段名推断）	htdocs/install/mysql/tables/llx_c_ticket_resolution-ticket.sql	23
llx_c_ticket_resolution	工单	5	label	varchar(128)	varchar	NO		N	N					名称或标签	htdocs/install/mysql/tables/llx_c_ticket_resolution-ticket.sql	24
llx_c_ticket_resolution	工单	6	active	integer	integer	YES	1	N	N					启用标识（通常 1=启用，0=停用）	htdocs/install/mysql/tables/llx_c_ticket_resolution-ticket.sql	25
llx_c_ticket_resolution	工单	7	use_default	integer	integer	YES	1	N	N					字段 use_default（基于字段名推断）	htdocs/install/mysql/tables/llx_c_ticket_resolution-ticket.sql	26
llx_c_ticket_resolution	工单	8	description	varchar(255)	varchar	YES		N	N					描述	htdocs/install/mysql/tables/llx_c_ticket_resolution-ticket.sql	27
llx_c_ticket_severity	工单	1	rowid	integer	integer	NO		Y	Y	PRIMARY	PRIMARY			主键行标识；通常为自增整数	htdocs/install/mysql/tables/llx_c_ticket_severity-ticket.sql	20
llx_c_ticket_severity	工单	2	entity	integer	integer	YES	1	N	N	uk_code	uk_code			多实体/多公司隔离标识	htdocs/install/mysql/tables/llx_c_ticket_severity-ticket.sql	21
llx_c_ticket_severity	工单	3	code	varchar(32)	varchar	NO		N	N	uk_code	uk_code			业务代码	htdocs/install/mysql/tables/llx_c_ticket_severity-ticket.sql	22
llx_c_ticket_severity	工单	4	pos	varchar(32)	varchar	NO		N	N					字段 pos（基于字段名推断）	htdocs/install/mysql/tables/llx_c_ticket_severity-ticket.sql	23
llx_c_ticket_severity	工单	5	label	varchar(128)	varchar	NO		N	N					名称或标签	htdocs/install/mysql/tables/llx_c_ticket_severity-ticket.sql	24
llx_c_ticket_severity	工单	6	color	varchar(10)	varchar	YES		N	N					字段 color（基于字段名推断）	htdocs/install/mysql/tables/llx_c_ticket_severity-ticket.sql	25
llx_c_ticket_severity	工单	7	active	integer	integer	YES	1	N	N					启用标识（通常 1=启用，0=停用）	htdocs/install/mysql/tables/llx_c_ticket_severity-ticket.sql	26
llx_c_ticket_severity	工单	8	use_default	integer	integer	YES	1	N	N					字段 use_default（基于字段名推断）	htdocs/install/mysql/tables/llx_c_ticket_severity-ticket.sql	27
llx_c_ticket_severity	工单	9	description	varchar(255)	varchar	YES		N	N					描述	htdocs/install/mysql/tables/llx_c_ticket_severity-ticket.sql	28
llx_c_ticket_type	工单	1	rowid	integer	integer	NO		Y	Y	PRIMARY	PRIMARY			主键行标识；通常为自增整数	htdocs/install/mysql/tables/llx_c_ticket_type-ticket.sql	20
llx_c_ticket_type	工单	2	entity	integer	integer	YES	1	N	N	uk_code	uk_code			多实体/多公司隔离标识	htdocs/install/mysql/tables/llx_c_ticket_type-ticket.sql	21
llx_c_ticket_type	工单	3	code	varchar(32)	varchar	NO		N	N	uk_code	uk_code			业务代码	htdocs/install/mysql/tables/llx_c_ticket_type-ticket.sql	22
llx_c_ticket_type	工单	4	pos	varchar(32)	varchar	NO		N	N					字段 pos（基于字段名推断）	htdocs/install/mysql/tables/llx_c_ticket_type-ticket.sql	23
llx_c_ticket_type	工单	5	label	varchar(128)	varchar	NO		N	N					名称或标签	htdocs/install/mysql/tables/llx_c_ticket_type-ticket.sql	24
llx_c_ticket_type	工单	6	active	integer	integer	YES	1	N	N					启用标识（通常 1=启用，0=停用）	htdocs/install/mysql/tables/llx_c_ticket_type-ticket.sql	25
llx_c_ticket_type	工单	7	use_default	integer	integer	YES	1	N	N					字段 use_default（基于字段名推断）	htdocs/install/mysql/tables/llx_c_ticket_type-ticket.sql	26
llx_c_ticket_type	工单	8	description	varchar(255)	varchar	YES		N	N					描述	htdocs/install/mysql/tables/llx_c_ticket_type-ticket.sql	27
llx_c_transport_mode	核心/系统	1	rowid	integer	integer	NO		Y	Y	PRIMARY	PRIMARY			主键行标识；通常为自增整数	htdocs/install/mysql/tables/llx_c_transport_mode.sql	24
llx_c_transport_mode	核心/系统	2	entity	integer	integer	NO	1	N	N	uk_c_transport_mode	uk_c_transport_mode		multi company id	多实体/多公司隔离标识；源码注释：multi company id	htdocs/install/mysql/tables/llx_c_transport_mode.sql	25
llx_c_transport_mode	核心/系统	3	code	varchar(3)	varchar	NO		N	N	uk_c_transport_mode	uk_c_transport_mode			业务代码	htdocs/install/mysql/tables/llx_c_transport_mode.sql	26
llx_c_transport_mode	核心/系统	4	label	varchar(255)	varchar	NO		N	N					名称或标签	htdocs/install/mysql/tables/llx_c_transport_mode.sql	27
llx_c_transport_mode	核心/系统	5	active	tinyint	tinyint	NO	1	N	N					启用标识（通常 1=启用，0=停用）	htdocs/install/mysql/tables/llx_c_transport_mode.sql	28
llx_c_tva	核心/系统	1	rowid	integer	integer	NO		Y	Y	PRIMARY	PRIMARY			主键行标识；通常为自增整数	htdocs/install/mysql/tables/llx_c_tva.sql	23
llx_c_tva	核心/系统	2	entity	integer	integer	NO	1	N	N	uk_c_tva_id	uk_c_tva_id			多实体/多公司隔离标识	htdocs/install/mysql/tables/llx_c_tva.sql	24
llx_c_tva	核心/系统	3	fk_pays	integer	integer	NO		N	N	uk_c_tva_id	uk_c_tva_id			外部关联 ID（具体目标以外键或业务代码为准）（基于字段名推断）	htdocs/install/mysql/tables/llx_c_tva.sql	25
llx_c_tva	核心/系统	4	fk_department_buyer	integer	integer	YES	NULL	N	N	idx_tva_fk_department_buyer		llx_c_departements.rowid	Id of department for VAT rule or NULL to keep rule on country	外部关联 ID（具体目标以外键或业务代码为准）；源码注释：Id of department for VAT rule or NULL to keep rule on country	htdocs/install/mysql/tables/llx_c_tva.sql	26
llx_c_tva	核心/系统	5	code	varchar(10)	varchar	YES	''	N	N	uk_c_tva_id	uk_c_tva_id		a key to describe vat entry, for example 'FR20'	业务代码；源码注释：a key to describe vat entry, for example 'FR20'	htdocs/install/mysql/tables/llx_c_tva.sql	27
llx_c_tva	核心/系统	6	type_vat	smallint	smallint	NO	0	N	N				0: all, 1: sell, 2: purchase	日期/时间字段；源码注释：0: all, 1: sell, 2: purchase	htdocs/install/mysql/tables/llx_c_tva.sql	28
llx_c_tva	核心/系统	7	taux	double	double	NO		N	N	uk_c_tva_id	uk_c_tva_id		vat rate (0, 10, 20, ...)	字段 taux；源码注释：vat rate (0, 10, 20, ...)	htdocs/install/mysql/tables/llx_c_tva.sql	29
llx_c_tva	核心/系统	8	localtax1	varchar(20)	varchar	NO	'0'	N	N					金额、价格或税费字段（基于字段名推断）	htdocs/install/mysql/tables/llx_c_tva.sql	30
llx_c_tva	核心/系统	9	localtax1_type	varchar(10)	varchar	NO	'0'	N	N					金额、价格或税费字段（基于字段名推断）	htdocs/install/mysql/tables/llx_c_tva.sql	31
llx_c_tva	核心/系统	10	localtax2	varchar(20)	varchar	NO	'0'	N	N					金额、价格或税费字段（基于字段名推断）	htdocs/install/mysql/tables/llx_c_tva.sql	32
llx_c_tva	核心/系统	11	localtax2_type	varchar(10)	varchar	NO	'0'	N	N					金额、价格或税费字段（基于字段名推断）	htdocs/install/mysql/tables/llx_c_tva.sql	33
llx_c_tva	核心/系统	12	use_default	tinyint	tinyint	YES	0	N	N				set to 1 to be the default vat when no vat defined on product	字段 use_default；源码注释：set to 1 to be the default vat when no vat defined on product	htdocs/install/mysql/tables/llx_c_tva.sql	34
llx_c_tva	核心/系统	13	recuperableonly	integer	integer	NO	0	N	N	uk_c_tva_id	uk_c_tva_id		VAT NPR for France	字段 recuperableonly；源码注释：VAT NPR for France	htdocs/install/mysql/tables/llx_c_tva.sql	35
llx_c_tva	核心/系统	14	einvoice_vatex	varchar(32)	varchar	YES		N	N					字段 einvoice_vatex（基于字段名推断）	htdocs/install/mysql/tables/llx_c_tva.sql	36
llx_c_tva	核心/系统	15	note	varchar(128)	varchar	YES		N	N					备注/说明字段（基于字段名推断）	htdocs/install/mysql/tables/llx_c_tva.sql	37
llx_c_tva	核心/系统	16	active	tinyint	tinyint	NO	1	N	N					启用标识（通常 1=启用，0=停用）	htdocs/install/mysql/tables/llx_c_tva.sql	38
llx_c_tva	核心/系统	17	accountancy_code_sell	varchar(32)	varchar	YES	NULL	N	N					代码/参考号字段（基于字段名推断）	htdocs/install/mysql/tables/llx_c_tva.sql	39
llx_c_tva	核心/系统	18	accountancy_code_buy	varchar(32)	varchar	YES	NULL	N	N					代码/参考号字段（基于字段名推断）	htdocs/install/mysql/tables/llx_c_tva.sql	40
llx_c_type_contact	核心/系统	1	rowid	integer	integer	NO		Y	Y	PRIMARY	PRIMARY			主键行标识；通常为自增整数	htdocs/install/mysql/tables/llx_c_type_contact.sql	32
llx_c_type_contact	核心/系统	2	element	varchar(64)	varchar	NO		N	N	uk_c_type_contact_id	uk_c_type_contact_id			字段 element（基于字段名推断）	htdocs/install/mysql/tables/llx_c_type_contact.sql	33
llx_c_type_contact	核心/系统	3	source	varchar(8)	varchar	NO	'external'	N	N	uk_c_type_contact_id	uk_c_type_contact_id		'internal' (for link object-user) or 'external' (for link object-third party)	字段 source；源码注释：'internal' (for link object-user) or 'external' (for link object-third party)	htdocs/install/mysql/tables/llx_c_type_contact.sql	34
llx_c_type_contact	核心/系统	4	code	varchar(32)	varchar	NO		N	N	uk_c_type_contact_id, idx_c_type_contact_code	uk_c_type_contact_id			业务代码	htdocs/install/mysql/tables/llx_c_type_contact.sql	35
llx_c_type_contact	核心/系统	5	libelle	varchar(128)	varchar	NO		N	N					字段 libelle（基于字段名推断）	htdocs/install/mysql/tables/llx_c_type_contact.sql	36
llx_c_type_contact	核心/系统	6	active	tinyint	tinyint	NO	1	N	N					启用标识（通常 1=启用，0=停用）	htdocs/install/mysql/tables/llx_c_type_contact.sql	37
llx_c_type_contact	核心/系统	7	module	varchar(32)	varchar	YES		N	N					字段 module（基于字段名推断）	htdocs/install/mysql/tables/llx_c_type_contact.sql	38
llx_c_type_contact	核心/系统	8	position	integer	integer	NO	0	N	N					字段 position（基于字段名推断）	htdocs/install/mysql/tables/llx_c_type_contact.sql	39
llx_c_type_container	网站	1	rowid	integer	integer	NO		Y	Y	PRIMARY	PRIMARY			主键行标识；通常为自增整数	htdocs/install/mysql/tables/llx_c_type_container-website.sql	31
llx_c_type_container	网站	2	code	varchar(32)	varchar	NO		N	N	uk_c_type_container_id	uk_c_type_container_id			业务代码	htdocs/install/mysql/tables/llx_c_type_container-website.sql	32
llx_c_type_container	网站	3	entity	integer	integer	NO	1	N	N	uk_c_type_container_id	uk_c_type_container_id		multi company id	多实体/多公司隔离标识；源码注释：multi company id	htdocs/install/mysql/tables/llx_c_type_container-website.sql	33
llx_c_type_container	网站	4	label	varchar(128)	varchar	NO		N	N					名称或标签	htdocs/install/mysql/tables/llx_c_type_container-website.sql	34
llx_c_type_container	网站	5	module	varchar(32)	varchar	YES		N	N					字段 module（基于字段名推断）	htdocs/install/mysql/tables/llx_c_type_container-website.sql	35
llx_c_type_container	网站	6	typecontainer	varchar(10)	varchar	YES	'page'	N	N					字段 typecontainer（基于字段名推断）	htdocs/install/mysql/tables/llx_c_type_container-website.sql	36
llx_c_type_container	网站	7	position	integer	integer	YES	0	N	N					字段 position（基于字段名推断）	htdocs/install/mysql/tables/llx_c_type_container-website.sql	37
llx_c_type_container	网站	8	active	tinyint	tinyint	NO	1	N	N					启用标识（通常 1=启用，0=停用）	htdocs/install/mysql/tables/llx_c_type_container-website.sql	38
llx_c_type_fees	核心/系统	1	id	integer	integer	NO		Y	Y	PRIMARY	PRIMARY			主键标识；部分参考表使用非自增 ID	htdocs/install/mysql/tables/llx_c_type_fees.sql	25
llx_c_type_fees	核心/系统	2	code	varchar(12)	varchar	NO		N	N	uk_c_type_fees	uk_c_type_fees			业务代码	htdocs/install/mysql/tables/llx_c_type_fees.sql	26
llx_c_type_fees	核心/系统	3	label	varchar(128)	varchar	YES		N	N					名称或标签	htdocs/install/mysql/tables/llx_c_type_fees.sql	27
llx_c_type_fees	核心/系统	4	type	integer	integer	YES	0	N	N				0=type product, 1=type service	字段 type；源码注释：0=type product, 1=type service	htdocs/install/mysql/tables/llx_c_type_fees.sql	28
llx_c_type_fees	核心/系统	5	accountancy_code	varchar(32)	varchar	YES		N	N					代码/参考号字段（基于字段名推断）	htdocs/install/mysql/tables/llx_c_type_fees.sql	29
llx_c_type_fees	核心/系统	6	active	tinyint	tinyint	NO	1	N	N					启用标识（通常 1=启用，0=停用）	htdocs/install/mysql/tables/llx_c_type_fees.sql	30
llx_c_type_fees	核心/系统	7	module	varchar(32)	varchar	YES		N	N					字段 module（基于字段名推断）	htdocs/install/mysql/tables/llx_c_type_fees.sql	31
llx_c_type_fees	核心/系统	8	position	integer	integer	NO	0	N	N					字段 position（基于字段名推断）	htdocs/install/mysql/tables/llx_c_type_fees.sql	32
llx_c_type_resource	核心/系统	1	rowid	integer	integer	NO		Y	Y	PRIMARY	PRIMARY			主键行标识；通常为自增整数	htdocs/install/mysql/tables/llx_c_type_resource.sql	31
llx_c_type_resource	核心/系统	2	code	varchar(32)	varchar	NO		N	N	uk_c_type_resource_id	uk_c_type_resource_id			业务代码	htdocs/install/mysql/tables/llx_c_type_resource.sql	32
llx_c_type_resource	核心/系统	3	label	varchar(128)	varchar	NO		N	N	uk_c_type_resource_id	uk_c_type_resource_id			名称或标签	htdocs/install/mysql/tables/llx_c_type_resource.sql	33
llx_c_type_resource	核心/系统	4	active	tinyint	tinyint	NO	1	N	N					启用标识（通常 1=启用，0=停用）	htdocs/install/mysql/tables/llx_c_type_resource.sql	34
llx_c_typent	核心/系统	1	id	integer	integer	NO		N	Y	PRIMARY	PRIMARY			主键标识；部分参考表使用非自增 ID	htdocs/install/mysql/tables/llx_c_typent.sql	23
llx_c_typent	核心/系统	2	code	varchar(12)	varchar	NO		N	N	uk_c_typent	uk_c_typent			业务代码	htdocs/install/mysql/tables/llx_c_typent.sql	24
llx_c_typent	核心/系统	3	libelle	varchar(128)	varchar	YES		N	N					字段 libelle（基于字段名推断）	htdocs/install/mysql/tables/llx_c_typent.sql	25
llx_c_typent	核心/系统	4	fk_country	integer	integer	YES		N	N				Defined only to have specific list for countries that can't use generic list (like argentina that need type A or B)	外部关联 ID（具体目标以外键或业务代码为准）；源码注释：Defined only to have specific list for countries that can't use generic list (like argentina that need type A or B)	htdocs/install/mysql/tables/llx_c_typent.sql	26
llx_c_typent	核心/系统	5	active	tinyint	tinyint	NO	1	N	N					启用标识（通常 1=启用，0=停用）	htdocs/install/mysql/tables/llx_c_typent.sql	27
llx_c_typent	核心/系统	6	module	varchar(32)	varchar	YES		N	N					字段 module（基于字段名推断）	htdocs/install/mysql/tables/llx_c_typent.sql	28
llx_c_typent	核心/系统	7	position	integer	integer	NO	0	N	N					字段 position（基于字段名推断）	htdocs/install/mysql/tables/llx_c_typent.sql	29
llx_c_units	核心/系统	1	rowid	integer	integer	NO		Y	Y	PRIMARY	PRIMARY			主键行标识；通常为自增整数	htdocs/install/mysql/tables/llx_c_units.sql	23
llx_c_units	核心/系统	2	code	varchar(3)	varchar	YES		N	N					业务代码	htdocs/install/mysql/tables/llx_c_units.sql	24
llx_c_units	核心/系统	3	sortorder	smallint	smallint	YES		N	N					字段 sortorder（基于字段名推断）	htdocs/install/mysql/tables/llx_c_units.sql	25
llx_c_units	核心/系统	4	scale	integer	integer	YES		N	N					字段 scale（基于字段名推断）	htdocs/install/mysql/tables/llx_c_units.sql	26
llx_c_units	核心/系统	5	label	varchar(128)	varchar	YES		N	N					名称或标签	htdocs/install/mysql/tables/llx_c_units.sql	27
llx_c_units	核心/系统	6	short_label	varchar(5)	varchar	YES		N	N					名称/标题字段（基于字段名推断）	htdocs/install/mysql/tables/llx_c_units.sql	28
llx_c_units	核心/系统	7	unit_type	varchar(10)	varchar	YES		N	N					字段 unit_type（基于字段名推断）	htdocs/install/mysql/tables/llx_c_units.sql	29
llx_c_units	核心/系统	8	active	tinyint	tinyint	NO	1	N	N					启用标识（通常 1=启用，0=停用）	htdocs/install/mysql/tables/llx_c_units.sql	30
llx_c_ziptown	核心/系统	1	rowid	integer	integer	NO		Y	Y	PRIMARY	PRIMARY			主键行标识；通常为自增整数	htdocs/install/mysql/tables/llx_c_ziptown.sql	21
llx_c_ziptown	核心/系统	2	code	varchar(5)	varchar	YES	NULL	N	N				ex: code insee pour la France (not always used)	业务代码；源码注释：ex: code insee pour la France (not always used)	htdocs/install/mysql/tables/llx_c_ziptown.sql	22
llx_c_ziptown	核心/系统	3	fk_county	integer	integer	YES		N	N	idx_c_ziptown_fk_county		llx_c_departements.rowid	State id in llx_c_departements	外部关联 ID（具体目标以外键或业务代码为准）；源码注释：State id in llx_c_departements	htdocs/install/mysql/tables/llx_c_ziptown.sql	23
llx_c_ziptown	核心/系统	4	fk_pays	integer	integer	NO	0	N	N	idx_c_ziptown_fk_pays, uk_ziptown_fk_pays	uk_ziptown_fk_pays	llx_c_country.rowid	Country id in llx_c_country	外部关联 ID（具体目标以外键或业务代码为准）；源码注释：Country id in llx_c_country	htdocs/install/mysql/tables/llx_c_ziptown.sql	24
llx_c_ziptown	核心/系统	5	zip	varchar(10)	varchar	NO		N	N	idx_c_ziptown_zip, uk_ziptown_fk_pays	uk_ziptown_fk_pays		Zip code	邮政编码；源码注释：Zip code	htdocs/install/mysql/tables/llx_c_ziptown.sql	25
llx_c_ziptown	核心/系统	6	town	varchar(180)	varchar	NO		N	N	uk_ziptown_fk_pays	uk_ziptown_fk_pays		Town name	城市/城镇；源码注释：Town name	htdocs/install/mysql/tables/llx_c_ziptown.sql	26
llx_c_ziptown	核心/系统	7	town_up	varchar(180)	varchar	YES		N	N				Town name in upper case	字段 town_up；源码注释：Town name in upper case	htdocs/install/mysql/tables/llx_c_ziptown.sql	27
llx_c_ziptown	核心/系统	8	active	tinyint	tinyint	NO	1	N	N					启用标识（通常 1=启用，0=停用）	htdocs/install/mysql/tables/llx_c_ziptown.sql	28
llx_categorie	分类	1	rowid	integer	integer	NO		Y	Y	PRIMARY	PRIMARY			主键行标识；通常为自增整数	htdocs/install/mysql/tables/llx_categorie.sql	24
llx_categorie	分类	2	entity	integer	integer	NO	1	N	N	uk_categorie_ref	uk_categorie_ref		Multi company id	多实体/多公司隔离标识；源码注释：Multi company id	htdocs/install/mysql/tables/llx_categorie.sql	25
llx_categorie	分类	3	fk_parent	integer	integer	NO	0	N	N	uk_categorie_ref	uk_categorie_ref			外部关联 ID（具体目标以外键或业务代码为准）（基于字段名推断）	htdocs/install/mysql/tables/llx_categorie.sql	26
llx_categorie	分类	4	label	varchar(180)	varchar	NO		N	N	uk_categorie_ref	uk_categorie_ref		Category ref/name	名称或标签；源码注释：Category ref/name	htdocs/install/mysql/tables/llx_categorie.sql	27
llx_categorie	分类	5	ref_ext	varchar(255)	varchar	YES		N	N				Reference into an external system (not used by dolibarr)	代码/参考号字段；源码注释：Reference into an external system (not used by dolibarr)	htdocs/install/mysql/tables/llx_categorie.sql	28
llx_categorie	分类	6	type	integer	integer	NO	1	N	N	uk_categorie_ref	uk_categorie_ref		Category type (0=product, 1=supplier, 2=customer, 3=member, ...). See array $MAP_ID into categorie.class.php for possible values.	字段 type；源码注释：Category type (0=product, 1=supplier, 2=customer, 3=member, ...). See array $MAP_ID into categorie.class.php for possible values.	htdocs/install/mysql/tables/llx_categorie.sql	29
llx_categorie	分类	7	description	text	text	YES		N	N				description of the category	描述；源码注释：description of the category	htdocs/install/mysql/tables/llx_categorie.sql	30
llx_categorie	分类	8	color	varchar(8)	varchar	YES		N	N				Color	字段 color；源码注释：Color	htdocs/install/mysql/tables/llx_categorie.sql	31
llx_categorie	分类	9	fk_soc	integer	integer	YES	NULL	N	N				Not used by default. Used when option CATEGORY_ASSIGNED_TO_A_CUSTOMER is set.	关联第三方企业 ID；源码注释：Not used by default. Used when option CATEGORY_ASSIGNED_TO_A_CUSTOMER is set.	htdocs/install/mysql/tables/llx_categorie.sql	32
llx_categorie	分类	10	extraparams	varchar(255)	varchar	YES		N	N				to stock other parameters in json format	扩展参数/结构化文本；源码注释：to stock other parameters in json format	htdocs/install/mysql/tables/llx_categorie.sql	33
llx_categorie	分类	11	date_creation	datetime	datetime	YES		N	N				Creation date	日期/时间字段；源码注释：Creation date	htdocs/install/mysql/tables/llx_categorie.sql	34
llx_categorie	分类	12	fk_user_creat	integer	integer	YES		N	N				User id making creation	创建人用户 ID；源码注释：User id making creation	htdocs/install/mysql/tables/llx_categorie.sql	35
llx_categorie	分类	13	fk_user_modif	integer	integer	YES		N	N				User id making last change	最后修改人用户 ID；源码注释：User id making last change	htdocs/install/mysql/tables/llx_categorie.sql	36
llx_categorie	分类	14	tms	timestamp	timestamp	YES	CURRENT_TIMESTAMP	N	N				Last modification date	最后修改时间戳；源码注释：Last modification date	htdocs/install/mysql/tables/llx_categorie.sql	37
llx_categorie	分类	15	visible	tinyint	tinyint	NO	1	N	N				Determine if the products are visible or not	布尔/开关标识；源码注释：Determine if the products are visible or not	htdocs/install/mysql/tables/llx_categorie.sql	38
llx_categorie	分类	16	position	integer	integer	YES	0	N	N				Position	字段 position；源码注释：Position	htdocs/install/mysql/tables/llx_categorie.sql	39
llx_categorie	分类	17	import_key	varchar(14)	varchar	YES		N	N				Import key	导入批次/外部导入键；源码注释：Import key	htdocs/install/mysql/tables/llx_categorie.sql	40
llx_categorie_account	分类	1	fk_categorie	integer	integer	NO		N	N	idx_categorie_account_fk_categorie		llx_categorie.rowid		外部关联 ID（具体目标以外键或业务代码为准）（基于字段名推断）	htdocs/install/mysql/tables/llx_categorie_account.sql	23
llx_categorie_account	分类	2	fk_account	integer	integer	NO		N	N	idx_categorie_account_fk_account		llx_bank_account.rowid		关联银行账户 ID	htdocs/install/mysql/tables/llx_categorie_account.sql	24
llx_categorie_account	分类	3	import_key	varchar(14)	varchar	YES		N	N					导入批次/外部导入键	htdocs/install/mysql/tables/llx_categorie_account.sql	25
llx_categorie_actioncomm	分类	1	fk_categorie	integer	integer	NO		N	N	idx_categorie_actioncomm_fk_categorie		llx_categorie.rowid		外部关联 ID（具体目标以外键或业务代码为准）（基于字段名推断）	htdocs/install/mysql/tables/llx_categorie_actioncomm.sql	23
llx_categorie_actioncomm	分类	2	fk_actioncomm	integer	integer	NO		N	N	idx_categorie_actioncomm_fk_actioncomm		llx_actioncomm.id		外部关联 ID（具体目标以外键或业务代码为准）（基于字段名推断）	htdocs/install/mysql/tables/llx_categorie_actioncomm.sql	24
llx_categorie_actioncomm	分类	3	import_key	varchar(14)	varchar	YES		N	N					导入批次/外部导入键	htdocs/install/mysql/tables/llx_categorie_actioncomm.sql	25
llx_categorie_contact	分类	1	fk_categorie	integer	integer	NO		N	N	idx_categorie_contact_fk_categorie		llx_categorie.rowid		外部关联 ID（具体目标以外键或业务代码为准）（基于字段名推断）	htdocs/install/mysql/tables/llx_categorie_contact.sql	21
llx_categorie_contact	分类	2	fk_socpeople	integer	integer	NO		N	N	idx_categorie_contact_fk_socpeople		llx_socpeople.rowid		关联第三方联系人 ID	htdocs/install/mysql/tables/llx_categorie_contact.sql	22
llx_categorie_contact	分类	3	import_key	varchar(14)	varchar	YES		N	N					导入批次/外部导入键	htdocs/install/mysql/tables/llx_categorie_contact.sql	23
llx_categorie_fichinter	干预/工单	1	fk_categorie	integer	integer	NO		N	N	idx_categorie_fichinter_fk_categorie		llx_categorie.rowid		外部关联 ID（具体目标以外键或业务代码为准）（基于字段名推断）	htdocs/install/mysql/tables/llx_categorie_fichinter-fichinter.sql	24
llx_categorie_fichinter	干预/工单	2	fk_fichinter	integer	integer	NO		N	N	idx_categorie_fichinter_fk_fichinter		llx_fichinter.rowid		外部关联 ID（具体目标以外键或业务代码为准）（基于字段名推断）	htdocs/install/mysql/tables/llx_categorie_fichinter-fichinter.sql	25
llx_categorie_fichinter	干预/工单	3	import_key	varchar(14)	varchar	YES		N	N					导入批次/外部导入键	htdocs/install/mysql/tables/llx_categorie_fichinter-fichinter.sql	26
llx_categorie_fournisseur	分类	1	fk_categorie	integer	integer	NO		N	N	idx_categorie_fournisseur_fk_categorie		llx_categorie.rowid		外部关联 ID（具体目标以外键或业务代码为准）（基于字段名推断）	htdocs/install/mysql/tables/llx_categorie_fournisseur.sql	24
llx_categorie_fournisseur	分类	2	fk_soc	integer	integer	NO		N	N	idx_categorie_fournisseur_fk_societe		llx_societe.rowid		关联第三方企业 ID	htdocs/install/mysql/tables/llx_categorie_fournisseur.sql	25
llx_categorie_fournisseur	分类	3	import_key	varchar(14)	varchar	YES		N	N					导入批次/外部导入键	htdocs/install/mysql/tables/llx_categorie_fournisseur.sql	26
llx_categorie_invoice	客户发票	1	fk_categorie	integer	integer	NO		N	N	idx_categorie_invoice_fk_categorie		llx_categorie.rowid		外部关联 ID（具体目标以外键或业务代码为准）（基于字段名推断）	htdocs/install/mysql/tables/llx_categorie_invoice-facture.sql	23
llx_categorie_invoice	客户发票	2	fk_invoice	integer	integer	NO		N	N	idx_categorie_invoice_fk_invoice		llx_facture.rowid		外部关联 ID（具体目标以外键或业务代码为准）（基于字段名推断）	htdocs/install/mysql/tables/llx_categorie_invoice-facture.sql	24
llx_categorie_invoice	客户发票	3	import_key	varchar(14)	varchar	YES		N	N					导入批次/外部导入键	htdocs/install/mysql/tables/llx_categorie_invoice-facture.sql	25
llx_categorie_knowledgemanagement	知识管理	1	fk_categorie	integer	integer	NO		N	N	idx_categorie_knowledgemanagement_fk_categorie		llx_categorie.rowid		外部关联 ID（具体目标以外键或业务代码为准）（基于字段名推断）	htdocs/install/mysql/tables/llx_categorie_knowledgemanagement-knowledgemanagement.sql	17
llx_categorie_knowledgemanagement	知识管理	2	fk_knowledgemanagement	integer	integer	NO		N	N	idx_categorie_knowledgemanagement_fk_knowledgemanagement		llx_knowledgemanagement_knowledgerecord.rowid		外部关联 ID（具体目标以外键或业务代码为准）（基于字段名推断）	htdocs/install/mysql/tables/llx_categorie_knowledgemanagement-knowledgemanagement.sql	18
llx_categorie_knowledgemanagement	知识管理	3	import_key	varchar(14)	varchar	YES		N	N					导入批次/外部导入键	htdocs/install/mysql/tables/llx_categorie_knowledgemanagement-knowledgemanagement.sql	19
llx_categorie_lang	分类	1	rowid	integer	integer	NO		Y	Y	PRIMARY	PRIMARY			主键行标识；通常为自增整数	htdocs/install/mysql/tables/llx_categorie_lang.sql	27
llx_categorie_lang	分类	2	fk_category	integer	integer	NO	0	N	N	uk_category_lang	uk_category_lang	llx_categorie.rowid		外部关联 ID（具体目标以外键或业务代码为准）（基于字段名推断）	htdocs/install/mysql/tables/llx_categorie_lang.sql	28
llx_categorie_lang	分类	3	lang	varchar(5)	varchar	NO	0	N	N	uk_category_lang	uk_category_lang			字段 lang（基于字段名推断）	htdocs/install/mysql/tables/llx_categorie_lang.sql	29
llx_categorie_lang	分类	4	label	varchar(255)	varchar	NO		N	N					名称或标签	htdocs/install/mysql/tables/llx_categorie_lang.sql	30
llx_categorie_lang	分类	5	description	text	text	YES		N	N					描述	htdocs/install/mysql/tables/llx_categorie_lang.sql	31
llx_categorie_lang_extrafields	分类	1	rowid	integer	integer	NO		Y	Y	PRIMARY	PRIMARY			主键行标识；通常为自增整数	htdocs/install/mysql/tables/llx_categorie_lang_extrafields.sql	17
llx_categorie_lang_extrafields	分类	2	tms	timestamp	timestamp	YES	CURRENT_TIMESTAMP	N	N					最后修改时间戳	htdocs/install/mysql/tables/llx_categorie_lang_extrafields.sql	18
llx_categorie_lang_extrafields	分类	3	fk_object	integer	integer	NO		N	N	idx_categorie_lang_fk_object				外部关联 ID（具体目标以外键或业务代码为准）（基于字段名推断）	htdocs/install/mysql/tables/llx_categorie_lang_extrafields.sql	19
llx_categorie_lang_extrafields	分类	4	import_key	varchar(14)	varchar	YES		N	N				import key	导入批次/外部导入键；源码注释：import key	htdocs/install/mysql/tables/llx_categorie_lang_extrafields.sql	20
llx_categorie_member	分类	1	fk_categorie	integer	integer	NO		N	N	idx_categorie_member_fk_categorie		llx_categorie.rowid		外部关联 ID（具体目标以外键或业务代码为准）（基于字段名推断）	htdocs/install/mysql/tables/llx_categorie_member.sql	22
llx_categorie_member	分类	2	fk_member	integer	integer	NO		N	N	idx_categorie_member_fk_member		llx_adherent.rowid		外部关联 ID（具体目标以外键或业务代码为准）（基于字段名推断）	htdocs/install/mysql/tables/llx_categorie_member.sql	23
llx_categorie_member	分类	3	import_key	varchar(14)	varchar	YES		N	N					导入批次/外部导入键	htdocs/install/mysql/tables/llx_categorie_member.sql	24
llx_categorie_mo	生产计划/MRP	1	fk_categorie	integer	integer	NO		N	N	idx_categorie_mo_fk_categorie		llx_categorie.rowid		外部关联 ID（具体目标以外键或业务代码为准）（基于字段名推断）	htdocs/install/mysql/tables/llx_categorie_mo-mrp.sql	21
llx_categorie_mo	生产计划/MRP	2	fk_mo	integer	integer	NO		N	N	idx_categorie_mo_fk_mo		llx_mrp_mo.rowid		外部关联 ID（具体目标以外键或业务代码为准）（基于字段名推断）	htdocs/install/mysql/tables/llx_categorie_mo-mrp.sql	22
llx_categorie_mo	生产计划/MRP	3	import_key	varchar(14)	varchar	YES		N	N					导入批次/外部导入键	htdocs/install/mysql/tables/llx_categorie_mo-mrp.sql	23
llx_categorie_order	客户订单	1	fk_categorie	integer	integer	NO		N	N	idx_categorie_order_fk_categorie		llx_categorie.rowid		外部关联 ID（具体目标以外键或业务代码为准）（基于字段名推断）	htdocs/install/mysql/tables/llx_categorie_order-commande.sql	23
llx_categorie_order	客户订单	2	fk_order	integer	integer	NO		N	N	idx_categorie_order_fk_order		llx_commande.rowid		外部关联 ID（具体目标以外键或业务代码为准）（基于字段名推断）	htdocs/install/mysql/tables/llx_categorie_order-commande.sql	24
llx_categorie_order	客户订单	3	import_key	varchar(14)	varchar	YES		N	N					导入批次/外部导入键	htdocs/install/mysql/tables/llx_categorie_order-commande.sql	25
llx_categorie_product	分类	1	fk_categorie	integer	integer	NO		N	N	idx_categorie_product_fk_categorie		llx_categorie.rowid		外部关联 ID（具体目标以外键或业务代码为准）（基于字段名推断）	htdocs/install/mysql/tables/llx_categorie_product.sql	23
llx_categorie_product	分类	2	fk_product	integer	integer	NO		N	N	idx_categorie_product_fk_product		llx_product.rowid		关联产品/服务 ID	htdocs/install/mysql/tables/llx_categorie_product.sql	24
llx_categorie_product	分类	3	import_key	varchar(14)	varchar	YES		N	N					导入批次/外部导入键	htdocs/install/mysql/tables/llx_categorie_product.sql	25
llx_categorie_project	分类	1	fk_categorie	integer	integer	NO		N	N	idx_categorie_project_fk_categorie		llx_categorie.rowid		外部关联 ID（具体目标以外键或业务代码为准）（基于字段名推断）	htdocs/install/mysql/tables/llx_categorie_project.sql	22
llx_categorie_project	分类	2	fk_project	integer	integer	NO		N	N	idx_categorie_project_fk_project		llx_projet.rowid		关联项目 ID	htdocs/install/mysql/tables/llx_categorie_project.sql	23
llx_categorie_project	分类	3	import_key	varchar(14)	varchar	YES		N	N					导入批次/外部导入键	htdocs/install/mysql/tables/llx_categorie_project.sql	24
llx_categorie_project_task	项目	1	fk_categorie	integer	integer	NO		N	N	idx_categorie_project_fk_categorie		llx_categorie.rowid		外部关联 ID（具体目标以外键或业务代码为准）（基于字段名推断）	htdocs/install/mysql/tables/llx_categorie_project_task-project.sql	23
llx_categorie_project_task	项目	2	fk_project_task	integer	integer	NO		N	N	idx_categorie_project_fk_task		llx_projet_task.rowid		外部关联 ID（具体目标以外键或业务代码为准）（基于字段名推断）	htdocs/install/mysql/tables/llx_categorie_project_task-project.sql	24
llx_categorie_project_task	项目	3	import_key	varchar(14)	varchar	YES		N	N					导入批次/外部导入键	htdocs/install/mysql/tables/llx_categorie_project_task-project.sql	25
llx_categorie_propal	商业提案	1	fk_categorie	integer	integer	NO		N	N	idx_categorie_propal_fk_categorie		llx_categorie.rowid		外部关联 ID（具体目标以外键或业务代码为准）（基于字段名推断）	htdocs/install/mysql/tables/llx_categorie_propal-propal.sql	18
llx_categorie_propal	商业提案	2	fk_propal	integer	integer	NO		N	N	idx_categorie_propal_fk_propal		llx_propal.rowid		外部关联 ID（具体目标以外键或业务代码为准）（基于字段名推断）	htdocs/install/mysql/tables/llx_categorie_propal-propal.sql	19
llx_categorie_propal	商业提案	3	import_key	varchar(14)	varchar	YES		N	N					导入批次/外部导入键	htdocs/install/mysql/tables/llx_categorie_propal-propal.sql	20
llx_categorie_societe	分类	1	fk_categorie	integer	integer	NO		N	N	idx_categorie_societe_fk_categorie		llx_categorie.rowid		外部关联 ID（具体目标以外键或业务代码为准）（基于字段名推断）	htdocs/install/mysql/tables/llx_categorie_societe.sql	22
llx_categorie_societe	分类	2	fk_soc	integer	integer	NO		N	N	idx_categorie_societe_fk_societe		llx_societe.rowid		关联第三方企业 ID	htdocs/install/mysql/tables/llx_categorie_societe.sql	23
llx_categorie_societe	分类	3	import_key	varchar(14)	varchar	YES		N	N					导入批次/外部导入键	htdocs/install/mysql/tables/llx_categorie_societe.sql	24
llx_categorie_supplier_invoice	分类	1	fk_categorie	integer	integer	NO		N	N	idx_categorie_supplier_invoice_fk_categorie		llx_categorie.rowid		外部关联 ID（具体目标以外键或业务代码为准）（基于字段名推断）	htdocs/install/mysql/tables/llx_categorie_supplier_invoice.sql	23
llx_categorie_supplier_invoice	分类	2	fk_supplier_invoice	integer	integer	NO		N	N	idx_categorie_supplier_invoice_fk_supplier_invoice		llx_facture_fourn.rowid		外部关联 ID（具体目标以外键或业务代码为准）（基于字段名推断）	htdocs/install/mysql/tables/llx_categorie_supplier_invoice.sql	24
llx_categorie_supplier_invoice	分类	3	import_key	varchar(14)	varchar	YES		N	N					导入批次/外部导入键	htdocs/install/mysql/tables/llx_categorie_supplier_invoice.sql	25
llx_categorie_supplier_order	分类	1	fk_categorie	integer	integer	NO		N	N	idx_categorie_supplier_order_fk_categorie		llx_categorie.rowid		外部关联 ID（具体目标以外键或业务代码为准）（基于字段名推断）	htdocs/install/mysql/tables/llx_categorie_supplier_order.sql	23
llx_categorie_supplier_order	分类	2	fk_supplier_order	integer	integer	NO		N	N	idx_categorie_supplier_order_fk_supplier_order		llx_commande_fournisseur.rowid		外部关联 ID（具体目标以外键或业务代码为准）（基于字段名推断）	htdocs/install/mysql/tables/llx_categorie_supplier_order.sql	24
llx_categorie_supplier_order	分类	3	import_key	varchar(14)	varchar	YES		N	N					导入批次/外部导入键	htdocs/install/mysql/tables/llx_categorie_supplier_order.sql	25
llx_categorie_supplier_proposal	供应商提案	1	fk_categorie	integer	integer	NO		N	N	idx_categorie_supplier_proposal_fk_categorie		llx_categorie.rowid		外部关联 ID（具体目标以外键或业务代码为准）（基于字段名推断）	htdocs/install/mysql/tables/llx_categorie_supplier_proposal-supplier_proposal.sql	23
llx_categorie_supplier_proposal	供应商提案	2	fk_supplier_proposal	integer	integer	NO		N	N	idx_categorie_supplier_proposal_fk_supplier_proposal		llx_supplier_proposal.rowid		外部关联 ID（具体目标以外键或业务代码为准）（基于字段名推断）	htdocs/install/mysql/tables/llx_categorie_supplier_proposal-supplier_proposal.sql	24
llx_categorie_supplier_proposal	供应商提案	3	import_key	varchar(14)	varchar	YES		N	N					导入批次/外部导入键	htdocs/install/mysql/tables/llx_categorie_supplier_proposal-supplier_proposal.sql	25
llx_categorie_ticket	工单	1	fk_categorie	integer	integer	NO		N	N	idx_categorie_ticket_fk_categorie		llx_categorie.rowid		外部关联 ID（具体目标以外键或业务代码为准）（基于字段名推断）	htdocs/install/mysql/tables/llx_categorie_ticket-ticket.sql	18
llx_categorie_ticket	工单	2	fk_ticket	integer	integer	NO		N	N	idx_categorie_ticket_fk_ticket		llx_ticket.rowid		外部关联 ID（具体目标以外键或业务代码为准）（基于字段名推断）	htdocs/install/mysql/tables/llx_categorie_ticket-ticket.sql	19
llx_categorie_ticket	工单	3	import_key	varchar(14)	varchar	YES		N	N					导入批次/外部导入键	htdocs/install/mysql/tables/llx_categorie_ticket-ticket.sql	20
llx_categorie_user	分类	1	fk_categorie	integer	integer	NO		N	N	idx_categorie_user_fk_categorie		llx_categorie.rowid		外部关联 ID（具体目标以外键或业务代码为准）（基于字段名推断）	htdocs/install/mysql/tables/llx_categorie_user.sql	21
llx_categorie_user	分类	2	fk_user	integer	integer	NO		N	N	idx_categorie_user_fk_user		llx_user.rowid		外部关联 ID（具体目标以外键或业务代码为准）（基于字段名推断）	htdocs/install/mysql/tables/llx_categorie_user.sql	22
llx_categorie_user	分类	3	import_key	varchar(14)	varchar	YES		N	N					导入批次/外部导入键	htdocs/install/mysql/tables/llx_categorie_user.sql	23
llx_categorie_warehouse	库存	1	fk_categorie	integer	integer	NO		N	N	idx_categorie_warehouse_fk_categorie		llx_categorie.rowid		外部关联 ID（具体目标以外键或业务代码为准）（基于字段名推断）	htdocs/install/mysql/tables/llx_categorie_warehouse-stock.sql	24
llx_categorie_warehouse	库存	2	fk_warehouse	integer	integer	NO		N	N	idx_categorie_warehouse_fk_warehouse		llx_entrepot.rowid		关联仓库 ID	htdocs/install/mysql/tables/llx_categorie_warehouse-stock.sql	25
llx_categorie_warehouse	库存	3	import_key	varchar(14)	varchar	YES		N	N					导入批次/外部导入键	htdocs/install/mysql/tables/llx_categorie_warehouse-stock.sql	26
llx_categorie_website_page	网站	1	fk_categorie	integer	integer	NO		N	N	idx_categorie_website_page_fk_categorie		llx_categorie.rowid		外部关联 ID（具体目标以外键或业务代码为准）（基于字段名推断）	htdocs/install/mysql/tables/llx_categorie_website_page-website.sql	22
llx_categorie_website_page	网站	2	fk_website_page	integer	integer	NO		N	N	idx_categorie_website_page_fk_website_page		llx_website_page.rowid		外部关联 ID（具体目标以外键或业务代码为准）（基于字段名推断）	htdocs/install/mysql/tables/llx_categorie_website_page-website.sql	23
llx_categorie_website_page	网站	3	import_key	varchar(14)	varchar	YES		N	N					导入批次/外部导入键	htdocs/install/mysql/tables/llx_categorie_website_page-website.sql	24
llx_categories_extrafields	分类	1	rowid	integer	integer	NO		Y	Y	PRIMARY	PRIMARY			主键行标识；通常为自增整数	htdocs/install/mysql/tables/llx_categories_extrafields.sql	21
llx_categories_extrafields	分类	2	tms	timestamp	timestamp	YES	CURRENT_TIMESTAMP	N	N					最后修改时间戳	htdocs/install/mysql/tables/llx_categories_extrafields.sql	22
llx_categories_extrafields	分类	3	fk_object	integer	integer	NO		N	N	uk_categories_extrafields	uk_categories_extrafields			外部关联 ID（具体目标以外键或业务代码为准）（基于字段名推断）	htdocs/install/mysql/tables/llx_categories_extrafields.sql	23
llx_categories_extrafields	分类	4	import_key	varchar(14)	varchar	YES		N	N				import key	导入批次/外部导入键；源码注释：import key	htdocs/install/mysql/tables/llx_categories_extrafields.sql	24
llx_category_bankline	核心/系统	1	lineid	integer	integer	NO		N	N	uk_category_bankline_lineid	uk_category_bankline_lineid			字段 lineid（基于字段名推断）	htdocs/install/mysql/tables/llx_category_bankline.sql	22
llx_category_bankline	核心/系统	2	fk_categ	integer	integer	NO		N	N	uk_category_bankline_lineid	uk_category_bankline_lineid			外部关联 ID（具体目标以外键或业务代码为准）（基于字段名推断）	htdocs/install/mysql/tables/llx_category_bankline.sql	23
llx_category_bankline	核心/系统	3	import_key	varchar(14)	varchar	YES		N	N					导入批次/外部导入键	htdocs/install/mysql/tables/llx_category_bankline.sql	24
llx_chargesociales	核心/系统	1	rowid	integer	integer	NO		Y	Y	PRIMARY	PRIMARY			主键行标识；通常为自增整数	htdocs/install/mysql/tables/llx_chargesociales.sql	25
llx_chargesociales	核心/系统	2	ref	varchar(16)	varchar	YES		N	N				'TX....'	业务参考号/单号；源码注释：'TX....'	htdocs/install/mysql/tables/llx_chargesociales.sql	26
llx_chargesociales	核心/系统	3	date_ech	datetime	datetime	NO		N	N				date echeance	日期/时间字段；源码注释：date echeance	htdocs/install/mysql/tables/llx_chargesociales.sql	27
llx_chargesociales	核心/系统	4	libelle	varchar(80)	varchar	NO		N	N					字段 libelle（基于字段名推断）	htdocs/install/mysql/tables/llx_chargesociales.sql	28
llx_chargesociales	核心/系统	5	entity	integer	integer	NO	1	N	N				multi company id	多实体/多公司隔离标识；源码注释：multi company id	htdocs/install/mysql/tables/llx_chargesociales.sql	29
llx_chargesociales	核心/系统	6	tms	timestamp	timestamp	YES	CURRENT_TIMESTAMP	N	N					最后修改时间戳	htdocs/install/mysql/tables/llx_chargesociales.sql	30
llx_chargesociales	核心/系统	7	date_creation	datetime	datetime	YES		N	N				date de creation	日期/时间字段；源码注释：date de creation	htdocs/install/mysql/tables/llx_chargesociales.sql	31
llx_chargesociales	核心/系统	8	date_valid	datetime	datetime	YES		N	N				date de validation	审核/生效日期；源码注释：date de validation	htdocs/install/mysql/tables/llx_chargesociales.sql	32
llx_chargesociales	核心/系统	9	fk_user	integer	integer	YES	NULL	N	N	idx_chargesociales_fk_user			utilisateur concerné	外部关联 ID（具体目标以外键或业务代码为准）；源码注释：utilisateur concerné	htdocs/install/mysql/tables/llx_chargesociales.sql	33
llx_chargesociales	核心/系统	10	fk_user_author	integer	integer	YES		N	N	idx_chargesociales_fk_user_author			user making creation	创建人/制单人用户 ID；源码注释：user making creation	htdocs/install/mysql/tables/llx_chargesociales.sql	34
llx_chargesociales	核心/系统	11	fk_user_modif	integer	integer	YES		N	N	idx_chargesociales_fk_user_modif			user making last change	最后修改人用户 ID；源码注释：user making last change	htdocs/install/mysql/tables/llx_chargesociales.sql	35
llx_chargesociales	核心/系统	12	fk_user_valid	integer	integer	YES		N	N	idx_chargesociales_fk_user_valid			user validating	审核/验证人用户 ID；源码注释：user validating	htdocs/install/mysql/tables/llx_chargesociales.sql	36
llx_chargesociales	核心/系统	13	fk_type	integer	integer	NO		N	N	idx_chargesociales_fk_type				外部关联 ID（具体目标以外键或业务代码为准）（基于字段名推断）	htdocs/install/mysql/tables/llx_chargesociales.sql	37
llx_chargesociales	核心/系统	14	fk_account	integer	integer	YES		N	N	idx_chargesociales_fk_account			bank account	关联银行账户 ID；源码注释：bank account	htdocs/install/mysql/tables/llx_chargesociales.sql	38
llx_chargesociales	核心/系统	15	fk_mode_reglement	integer	integer	YES		N	N	idx_chargesociales_fk_mode_reglement			mode de reglement	外部关联 ID（具体目标以外键或业务代码为准）；源码注释：mode de reglement	htdocs/install/mysql/tables/llx_chargesociales.sql	39
llx_chargesociales	核心/系统	16	amount	double(24,8)	double	NO	0	N	N					金额	htdocs/install/mysql/tables/llx_chargesociales.sql	40
llx_chargesociales	核心/系统	17	paye	smallint	smallint	NO	0	N	N					字段 paye（基于字段名推断）	htdocs/install/mysql/tables/llx_chargesociales.sql	41
llx_chargesociales	核心/系统	18	periode	date	date	YES		N	N					字段 periode（基于字段名推断）	htdocs/install/mysql/tables/llx_chargesociales.sql	42
llx_chargesociales	核心/系统	19	fk_projet	integer	integer	YES	NULL	N	N	idx_chargesociales_fk_projet				关联项目 ID	htdocs/install/mysql/tables/llx_chargesociales.sql	43
llx_chargesociales	核心/系统	20	note_private	text	text	YES		N	N					内部备注	htdocs/install/mysql/tables/llx_chargesociales.sql	44
llx_chargesociales	核心/系统	21	note_public	text	text	YES		N	N					公开备注	htdocs/install/mysql/tables/llx_chargesociales.sql	45
llx_chargesociales	核心/系统	22	import_key	varchar(14)	varchar	YES		N	N					导入批次/外部导入键	htdocs/install/mysql/tables/llx_chargesociales.sql	46
llx_commande	客户订单	1	rowid	integer	integer	NO		Y	Y	PRIMARY	PRIMARY			主键行标识；通常为自增整数	htdocs/install/mysql/tables/llx_commande.sql	24
llx_commande	客户订单	2	ref	varchar(30)	varchar	NO		N	N	uk_commande_ref	uk_commande_ref		order reference number	业务参考号/单号；源码注释：order reference number	htdocs/install/mysql/tables/llx_commande.sql	25
llx_commande	客户订单	3	entity	integer	integer	NO	1	N	N	uk_commande_ref	uk_commande_ref		multi company id	多实体/多公司隔离标识；源码注释：multi company id	htdocs/install/mysql/tables/llx_commande.sql	26
llx_commande	客户订单	4	ref_ext	varchar(255)	varchar	YES		N	N				reference into an external system (not used by dolibarr)	代码/参考号字段；源码注释：reference into an external system (not used by dolibarr)	htdocs/install/mysql/tables/llx_commande.sql	28
llx_commande	客户订单	5	ref_client	varchar(255)	varchar	YES		N	N				reference for customer	代码/参考号字段；源码注释：reference for customer	htdocs/install/mysql/tables/llx_commande.sql	29
llx_commande	客户订单	6	fk_soc	integer	integer	NO		N	N	idx_commande_fk_soc		llx_societe.rowid		关联第三方企业 ID	htdocs/install/mysql/tables/llx_commande.sql	31
llx_commande	客户订单	7	fk_projet	integer	integer	YES	NULL	N	N	idx_commande_fk_projet		llx_projet.rowid	projet auquel est rattache la commande	关联项目 ID；源码注释：projet auquel est rattache la commande	htdocs/install/mysql/tables/llx_commande.sql	32
llx_commande	客户订单	8	tms	timestamp	timestamp	YES	CURRENT_TIMESTAMP	N	N					最后修改时间戳	htdocs/install/mysql/tables/llx_commande.sql	34
llx_commande	客户订单	9	date_creation	datetime	datetime	YES		N	N				date de creation	日期/时间字段；源码注释：date de creation	htdocs/install/mysql/tables/llx_commande.sql	35
llx_commande	客户订单	10	date_valid	datetime	datetime	YES		N	N				date de validation	审核/生效日期；源码注释：date de validation	htdocs/install/mysql/tables/llx_commande.sql	36
llx_commande	客户订单	11	date_cloture	datetime	datetime	YES		N	N				date de cloture	日期/时间字段；源码注释：date de cloture	htdocs/install/mysql/tables/llx_commande.sql	37
llx_commande	客户订单	12	date_commande	date	date	YES		N	N				date de la commande	日期/时间字段；源码注释：date de la commande	htdocs/install/mysql/tables/llx_commande.sql	38
llx_commande	客户订单	13	fk_user_author	integer	integer	YES		N	N	idx_commande_fk_user_author		llx_user.rowid	user making creation, may be null if created by automated process	创建人/制单人用户 ID；源码注释：user making creation, may be null if created by automated process	htdocs/install/mysql/tables/llx_commande.sql	39
llx_commande	客户订单	14	fk_user_modif	integer	integer	YES		N	N				user making last change	最后修改人用户 ID；源码注释：user making last change	htdocs/install/mysql/tables/llx_commande.sql	40
llx_commande	客户订单	15	fk_user_valid	integer	integer	YES		N	N	idx_commande_fk_user_valid		llx_user.rowid	user validating	审核/验证人用户 ID；源码注释：user validating	htdocs/install/mysql/tables/llx_commande.sql	41
llx_commande	客户订单	16	fk_user_cloture	integer	integer	YES		N	N	idx_commande_fk_user_cloture		llx_user.rowid	user closing	外部关联 ID（具体目标以外键或业务代码为准）；源码注释：user closing	htdocs/install/mysql/tables/llx_commande.sql	42
llx_commande	客户订单	17	source	smallint	smallint	YES		N	N				not used, except by setting this to 42 for orders coming for replenishment and 0 in other case ?	字段 source；源码注释：not used, except by setting this to 42 for orders coming for replenishment and 0 in other case ?	htdocs/install/mysql/tables/llx_commande.sql	43
llx_commande	客户订单	18	fk_statut	smallint	smallint	YES	0	N	N	idx_commande_fk_statut				状态码	htdocs/install/mysql/tables/llx_commande.sql	44
llx_commande	客户订单	19	amount_ht	double(24,8)	double	YES	0	N	N					金额、价格或税费字段（基于字段名推断）	htdocs/install/mysql/tables/llx_commande.sql	45
llx_commande	客户订单	20	remise_percent	real	real	YES	0	N	N				deprecated (not used)	比例/百分比字段；源码注释：deprecated (not used)	htdocs/install/mysql/tables/llx_commande.sql	47
llx_commande	客户订单	21	remise_absolue	real	real	YES	0	N	N				deprecated (not used)	字段 remise_absolue；源码注释：deprecated (not used)	htdocs/install/mysql/tables/llx_commande.sql	48
llx_commande	客户订单	22	remise	real	real	YES	0	N	N				deprecated (not used)	字段 remise；源码注释：deprecated (not used)	htdocs/install/mysql/tables/llx_commande.sql	49
llx_commande	客户订单	23	total_tva	double(24,8)	double	YES	0	N	N				total tax	税额总计；源码注释：total tax	htdocs/install/mysql/tables/llx_commande.sql	51
llx_commande	客户订单	24	localtax1	double(24,8)	double	YES	0	N	N				total local tax 2	金额、价格或税费字段；源码注释：total local tax 2	htdocs/install/mysql/tables/llx_commande.sql	52
llx_commande	客户订单	25	localtax2	double(24,8)	double	YES	0	N	N				total local tax 3	金额、价格或税费字段；源码注释：total local tax 3	htdocs/install/mysql/tables/llx_commande.sql	53
llx_commande	客户订单	26	revenuestamp	double(24,8)	double	YES	0	N	N				amount total revenuestamp (usefull for proforma that must match invoice)	字段 revenuestamp；源码注释：amount total revenuestamp (usefull for proforma that must match invoice)	htdocs/install/mysql/tables/llx_commande.sql	54
llx_commande	客户订单	27	total_ht	double(24,8)	double	YES	0	N	N				total without tax	未含税总额；源码注释：total without tax	htdocs/install/mysql/tables/llx_commande.sql	55
llx_commande	客户订单	28	total_ttc	double(24,8)	double	YES	0	N	N				total with tax	含税总额；源码注释：total with tax	htdocs/install/mysql/tables/llx_commande.sql	56
llx_commande	客户订单	29	signed_status	smallint	smallint	YES	NULL	N	N				signed status NULL, 0 or 1	字段 signed_status；源码注释：signed status NULL, 0 or 1	htdocs/install/mysql/tables/llx_commande.sql	58
llx_commande	客户订单	30	note_private	text	text	YES		N	N					内部备注	htdocs/install/mysql/tables/llx_commande.sql	60
llx_commande	客户订单	31	note_public	text	text	YES		N	N					公开备注	htdocs/install/mysql/tables/llx_commande.sql	61
llx_commande	客户订单	32	model_pdf	varchar(255)	varchar	YES		N	N					字段 model_pdf（基于字段名推断）	htdocs/install/mysql/tables/llx_commande.sql	62
llx_commande	客户订单	33	last_main_doc	varchar(255)	varchar	YES		N	N				relative filepath+filename of last main generated document	字段 last_main_doc；源码注释：relative filepath+filename of last main generated document	htdocs/install/mysql/tables/llx_commande.sql	63
llx_commande	客户订单	34	module_source	varchar(32)	varchar	YES		N	N				name of module when order generated by a dedicated module (POS, ecommerce...)	字段 module_source；源码注释：name of module when order generated by a dedicated module (POS, ecommerce...)	htdocs/install/mysql/tables/llx_commande.sql	65
llx_commande	客户订单	35	pos_source	varchar(32)	varchar	YES		N	N				numero of POS terminal when order is generated by a POS module, IDsession@IDwebsite when order is generated for a website basket.	字段 pos_source；源码注释：numero of POS terminal when order is generated by a POS module, IDsession@IDwebsite when order is generated for a website basket.	htdocs/install/mysql/tables/llx_commande.sql	66
llx_commande	客户订单	36	facture	tinyint	tinyint	YES	0	N	N					字段 facture（基于字段名推断）	htdocs/install/mysql/tables/llx_commande.sql	67
llx_commande	客户订单	37	fk_account	integer	integer	YES		N	N	idx_commande_fk_account			bank account	关联银行账户 ID；源码注释：bank account	htdocs/install/mysql/tables/llx_commande.sql	68
llx_commande	客户订单	38	fk_currency	varchar(3)	varchar	YES		N	N	idx_commande_fk_currency			currency code	关联货币代码；源码注释：currency code	htdocs/install/mysql/tables/llx_commande.sql	69
llx_commande	客户订单	39	fk_cond_reglement	integer	integer	YES		N	N				condition de reglement	外部关联 ID（具体目标以外键或业务代码为准）；源码注释：condition de reglement	htdocs/install/mysql/tables/llx_commande.sql	70
llx_commande	客户订单	40	deposit_percent	varchar(63)	varchar	YES	NULL	N	N				default deposit % if payment term needs it	比例/百分比字段；源码注释：default deposit % if payment term needs it	htdocs/install/mysql/tables/llx_commande.sql	71
llx_commande	客户订单	41	fk_mode_reglement	integer	integer	YES		N	N				mode de reglement	外部关联 ID（具体目标以外键或业务代码为准）；源码注释：mode de reglement	htdocs/install/mysql/tables/llx_commande.sql	72
llx_commande	客户订单	42	date_livraison	datetime	datetime	YES	NULL	N	N					日期/时间字段（基于字段名推断）	htdocs/install/mysql/tables/llx_commande.sql	74
llx_commande	客户订单	43	fk_shipping_method	integer	integer	YES		N	N				shipping method id	外部关联 ID（具体目标以外键或业务代码为准）；源码注释：shipping method id	htdocs/install/mysql/tables/llx_commande.sql	75
llx_commande	客户订单	44	fk_warehouse	integer	integer	YES	NULL	N	N					关联仓库 ID	htdocs/install/mysql/tables/llx_commande.sql	76
llx_commande	客户订单	45	fk_availability	integer	integer	YES		N	N					外部关联 ID（具体目标以外键或业务代码为准）（基于字段名推断）	htdocs/install/mysql/tables/llx_commande.sql	77
llx_commande	客户订单	46	fk_input_reason	integer	integer	YES		N	N				id coming from c_input_reason, '0' if no defined	外部关联 ID（具体目标以外键或业务代码为准）；源码注释：id coming from c_input_reason, '0' if no defined	htdocs/install/mysql/tables/llx_commande.sql	78
llx_commande	客户订单	47	fk_delivery_address	integer	integer	YES		N	N				delivery address (deprecated)	外部关联 ID（具体目标以外键或业务代码为准）；源码注释：delivery address (deprecated)	htdocs/install/mysql/tables/llx_commande.sql	79
llx_commande	客户订单	48	fk_incoterms	integer	integer	YES		N	N				for incoterms	外部关联 ID（具体目标以外键或业务代码为准）；源码注释：for incoterms	htdocs/install/mysql/tables/llx_commande.sql	80
llx_commande	客户订单	49	location_incoterms	varchar(255)	varchar	YES		N	N				for incoterms	字段 location_incoterms；源码注释：for incoterms	htdocs/install/mysql/tables/llx_commande.sql	81
llx_commande	客户订单	50	import_key	varchar(14)	varchar	YES		N	N					导入批次/外部导入键	htdocs/install/mysql/tables/llx_commande.sql	82
llx_commande	客户订单	51	extraparams	varchar(255)	varchar	YES		N	N				to save other parameters with json format	扩展参数/结构化文本；源码注释：to save other parameters with json format	htdocs/install/mysql/tables/llx_commande.sql	83
llx_commande	客户订单	52	fk_multicurrency	integer	integer	YES		N	N					外部关联 ID（具体目标以外键或业务代码为准）（基于字段名推断）	htdocs/install/mysql/tables/llx_commande.sql	85
llx_commande	客户订单	53	multicurrency_code	varchar(3)	varchar	YES		N	N					代码/参考号字段（基于字段名推断）	htdocs/install/mysql/tables/llx_commande.sql	86
llx_commande	客户订单	54	multicurrency_tx	double(24,8)	double	YES	1	N	N					字段 multicurrency_tx（基于字段名推断）	htdocs/install/mysql/tables/llx_commande.sql	87
llx_commande	客户订单	55	multicurrency_total_ht	double(24,8)	double	YES	0	N	N					金额、价格或税费字段（基于字段名推断）	htdocs/install/mysql/tables/llx_commande.sql	88
llx_commande	客户订单	56	multicurrency_total_tva	double(24,8)	double	YES	0	N	N					金额、价格或税费字段（基于字段名推断）	htdocs/install/mysql/tables/llx_commande.sql	89
llx_commande	客户订单	57	multicurrency_total_ttc	double(24,8)	double	YES	0	N	N					金额、价格或税费字段（基于字段名推断）	htdocs/install/mysql/tables/llx_commande.sql	90
llx_commande	客户订单	58	ip	varchar(250)	varchar	YES		N	N					字段 ip（基于字段名推断）	htdocs/install/mysql/tables/llx_commande.sql	92
llx_commande	客户订单	59	user_agent	varchar(255)	varchar	YES		N	N					字段 user_agent（基于字段名推断）	htdocs/install/mysql/tables/llx_commande.sql	93
llx_commande_extrafields	客户订单	1	rowid	integer	integer	NO		Y	Y	PRIMARY	PRIMARY			主键行标识；通常为自增整数	htdocs/install/mysql/tables/llx_commande_extrafields.sql	21
llx_commande_extrafields	客户订单	2	tms	timestamp	timestamp	YES	CURRENT_TIMESTAMP	N	N					最后修改时间戳	htdocs/install/mysql/tables/llx_commande_extrafields.sql	22
llx_commande_extrafields	客户订单	3	fk_object	integer	integer	NO		N	N	uk_commande_extrafields	uk_commande_extrafields			外部关联 ID（具体目标以外键或业务代码为准）（基于字段名推断）	htdocs/install/mysql/tables/llx_commande_extrafields.sql	23
llx_commande_extrafields	客户订单	4	import_key	varchar(14)	varchar	YES		N	N				import key	导入批次/外部导入键；源码注释：import key	htdocs/install/mysql/tables/llx_commande_extrafields.sql	24
llx_commande_fournisseur	供应商订单	1	rowid	integer	integer	NO		Y	Y	PRIMARY	PRIMARY			主键行标识；通常为自增整数	htdocs/install/mysql/tables/llx_commande_fournisseur.sql	24
llx_commande_fournisseur	供应商订单	2	ref	varchar(180)	varchar	NO		N	N	uk_commande_fournisseur_ref	uk_commande_fournisseur_ref		order number	业务参考号/单号；源码注释：order number	htdocs/install/mysql/tables/llx_commande_fournisseur.sql	26
llx_commande_fournisseur	供应商订单	3	entity	integer	integer	NO	1	N	N	uk_commande_fournisseur_ref	uk_commande_fournisseur_ref		multi company id	多实体/多公司隔离标识；源码注释：multi company id	htdocs/install/mysql/tables/llx_commande_fournisseur.sql	27
llx_commande_fournisseur	供应商订单	4	ref_ext	varchar(255)	varchar	YES		N	N				reference into an external system (not used by dolibarr)	代码/参考号字段；源码注释：reference into an external system (not used by dolibarr)	htdocs/install/mysql/tables/llx_commande_fournisseur.sql	29
llx_commande_fournisseur	供应商订单	5	ref_supplier	varchar(255)	varchar	YES		N	N					代码/参考号字段（基于字段名推断）	htdocs/install/mysql/tables/llx_commande_fournisseur.sql	30
llx_commande_fournisseur	供应商订单	6	fk_soc	integer	integer	NO		N	N	idx_commande_fournisseur_fk_soc		llx_societe.rowid		关联第三方企业 ID	htdocs/install/mysql/tables/llx_commande_fournisseur.sql	32
llx_commande_fournisseur	供应商订单	7	fk_projet	integer	integer	YES	0	N	N				project id	关联项目 ID；源码注释：project id	htdocs/install/mysql/tables/llx_commande_fournisseur.sql	33
llx_commande_fournisseur	供应商订单	8	tms	timestamp	timestamp	YES	CURRENT_TIMESTAMP	N	N					最后修改时间戳	htdocs/install/mysql/tables/llx_commande_fournisseur.sql	35
llx_commande_fournisseur	供应商订单	9	date_creation	datetime	datetime	YES		N	N				date of creation	日期/时间字段；源码注释：date of creation	htdocs/install/mysql/tables/llx_commande_fournisseur.sql	36
llx_commande_fournisseur	供应商订单	10	date_valid	datetime	datetime	YES		N	N				date of validation	审核/生效日期；源码注释：date of validation	htdocs/install/mysql/tables/llx_commande_fournisseur.sql	37
llx_commande_fournisseur	供应商订单	11	date_approve	datetime	datetime	YES		N	N				date of approval	日期/时间字段；源码注释：date of approval	htdocs/install/mysql/tables/llx_commande_fournisseur.sql	38
llx_commande_fournisseur	供应商订单	12	date_approve2	datetime	datetime	YES		N	N				date of approval 2 (when double approving is accivated)	日期/时间字段；源码注释：date of approval 2 (when double approving is accivated)	htdocs/install/mysql/tables/llx_commande_fournisseur.sql	39
llx_commande_fournisseur	供应商订单	13	date_commande	date	date	YES		N	N				date of purchase order	日期/时间字段；源码注释：date of purchase order	htdocs/install/mysql/tables/llx_commande_fournisseur.sql	40
llx_commande_fournisseur	供应商订单	14	fk_user_author	integer	integer	YES		N	N				user making creation	创建人/制单人用户 ID；源码注释：user making creation	htdocs/install/mysql/tables/llx_commande_fournisseur.sql	41
llx_commande_fournisseur	供应商订单	15	fk_user_modif	integer	integer	YES		N	N				user making last change	最后修改人用户 ID；源码注释：user making last change	htdocs/install/mysql/tables/llx_commande_fournisseur.sql	42
llx_commande_fournisseur	供应商订单	16	fk_user_valid	integer	integer	YES		N	N				user validating	审核/验证人用户 ID；源码注释：user validating	htdocs/install/mysql/tables/llx_commande_fournisseur.sql	43
llx_commande_fournisseur	供应商订单	17	fk_user_approve	integer	integer	YES		N	N				user approving	外部关联 ID（具体目标以外键或业务代码为准）；源码注释：user approving	htdocs/install/mysql/tables/llx_commande_fournisseur.sql	44
llx_commande_fournisseur	供应商订单	18	fk_user_approve2	integer	integer	YES		N	N				user approving 2 (when double approving is accivated)	外部关联 ID（具体目标以外键或业务代码为准）；源码注释：user approving 2 (when double approving is accivated)	htdocs/install/mysql/tables/llx_commande_fournisseur.sql	45
llx_commande_fournisseur	供应商订单	19	source	smallint	smallint	NO		N	N				not used, except by setting this to 42 for orders coming for replenishment and 0 in other case ?	字段 source；源码注释：not used, except by setting this to 42 for orders coming for replenishment and 0 in other case ?	htdocs/install/mysql/tables/llx_commande_fournisseur.sql	46
llx_commande_fournisseur	供应商订单	20	fk_statut	smallint	smallint	YES	0	N	N					状态码	htdocs/install/mysql/tables/llx_commande_fournisseur.sql	47
llx_commande_fournisseur	供应商订单	21	billed	smallint	smallint	YES	0	N	N	billed				字段 billed（基于字段名推断）	htdocs/install/mysql/tables/llx_commande_fournisseur.sql	48
llx_commande_fournisseur	供应商订单	22	amount_ht	double(24,8)	double	YES	0	N	N					金额、价格或税费字段（基于字段名推断）	htdocs/install/mysql/tables/llx_commande_fournisseur.sql	49
llx_commande_fournisseur	供应商订单	23	remise_percent	real	real	YES	0	N	N					比例/百分比字段（基于字段名推断）	htdocs/install/mysql/tables/llx_commande_fournisseur.sql	50
llx_commande_fournisseur	供应商订单	24	remise	real	real	YES	0	N	N					字段 remise（基于字段名推断）	htdocs/install/mysql/tables/llx_commande_fournisseur.sql	51
llx_commande_fournisseur	供应商订单	25	total_tva	double(24,8)	double	YES	0	N	N					税额总计	htdocs/install/mysql/tables/llx_commande_fournisseur.sql	52
llx_commande_fournisseur	供应商订单	26	localtax1	double(24,8)	double	YES	0	N	N					金额、价格或税费字段（基于字段名推断）	htdocs/install/mysql/tables/llx_commande_fournisseur.sql	53
llx_commande_fournisseur	供应商订单	27	localtax2	double(24,8)	double	YES	0	N	N					金额、价格或税费字段（基于字段名推断）	htdocs/install/mysql/tables/llx_commande_fournisseur.sql	54
llx_commande_fournisseur	供应商订单	28	total_ht	double(24,8)	double	YES	0	N	N					未含税总额	htdocs/install/mysql/tables/llx_commande_fournisseur.sql	55
llx_commande_fournisseur	供应商订单	29	total_ttc	double(24,8)	double	YES	0	N	N					含税总额	htdocs/install/mysql/tables/llx_commande_fournisseur.sql	56
llx_commande_fournisseur	供应商订单	30	note_private	text	text	YES		N	N					内部备注	htdocs/install/mysql/tables/llx_commande_fournisseur.sql	57
llx_commande_fournisseur	供应商订单	31	note_public	text	text	YES		N	N					公开备注	htdocs/install/mysql/tables/llx_commande_fournisseur.sql	58
llx_commande_fournisseur	供应商订单	32	model_pdf	varchar(255)	varchar	YES		N	N					字段 model_pdf（基于字段名推断）	htdocs/install/mysql/tables/llx_commande_fournisseur.sql	59
llx_commande_fournisseur	供应商订单	33	last_main_doc	varchar(255)	varchar	YES		N	N				relative filepath+filename of last main generated document	字段 last_main_doc；源码注释：relative filepath+filename of last main generated document	htdocs/install/mysql/tables/llx_commande_fournisseur.sql	60
llx_commande_fournisseur	供应商订单	34	date_livraison	datetime	datetime	YES	NULL	N	N				date planned of delivery (expected shipment date)	日期/时间字段；源码注释：date planned of delivery (expected shipment date)	htdocs/install/mysql/tables/llx_commande_fournisseur.sql	62
llx_commande_fournisseur	供应商订单	35	date_reception	datetime	datetime	YES	NULL	N	N				date of real final reception (when everything is received)	日期/时间字段；源码注释：date of real final reception (when everything is received)	htdocs/install/mysql/tables/llx_commande_fournisseur.sql	63
llx_commande_fournisseur	供应商订单	36	fk_account	integer	integer	YES		N	N				bank account	关联银行账户 ID；源码注释：bank account	htdocs/install/mysql/tables/llx_commande_fournisseur.sql	64
llx_commande_fournisseur	供应商订单	37	fk_cond_reglement	integer	integer	YES		N	N				condition de reglement	外部关联 ID（具体目标以外键或业务代码为准）；源码注释：condition de reglement	htdocs/install/mysql/tables/llx_commande_fournisseur.sql	65
llx_commande_fournisseur	供应商订单	38	deposit_percent	varchar(63)	varchar	YES	NULL	N	N				default deposit % if payment term needs it	比例/百分比字段；源码注释：default deposit % if payment term needs it	htdocs/install/mysql/tables/llx_commande_fournisseur.sql	66
llx_commande_fournisseur	供应商订单	39	fk_mode_reglement	integer	integer	YES		N	N				mode de reglement	外部关联 ID（具体目标以外键或业务代码为准）；源码注释：mode de reglement	htdocs/install/mysql/tables/llx_commande_fournisseur.sql	67
llx_commande_fournisseur	供应商订单	40	fk_input_method	integer	integer	YES	0	N	N				id coming from c_input_reason, '0' if no defined	外部关联 ID（具体目标以外键或业务代码为准）；源码注释：id coming from c_input_reason, '0' if no defined	htdocs/install/mysql/tables/llx_commande_fournisseur.sql	68
llx_commande_fournisseur	供应商订单	41	fk_incoterms	integer	integer	YES		N	N				for incoterms	外部关联 ID（具体目标以外键或业务代码为准）；源码注释：for incoterms	htdocs/install/mysql/tables/llx_commande_fournisseur.sql	69
llx_commande_fournisseur	供应商订单	42	location_incoterms	varchar(255)	varchar	YES		N	N				for incoterms	字段 location_incoterms；源码注释：for incoterms	htdocs/install/mysql/tables/llx_commande_fournisseur.sql	70
llx_commande_fournisseur	供应商订单	43	import_key	varchar(14)	varchar	YES		N	N					导入批次/外部导入键	htdocs/install/mysql/tables/llx_commande_fournisseur.sql	71
llx_commande_fournisseur	供应商订单	44	extraparams	varchar(255)	varchar	YES		N	N				for stock other parameters with json format	扩展参数/结构化文本；源码注释：for stock other parameters with json format	htdocs/install/mysql/tables/llx_commande_fournisseur.sql	72
llx_commande_fournisseur	供应商订单	45	fk_multicurrency	integer	integer	YES		N	N					外部关联 ID（具体目标以外键或业务代码为准）（基于字段名推断）	htdocs/install/mysql/tables/llx_commande_fournisseur.sql	74
llx_commande_fournisseur	供应商订单	46	multicurrency_code	varchar(3)	varchar	YES		N	N					代码/参考号字段（基于字段名推断）	htdocs/install/mysql/tables/llx_commande_fournisseur.sql	75
llx_commande_fournisseur	供应商订单	47	multicurrency_tx	double(24,8)	double	YES	1	N	N					字段 multicurrency_tx（基于字段名推断）	htdocs/install/mysql/tables/llx_commande_fournisseur.sql	76
llx_commande_fournisseur	供应商订单	48	multicurrency_total_ht	double(24,8)	double	YES	0	N	N					金额、价格或税费字段（基于字段名推断）	htdocs/install/mysql/tables/llx_commande_fournisseur.sql	77
llx_commande_fournisseur	供应商订单	49	multicurrency_total_tva	double(24,8)	double	YES	0	N	N					金额、价格或税费字段（基于字段名推断）	htdocs/install/mysql/tables/llx_commande_fournisseur.sql	78
llx_commande_fournisseur	供应商订单	50	multicurrency_total_ttc	double(24,8)	double	YES	0	N	N					金额、价格或税费字段（基于字段名推断）	htdocs/install/mysql/tables/llx_commande_fournisseur.sql	79
llx_commande_fournisseur_extrafields	供应商订单	1	rowid	integer	integer	NO		Y	Y	PRIMARY	PRIMARY			主键行标识；通常为自增整数	htdocs/install/mysql/tables/llx_commande_fournisseur_extrafields.sql	25
llx_commande_fournisseur_extrafields	供应商订单	2	tms	timestamp	timestamp	YES	CURRENT_TIMESTAMP	N	N					最后修改时间戳	htdocs/install/mysql/tables/llx_commande_fournisseur_extrafields.sql	26
llx_commande_fournisseur_extrafields	供应商订单	3	fk_object	integer	integer	NO		N	N	uk_commande_fournisseur_extrafields	uk_commande_fournisseur_extrafields			外部关联 ID（具体目标以外键或业务代码为准）（基于字段名推断）	htdocs/install/mysql/tables/llx_commande_fournisseur_extrafields.sql	27
llx_commande_fournisseur_extrafields	供应商订单	4	import_key	varchar(14)	varchar	YES		N	N					导入批次/外部导入键	htdocs/install/mysql/tables/llx_commande_fournisseur_extrafields.sql	28
llx_commande_fournisseur_log	供应商订单	1	rowid	integer	integer	NO		Y	Y	PRIMARY	PRIMARY			主键行标识；通常为自增整数	htdocs/install/mysql/tables/llx_commande_fournisseur_log.sql	22
llx_commande_fournisseur_log	供应商订单	2	tms	timestamp	timestamp	YES	CURRENT_TIMESTAMP	N	N					最后修改时间戳	htdocs/install/mysql/tables/llx_commande_fournisseur_log.sql	23
llx_commande_fournisseur_log	供应商订单	3	datelog	datetime	datetime	NO		N	N					日期/时间字段（基于字段名推断）	htdocs/install/mysql/tables/llx_commande_fournisseur_log.sql	24
llx_commande_fournisseur_log	供应商订单	4	fk_commande	integer	integer	NO		N	N					外部关联 ID（具体目标以外键或业务代码为准）（基于字段名推断）	htdocs/install/mysql/tables/llx_commande_fournisseur_log.sql	25
llx_commande_fournisseur_log	供应商订单	5	fk_statut	smallint	smallint	NO		N	N					状态码	htdocs/install/mysql/tables/llx_commande_fournisseur_log.sql	26
llx_commande_fournisseur_log	供应商订单	6	fk_user	integer	integer	NO		N	N					外部关联 ID（具体目标以外键或业务代码为准）（基于字段名推断）	htdocs/install/mysql/tables/llx_commande_fournisseur_log.sql	27
llx_commande_fournisseur_log	供应商订单	7	comment	varchar(255)	varchar	YES		N	N					备注/说明字段（基于字段名推断）	htdocs/install/mysql/tables/llx_commande_fournisseur_log.sql	28
llx_commande_fournisseurdet	供应商订单	1	rowid	integer	integer	NO		Y	Y	PRIMARY	PRIMARY			主键行标识；通常为自增整数	htdocs/install/mysql/tables/llx_commande_fournisseurdet.sql	24
llx_commande_fournisseurdet	供应商订单	2	fk_commande	integer	integer	NO		N	N	idx_commande_fournisseurdet_fk_commande				外部关联 ID（具体目标以外键或业务代码为准）（基于字段名推断）	htdocs/install/mysql/tables/llx_commande_fournisseurdet.sql	25
llx_commande_fournisseurdet	供应商订单	3	fk_parent_line	integer	integer	YES		N	N					外部关联 ID（具体目标以外键或业务代码为准）（基于字段名推断）	htdocs/install/mysql/tables/llx_commande_fournisseurdet.sql	26
llx_commande_fournisseurdet	供应商订单	4	fk_product	integer	integer	YES		N	N	idx_commande_fournisseurdet_fk_product				关联产品/服务 ID	htdocs/install/mysql/tables/llx_commande_fournisseurdet.sql	27
llx_commande_fournisseurdet	供应商订单	5	ref	varchar(128)	varchar	YES		N	N				supplier product ref	业务参考号/单号；源码注释：supplier product ref	htdocs/install/mysql/tables/llx_commande_fournisseurdet.sql	28
llx_commande_fournisseurdet	供应商订单	6	label	varchar(255)	varchar	YES		N	N				product label	名称或标签；源码注释：product label	htdocs/install/mysql/tables/llx_commande_fournisseurdet.sql	29
llx_commande_fournisseurdet	供应商订单	7	description	text	text	YES		N	N					描述	htdocs/install/mysql/tables/llx_commande_fournisseurdet.sql	30
llx_commande_fournisseurdet	供应商订单	8	vat_src_code	varchar(10)	varchar	YES	''	N	N				Vat code used as source of vat fields. Not strict foreign key here.	代码/参考号字段；源码注释：Vat code used as source of vat fields. Not strict foreign key here.	htdocs/install/mysql/tables/llx_commande_fournisseurdet.sql	31
llx_commande_fournisseurdet	供应商订单	9	tva_tx	double(7,4)	double	YES	0	N	N				taux tva	字段 tva_tx；源码注释：taux tva	htdocs/install/mysql/tables/llx_commande_fournisseurdet.sql	32
llx_commande_fournisseurdet	供应商订单	10	localtax1_tx	double(7,4)	double	YES	0	N	N				localtax1 rate	金额、价格或税费字段；源码注释：localtax1 rate	htdocs/install/mysql/tables/llx_commande_fournisseurdet.sql	33
llx_commande_fournisseurdet	供应商订单	11	localtax1_type	varchar(10)	varchar	YES		N	N				localtax1 type	金额、价格或税费字段；源码注释：localtax1 type	htdocs/install/mysql/tables/llx_commande_fournisseurdet.sql	34
llx_commande_fournisseurdet	供应商订单	12	localtax2_tx	double(7,4)	double	YES	0	N	N				localtax2 rate	金额、价格或税费字段；源码注释：localtax2 rate	htdocs/install/mysql/tables/llx_commande_fournisseurdet.sql	35
llx_commande_fournisseurdet	供应商订单	13	localtax2_type	varchar(10)	varchar	YES		N	N				localtax2 type	金额、价格或税费字段；源码注释：localtax2 type	htdocs/install/mysql/tables/llx_commande_fournisseurdet.sql	36
llx_commande_fournisseurdet	供应商订单	14	qty	real	real	YES		N	N				quantity	数量；源码注释：quantity	htdocs/install/mysql/tables/llx_commande_fournisseurdet.sql	37
llx_commande_fournisseurdet	供应商订单	15	remise_percent	real	real	YES	0	N	N				pourcentage de remise	比例/百分比字段；源码注释：pourcentage de remise	htdocs/install/mysql/tables/llx_commande_fournisseurdet.sql	38
llx_commande_fournisseurdet	供应商订单	16	remise	real	real	YES	0	N	N				montant de la remise	字段 remise；源码注释：montant de la remise	htdocs/install/mysql/tables/llx_commande_fournisseurdet.sql	39
llx_commande_fournisseurdet	供应商订单	17	subprice	double(24,8)	double	YES	0	N	N				unit price	金额、价格或税费字段；源码注释：unit price	htdocs/install/mysql/tables/llx_commande_fournisseurdet.sql	40
llx_commande_fournisseurdet	供应商订单	18	subprice_ttc	double(24,8)	double	YES	0	N	N				unit price if price was entered including tax	金额、价格或税费字段；源码注释：unit price if price was entered including tax	htdocs/install/mysql/tables/llx_commande_fournisseurdet.sql	41
llx_commande_fournisseurdet	供应商订单	19	total_ht	double(24,8)	double	YES	0	N	N				Total HT de la ligne toute quantite et incluant remise ligne et globale	未含税总额；源码注释：Total HT de la ligne toute quantite et incluant remise ligne et globale	htdocs/install/mysql/tables/llx_commande_fournisseurdet.sql	42
llx_commande_fournisseurdet	供应商订单	20	total_tva	double(24,8)	double	YES	0	N	N				Total TVA de la ligne toute quantite et incluant remise ligne et globale	税额总计；源码注释：Total TVA de la ligne toute quantite et incluant remise ligne et globale	htdocs/install/mysql/tables/llx_commande_fournisseurdet.sql	43
llx_commande_fournisseurdet	供应商订单	21	total_localtax1	double(24,8)	double	YES	0	N	N				Total Local Tax 1	金额、价格或税费字段；源码注释：Total Local Tax 1	htdocs/install/mysql/tables/llx_commande_fournisseurdet.sql	44
llx_commande_fournisseurdet	供应商订单	22	total_localtax2	double(24,8)	double	YES	0	N	N				Total Local Tax 2	金额、价格或税费字段；源码注释：Total Local Tax 2	htdocs/install/mysql/tables/llx_commande_fournisseurdet.sql	45
llx_commande_fournisseurdet	供应商订单	23	total_ttc	double(24,8)	double	YES	0	N	N				Total TTC de la ligne toute quantite et incluant remise ligne et globale	含税总额；源码注释：Total TTC de la ligne toute quantite et incluant remise ligne et globale	htdocs/install/mysql/tables/llx_commande_fournisseurdet.sql	46
llx_commande_fournisseurdet	供应商订单	24	product_type	integer	integer	YES	0	N	N					字段 product_type（基于字段名推断）	htdocs/install/mysql/tables/llx_commande_fournisseurdet.sql	47
llx_commande_fournisseurdet	供应商订单	25	date_start	datetime	datetime	YES	NULL	N	N				date debut si service	日期/时间字段；源码注释：date debut si service	htdocs/install/mysql/tables/llx_commande_fournisseurdet.sql	48
llx_commande_fournisseurdet	供应商订单	26	date_end	datetime	datetime	YES	NULL	N	N				date fin si service	日期/时间字段；源码注释：date fin si service	htdocs/install/mysql/tables/llx_commande_fournisseurdet.sql	49
llx_commande_fournisseurdet	供应商订单	27	info_bits	integer	integer	YES	0	N	N				TVA NPR ou non	字段 info_bits；源码注释：TVA NPR ou non	htdocs/install/mysql/tables/llx_commande_fournisseurdet.sql	50
llx_commande_fournisseurdet	供应商订单	28	special_code	integer	integer	YES	0	N	N				code for special lines	代码/参考号字段；源码注释：code for special lines	htdocs/install/mysql/tables/llx_commande_fournisseurdet.sql	51
llx_commande_fournisseurdet	供应商订单	29	rang	integer	integer	YES	0	N	N					字段 rang（基于字段名推断）	htdocs/install/mysql/tables/llx_commande_fournisseurdet.sql	52
llx_commande_fournisseurdet	供应商订单	30	import_key	varchar(14)	varchar	YES		N	N					导入批次/外部导入键	htdocs/install/mysql/tables/llx_commande_fournisseurdet.sql	53
llx_commande_fournisseurdet	供应商订单	31	fk_unit	integer	integer	YES	NULL	N	N			llx_c_units.rowid		外部关联 ID（具体目标以外键或业务代码为准）（基于字段名推断）	htdocs/install/mysql/tables/llx_commande_fournisseurdet.sql	54
llx_commande_fournisseurdet	供应商订单	32	fk_multicurrency	integer	integer	YES		N	N					外部关联 ID（具体目标以外键或业务代码为准）（基于字段名推断）	htdocs/install/mysql/tables/llx_commande_fournisseurdet.sql	56
llx_commande_fournisseurdet	供应商订单	33	multicurrency_code	varchar(3)	varchar	YES		N	N					代码/参考号字段（基于字段名推断）	htdocs/install/mysql/tables/llx_commande_fournisseurdet.sql	57
llx_commande_fournisseurdet	供应商订单	34	multicurrency_subprice	double(24,8)	double	YES	0	N	N					金额、价格或税费字段（基于字段名推断）	htdocs/install/mysql/tables/llx_commande_fournisseurdet.sql	58
llx_commande_fournisseurdet	供应商订单	35	multicurrency_subprice_ttc	double(24,8)	double	YES	0	N	N					金额、价格或税费字段（基于字段名推断）	htdocs/install/mysql/tables/llx_commande_fournisseurdet.sql	59
llx_commande_fournisseurdet	供应商订单	36	multicurrency_total_ht	double(24,8)	double	YES	0	N	N					金额、价格或税费字段（基于字段名推断）	htdocs/install/mysql/tables/llx_commande_fournisseurdet.sql	60
llx_commande_fournisseurdet	供应商订单	37	multicurrency_total_tva	double(24,8)	double	YES	0	N	N					金额、价格或税费字段（基于字段名推断）	htdocs/install/mysql/tables/llx_commande_fournisseurdet.sql	61
llx_commande_fournisseurdet	供应商订单	38	multicurrency_total_ttc	double(24,8)	double	YES	0	N	N					金额、价格或税费字段（基于字段名推断）	htdocs/install/mysql/tables/llx_commande_fournisseurdet.sql	62
llx_commande_fournisseurdet	供应商订单	39	extraparams	varchar(255)	varchar	YES		N	N				to stock other parameters in json format	扩展参数/结构化文本；源码注释：to stock other parameters in json format	htdocs/install/mysql/tables/llx_commande_fournisseurdet.sql	63
llx_commande_fournisseurdet_extrafields	供应商订单	1	rowid	integer	integer	NO		Y	Y	PRIMARY	PRIMARY			主键行标识；通常为自增整数	htdocs/install/mysql/tables/llx_commande_fournisseurdet_extrafields.sql	26
llx_commande_fournisseurdet_extrafields	供应商订单	2	tms	timestamp	timestamp	YES	CURRENT_TIMESTAMP	N	N					最后修改时间戳	htdocs/install/mysql/tables/llx_commande_fournisseurdet_extrafields.sql	27
llx_commande_fournisseurdet_extrafields	供应商订单	3	fk_object	integer	integer	NO		N	N	uk_commande_fournisseurdet_extrafields	uk_commande_fournisseurdet_extrafields			外部关联 ID（具体目标以外键或业务代码为准）（基于字段名推断）	htdocs/install/mysql/tables/llx_commande_fournisseurdet_extrafields.sql	28
llx_commande_fournisseurdet_extrafields	供应商订单	4	import_key	varchar(14)	varchar	YES		N	N					导入批次/外部导入键	htdocs/install/mysql/tables/llx_commande_fournisseurdet_extrafields.sql	29
llx_commandedet	客户订单	1	rowid	integer	integer	NO		Y	Y	PRIMARY	PRIMARY			主键行标识；通常为自增整数	htdocs/install/mysql/tables/llx_commandedet.sql	25
llx_commandedet	客户订单	2	fk_commande	integer	integer	NO		N	N	idx_commandedet_fk_commande		llx_commande.rowid		外部关联 ID（具体目标以外键或业务代码为准）（基于字段名推断）	htdocs/install/mysql/tables/llx_commandedet.sql	26
llx_commandedet	客户订单	3	fk_parent_line	integer	integer	YES		N	N					外部关联 ID（具体目标以外键或业务代码为准）（基于字段名推断）	htdocs/install/mysql/tables/llx_commandedet.sql	27
llx_commandedet	客户订单	4	fk_product	integer	integer	YES		N	N	idx_commandedet_fk_product				关联产品/服务 ID	htdocs/install/mysql/tables/llx_commandedet.sql	28
llx_commandedet	客户订单	5	label	varchar(255)	varchar	YES	NULL	N	N					名称或标签	htdocs/install/mysql/tables/llx_commandedet.sql	29
llx_commandedet	客户订单	6	description	text	text	YES		N	N					描述	htdocs/install/mysql/tables/llx_commandedet.sql	30
llx_commandedet	客户订单	7	vat_src_code	varchar(10)	varchar	YES	''	N	N				Vat code used as source of vat fields. Not strict foreign key here.	代码/参考号字段；源码注释：Vat code used as source of vat fields. Not strict foreign key here.	htdocs/install/mysql/tables/llx_commandedet.sql	31
llx_commandedet	客户订单	8	tva_tx	double(7,4)	double	YES		N	N				Vat rate	字段 tva_tx；源码注释：Vat rate	htdocs/install/mysql/tables/llx_commandedet.sql	32
llx_commandedet	客户订单	9	localtax1_tx	double(7,4)	double	YES	0	N	N				localtax1 rate	金额、价格或税费字段；源码注释：localtax1 rate	htdocs/install/mysql/tables/llx_commandedet.sql	33
llx_commandedet	客户订单	10	localtax1_type	varchar(10)	varchar	YES		N	N				localtax1 type	金额、价格或税费字段；源码注释：localtax1 type	htdocs/install/mysql/tables/llx_commandedet.sql	34
llx_commandedet	客户订单	11	localtax2_tx	double(7,4)	double	YES	0	N	N				localtax2 rate	金额、价格或税费字段；源码注释：localtax2 rate	htdocs/install/mysql/tables/llx_commandedet.sql	35
llx_commandedet	客户订单	12	localtax2_type	varchar(10)	varchar	YES		N	N				localtax2 type	金额、价格或税费字段；源码注释：localtax2 type	htdocs/install/mysql/tables/llx_commandedet.sql	36
llx_commandedet	客户订单	13	qty	real	real	YES		N	N				quantity	数量；源码注释：quantity	htdocs/install/mysql/tables/llx_commandedet.sql	37
llx_commandedet	客户订单	14	remise_percent	real	real	YES	0	N	N				% of discount on line (example 20%)	比例/百分比字段；源码注释：% of discount on line (example 20%)	htdocs/install/mysql/tables/llx_commandedet.sql	38
llx_commandedet	客户订单	15	remise	real	real	YES	0	N	N				Deprecated (Do, not use)	字段 remise；源码注释：Deprecated (Do, not use)	htdocs/install/mysql/tables/llx_commandedet.sql	39
llx_commandedet	客户订单	16	fk_remise_except	integer	integer	YES		N	N				Lien vers table des remises fixes	外部关联 ID（具体目标以外键或业务代码为准）；源码注释：Lien vers table des remises fixes	htdocs/install/mysql/tables/llx_commandedet.sql	40
llx_commandedet	客户订单	17	price	real	real	YES		N	N				Deprecated (Do not use)	价格；源码注释：Deprecated (Do not use)	htdocs/install/mysql/tables/llx_commandedet.sql	41
llx_commandedet	客户订单	18	subprice	double(24,8)	double	YES	0	N	N				unit price HT (exemple 100) - discount not included	金额、价格或税费字段；源码注释：unit price HT (exemple 100) - discount not included	htdocs/install/mysql/tables/llx_commandedet.sql	42
llx_commandedet	客户订单	19	subprice_ttc	double(24,8)	double	YES	0	N	N				unit price inc Tax (if price was entered including tax) - discount not included	金额、价格或税费字段；源码注释：unit price inc Tax (if price was entered including tax) - discount not included	htdocs/install/mysql/tables/llx_commandedet.sql	43
llx_commandedet	客户订单	20	total_ht	double(24,8)	double	YES	0	N	N				Total HT de la ligne toute quantite et incluant remise ligne et globale	未含税总额；源码注释：Total HT de la ligne toute quantite et incluant remise ligne et globale	htdocs/install/mysql/tables/llx_commandedet.sql	44
llx_commandedet	客户订单	21	total_tva	double(24,8)	double	YES	0	N	N				Total TVA de la ligne toute quantite et incluant remise ligne et globale	税额总计；源码注释：Total TVA de la ligne toute quantite et incluant remise ligne et globale	htdocs/install/mysql/tables/llx_commandedet.sql	45
llx_commandedet	客户订单	22	total_localtax1	double(24,8)	double	YES	0	N	N				Total LocalTax1	金额、价格或税费字段；源码注释：Total LocalTax1	htdocs/install/mysql/tables/llx_commandedet.sql	46
llx_commandedet	客户订单	23	total_localtax2	double(24,8)	double	YES	0	N	N				Total LocalTax2	金额、价格或税费字段；源码注释：Total LocalTax2	htdocs/install/mysql/tables/llx_commandedet.sql	47
llx_commandedet	客户订单	24	total_ttc	double(24,8)	double	YES	0	N	N				Total TTC de la ligne toute quantite et incluant remise ligne et globale	含税总额；源码注释：Total TTC de la ligne toute quantite et incluant remise ligne et globale	htdocs/install/mysql/tables/llx_commandedet.sql	48
llx_commandedet	客户订单	25	product_type	integer	integer	YES	0	N	N				0 or 1. Value 9 may be used by some modules (amount of line may not be included into generated discount if value is 9).	字段 product_type；源码注释：0 or 1. Value 9 may be used by some modules (amount of line may not be included into generated discount if value is 9).	htdocs/install/mysql/tables/llx_commandedet.sql	49
llx_commandedet	客户订单	26	date_start	datetime	datetime	YES	NULL	N	N				date debut si service	日期/时间字段；源码注释：date debut si service	htdocs/install/mysql/tables/llx_commandedet.sql	50
llx_commandedet	客户订单	27	date_end	datetime	datetime	YES	NULL	N	N				date fin si service	日期/时间字段；源码注释：date fin si service	htdocs/install/mysql/tables/llx_commandedet.sql	51
llx_commandedet	客户订单	28	info_bits	integer	integer	YES	0	N	N				TVA NPR ou non	字段 info_bits；源码注释：TVA NPR ou non	htdocs/install/mysql/tables/llx_commandedet.sql	52
llx_commandedet	客户订单	29	buy_price_ht	double(24,8)	double	YES	0	N	N				buying price	金额、价格或税费字段；源码注释：buying price	htdocs/install/mysql/tables/llx_commandedet.sql	54
llx_commandedet	客户订单	30	fk_product_fournisseur_price	integer	integer	YES	NULL	N	N				reference of supplier price when line was added (may be used to update buy_price_ht current price when future invoice will be created)	外部关联 ID（具体目标以外键或业务代码为准）；源码注释：reference of supplier price when line was added (may be used to update buy_price_ht current price when future invoice will be created)	htdocs/install/mysql/tables/llx_commandedet.sql	55
llx_commandedet	客户订单	31	special_code	integer	integer	YES	0	N	N				code for special lines (may be 1=transport, 2=ecotax, 3=option, moduleid=...)	代码/参考号字段；源码注释：code for special lines (may be 1=transport, 2=ecotax, 3=option, moduleid=...)	htdocs/install/mysql/tables/llx_commandedet.sql	57
llx_commandedet	客户订单	32	rang	integer	integer	YES	0	N	N					字段 rang（基于字段名推断）	htdocs/install/mysql/tables/llx_commandedet.sql	58
llx_commandedet	客户订单	33	fk_unit	integer	integer	YES	NULL	N	N			llx_c_units.rowid	lien vers table des unités	外部关联 ID（具体目标以外键或业务代码为准）；源码注释：lien vers table des unités	htdocs/install/mysql/tables/llx_commandedet.sql	59
llx_commandedet	客户订单	34	import_key	varchar(14)	varchar	YES		N	N					导入批次/外部导入键	htdocs/install/mysql/tables/llx_commandedet.sql	60
llx_commandedet	客户订单	35	ref_ext	varchar(255)	varchar	YES	NULL	N	N					代码/参考号字段（基于字段名推断）	htdocs/install/mysql/tables/llx_commandedet.sql	61
llx_commandedet	客户订单	36	fk_commandefourndet	integer	integer	YES	NULL	N	N			llx_commande_fournisseurdet.rowid	link to detail line of commande fourn (resplenish)	外部关联 ID（具体目标以外键或业务代码为准）；源码注释：link to detail line of commande fourn (resplenish)	htdocs/install/mysql/tables/llx_commandedet.sql	63
llx_commandedet	客户订单	37	fk_multicurrency	integer	integer	YES		N	N					外部关联 ID（具体目标以外键或业务代码为准）（基于字段名推断）	htdocs/install/mysql/tables/llx_commandedet.sql	65
llx_commandedet	客户订单	38	multicurrency_code	varchar(3)	varchar	YES		N	N					代码/参考号字段（基于字段名推断）	htdocs/install/mysql/tables/llx_commandedet.sql	66
llx_commandedet	客户订单	39	multicurrency_subprice	double(24,8)	double	YES	0	N	N					金额、价格或税费字段（基于字段名推断）	htdocs/install/mysql/tables/llx_commandedet.sql	67
llx_commandedet	客户订单	40	multicurrency_subprice_ttc	double(24,8)	double	YES	0	N	N					金额、价格或税费字段（基于字段名推断）	htdocs/install/mysql/tables/llx_commandedet.sql	68
llx_commandedet	客户订单	41	multicurrency_total_ht	double(24,8)	double	YES	0	N	N					金额、价格或税费字段（基于字段名推断）	htdocs/install/mysql/tables/llx_commandedet.sql	69
llx_commandedet	客户订单	42	multicurrency_total_tva	double(24,8)	double	YES	0	N	N					金额、价格或税费字段（基于字段名推断）	htdocs/install/mysql/tables/llx_commandedet.sql	70
llx_commandedet	客户订单	43	multicurrency_total_ttc	double(24,8)	double	YES	0	N	N					金额、价格或税费字段（基于字段名推断）	htdocs/install/mysql/tables/llx_commandedet.sql	71
llx_commandedet	客户订单	44	extraparams	varchar(255)	varchar	YES		N	N				to stock other parameters in json format	扩展参数/结构化文本；源码注释：to stock other parameters in json format	htdocs/install/mysql/tables/llx_commandedet.sql	72
llx_commandedet_extrafields	客户订单	1	rowid	integer	integer	NO		Y	Y	PRIMARY	PRIMARY			主键行标识；通常为自增整数	htdocs/install/mysql/tables/llx_commandedet_extrafields.sql	21
llx_commandedet_extrafields	客户订单	2	tms	timestamp	timestamp	YES	CURRENT_TIMESTAMP	N	N					最后修改时间戳	htdocs/install/mysql/tables/llx_commandedet_extrafields.sql	22
llx_commandedet_extrafields	客户订单	3	fk_object	integer	integer	NO		N	N	uk_commandedet_extrafields	uk_commandedet_extrafields		object id	外部关联 ID（具体目标以外键或业务代码为准）；源码注释：object id	htdocs/install/mysql/tables/llx_commandedet_extrafields.sql	23
llx_commandedet_extrafields	客户订单	4	import_key	varchar(14)	varchar	YES		N	N				import key	导入批次/外部导入键；源码注释：import key	htdocs/install/mysql/tables/llx_commandedet_extrafields.sql	24
llx_comment	核心/系统	1	rowid	integer	integer	NO		Y	Y	PRIMARY	PRIMARY			主键行标识；通常为自增整数	htdocs/install/mysql/tables/llx_comment.sql	20
llx_comment	核心/系统	2	datec	datetime	datetime	YES	NULL	N	N					创建日期/时间	htdocs/install/mysql/tables/llx_comment.sql	21
llx_comment	核心/系统	3	tms	timestamp	timestamp	YES	CURRENT_TIMESTAMP	N	N					最后修改时间戳	htdocs/install/mysql/tables/llx_comment.sql	22
llx_comment	核心/系统	4	description	text	text	NO		N	N					描述	htdocs/install/mysql/tables/llx_comment.sql	23
llx_comment	核心/系统	5	fk_user_author	integer	integer	YES	NULL	N	N					创建人/制单人用户 ID	htdocs/install/mysql/tables/llx_comment.sql	24
llx_comment	核心/系统	6	fk_user_modif	integer	integer	YES	NULL	N	N					最后修改人用户 ID	htdocs/install/mysql/tables/llx_comment.sql	25
llx_comment	核心/系统	7	fk_element	integer	integer	YES	NULL	N	N					外部关联 ID（具体目标以外键或业务代码为准）（基于字段名推断）	htdocs/install/mysql/tables/llx_comment.sql	26
llx_comment	核心/系统	8	element_type	varchar(50)	varchar	YES	NULL	N	N					字段 element_type（基于字段名推断）	htdocs/install/mysql/tables/llx_comment.sql	27
llx_comment	核心/系统	9	entity	integer	integer	YES	1	N	N					多实体/多公司隔离标识	htdocs/install/mysql/tables/llx_comment.sql	28
llx_comment	核心/系统	10	import_key	varchar(125)	varchar	YES	NULL	N	N					导入批次/外部导入键	htdocs/install/mysql/tables/llx_comment.sql	29
llx_const	核心/系统	1	rowid	integer	integer	NO		Y	Y	PRIMARY	PRIMARY			主键行标识；通常为自增整数	htdocs/install/mysql/tables/llx_const.sql	28
llx_const	核心/系统	2	name	varchar(180)	varchar	NO		N	N	uk_const	uk_const			名称/标题字段（基于字段名推断）	htdocs/install/mysql/tables/llx_const.sql	29
llx_const	核心/系统	3	entity	integer	integer	NO	1	N	N	uk_const	uk_const		multi company id	多实体/多公司隔离标识；源码注释：multi company id	htdocs/install/mysql/tables/llx_const.sql	30
llx_const	核心/系统	4	value	text	text	NO		N	N				max 65535 characters	字段 value；源码注释：max 65535 characters	htdocs/install/mysql/tables/llx_const.sql	31
llx_const	核心/系统	5	type	varchar(64)	varchar	YES	'string'	N	N				null or 'encrypted' if param has been encrypted	字段 type；源码注释：null or 'encrypted' if param has been encrypted	htdocs/install/mysql/tables/llx_const.sql	32
llx_const	核心/系统	6	visible	tinyint	tinyint	NO	1	N	N					布尔/开关标识（基于字段名推断）	htdocs/install/mysql/tables/llx_const.sql	33
llx_const	核心/系统	7	note	text	text	YES		N	N					备注/说明字段（基于字段名推断）	htdocs/install/mysql/tables/llx_const.sql	34
llx_const	核心/系统	8	tms	timestamp	timestamp	YES	CURRENT_TIMESTAMP	N	N					最后修改时间戳	htdocs/install/mysql/tables/llx_const.sql	35
llx_const	核心/系统	9	fk_user_creat	integer	integer	YES		N	N				user who created the constant	创建人用户 ID；源码注释：user who created the constant	htdocs/install/mysql/tables/llx_const.sql	36
llx_const	核心/系统	10	fk_user_modif	integer	integer	YES		N	N				user who last modified the constant	最后修改人用户 ID；源码注释：user who last modified the constant	htdocs/install/mysql/tables/llx_const.sql	37
llx_contrat	合同	1	rowid	integer	integer	NO		Y	Y	PRIMARY	PRIMARY			主键行标识；通常为自增整数	htdocs/install/mysql/tables/llx_contrat.sql	23
llx_contrat	合同	2	ref	varchar(255)	varchar	YES		N	N	uk_contrat_ref	uk_contrat_ref		contrat reference	业务参考号/单号；源码注释：contrat reference	htdocs/install/mysql/tables/llx_contrat.sql	24
llx_contrat	合同	3	ref_customer	varchar(255)	varchar	YES		N	N				customer contract ref	代码/参考号字段；源码注释：customer contract ref	htdocs/install/mysql/tables/llx_contrat.sql	25
llx_contrat	合同	4	ref_supplier	varchar(255)	varchar	YES		N	N				supplier contract ref	代码/参考号字段；源码注释：supplier contract ref	htdocs/install/mysql/tables/llx_contrat.sql	26
llx_contrat	合同	5	ref_ext	varchar(255)	varchar	YES		N	N				external contract ref	代码/参考号字段；源码注释：external contract ref	htdocs/install/mysql/tables/llx_contrat.sql	27
llx_contrat	合同	6	entity	integer	integer	NO	1	N	N	uk_contrat_ref	uk_contrat_ref		multi company id	多实体/多公司隔离标识；源码注释：multi company id	htdocs/install/mysql/tables/llx_contrat.sql	28
llx_contrat	合同	7	tms	timestamp	timestamp	YES	CURRENT_TIMESTAMP	N	N					最后修改时间戳	htdocs/install/mysql/tables/llx_contrat.sql	29
llx_contrat	合同	8	datec	datetime	datetime	YES		N	N				creation date	创建日期/时间；源码注释：creation date	htdocs/install/mysql/tables/llx_contrat.sql	30
llx_contrat	合同	9	date_contrat	datetime	datetime	YES		N	N					日期/时间字段（基于字段名推断）	htdocs/install/mysql/tables/llx_contrat.sql	31
llx_contrat	合同	10	statut	smallint	smallint	YES	0	N	N				not used. deprecated	状态标识；源码注释：not used. deprecated	htdocs/install/mysql/tables/llx_contrat.sql	32
llx_contrat	合同	11	fin_validite	datetime	datetime	YES		N	N				not used	字段 fin_validite；源码注释：not used	htdocs/install/mysql/tables/llx_contrat.sql	34
llx_contrat	合同	12	date_cloture	datetime	datetime	YES		N	N				not used	日期/时间字段；源码注释：not used	htdocs/install/mysql/tables/llx_contrat.sql	35
llx_contrat	合同	13	fk_soc	integer	integer	NO		N	N	idx_contrat_fk_soc		llx_societe.rowid		关联第三方企业 ID	htdocs/install/mysql/tables/llx_contrat.sql	37
llx_contrat	合同	14	fk_projet	integer	integer	YES		N	N					关联项目 ID	htdocs/install/mysql/tables/llx_contrat.sql	38
llx_contrat	合同	15	fk_commercial_signature	integer	integer	YES		N	N				obsolete	外部关联 ID（具体目标以外键或业务代码为准）；源码注释：obsolete	htdocs/install/mysql/tables/llx_contrat.sql	39
llx_contrat	合同	16	fk_commercial_suivi	integer	integer	YES		N	N				obsolete	外部关联 ID（具体目标以外键或业务代码为准）；源码注释：obsolete	htdocs/install/mysql/tables/llx_contrat.sql	40
llx_contrat	合同	17	fk_user_author	integer	integer	NO	0	N	N	idx_contrat_fk_user_author		llx_user.rowid		创建人/制单人用户 ID	htdocs/install/mysql/tables/llx_contrat.sql	41
llx_contrat	合同	18	fk_user_modif	integer	integer	YES		N	N					最后修改人用户 ID	htdocs/install/mysql/tables/llx_contrat.sql	42
llx_contrat	合同	19	fk_user_cloture	integer	integer	YES		N	N					外部关联 ID（具体目标以外键或业务代码为准）（基于字段名推断）	htdocs/install/mysql/tables/llx_contrat.sql	43
llx_contrat	合同	20	total_tva	double(24,8)	double	YES	0	N	N				total tax	税额总计；源码注释：total tax	htdocs/install/mysql/tables/llx_contrat.sql	45
llx_contrat	合同	21	localtax1	double(24,8)	double	YES	0	N	N				total local tax 2	金额、价格或税费字段；源码注释：total local tax 2	htdocs/install/mysql/tables/llx_contrat.sql	46
llx_contrat	合同	22	localtax2	double(24,8)	double	YES	0	N	N				total local tax 3	金额、价格或税费字段；源码注释：total local tax 3	htdocs/install/mysql/tables/llx_contrat.sql	47
llx_contrat	合同	23	revenuestamp	double(24,8)	double	YES	0	N	N				amount total revenuestamp (usefull for proforma that must match invoice)	字段 revenuestamp；源码注释：amount total revenuestamp (usefull for proforma that must match invoice)	htdocs/install/mysql/tables/llx_contrat.sql	48
llx_contrat	合同	24	total_ht	double(24,8)	double	YES	0	N	N				total without tax	未含税总额；源码注释：total without tax	htdocs/install/mysql/tables/llx_contrat.sql	49
llx_contrat	合同	25	total_ttc	double(24,8)	double	YES	0	N	N				total with tax	含税总额；源码注释：total with tax	htdocs/install/mysql/tables/llx_contrat.sql	50
llx_contrat	合同	26	denormalized_lower_planned_end_date	datetime	datetime	YES		N	N				DENORMALIZED FIELD to store end date of last subscription	日期/时间字段；源码注释：DENORMALIZED FIELD to store end date of last subscription	htdocs/install/mysql/tables/llx_contrat.sql	52
llx_contrat	合同	27	signed_status	smallint	smallint	YES	NULL	N	N				signed status NULL, 0 or 1	字段 signed_status；源码注释：signed status NULL, 0 or 1	htdocs/install/mysql/tables/llx_contrat.sql	54
llx_contrat	合同	28	online_sign_ip	varchar(48)	varchar	YES		N	N					字段 online_sign_ip（基于字段名推断）	htdocs/install/mysql/tables/llx_contrat.sql	55
llx_contrat	合同	29	online_sign_name	varchar(64)	varchar	YES		N	N					名称/标题字段（基于字段名推断）	htdocs/install/mysql/tables/llx_contrat.sql	56
llx_contrat	合同	30	note_private	text	text	YES		N	N					内部备注	htdocs/install/mysql/tables/llx_contrat.sql	58
llx_contrat	合同	31	note_public	text	text	YES		N	N					公开备注	htdocs/install/mysql/tables/llx_contrat.sql	59
llx_contrat	合同	32	model_pdf	varchar(255)	varchar	YES		N	N					字段 model_pdf（基于字段名推断）	htdocs/install/mysql/tables/llx_contrat.sql	61
llx_contrat	合同	33	last_main_doc	varchar(255)	varchar	YES		N	N				relative filepath+filename of last main generated document	字段 last_main_doc；源码注释：relative filepath+filename of last main generated document	htdocs/install/mysql/tables/llx_contrat.sql	62
llx_contrat	合同	34	import_key	varchar(14)	varchar	YES		N	N					导入批次/外部导入键	htdocs/install/mysql/tables/llx_contrat.sql	64
llx_contrat	合同	35	extraparams	varchar(255)	varchar	YES		N	N					扩展参数/结构化文本（基于字段名推断）	htdocs/install/mysql/tables/llx_contrat.sql	65
llx_contrat_extrafields	合同	1	rowid	integer	integer	NO		Y	Y	PRIMARY	PRIMARY			主键行标识；通常为自增整数	htdocs/install/mysql/tables/llx_contrat_extrafields.sql	21
llx_contrat_extrafields	合同	2	tms	timestamp	timestamp	YES	CURRENT_TIMESTAMP	N	N					最后修改时间戳	htdocs/install/mysql/tables/llx_contrat_extrafields.sql	22
llx_contrat_extrafields	合同	3	fk_object	integer	integer	NO		N	N	uk_contrat_extrafields	uk_contrat_extrafields			外部关联 ID（具体目标以外键或业务代码为准）（基于字段名推断）	htdocs/install/mysql/tables/llx_contrat_extrafields.sql	23
llx_contrat_extrafields	合同	4	import_key	varchar(14)	varchar	YES		N	N				import key	导入批次/外部导入键；源码注释：import key	htdocs/install/mysql/tables/llx_contrat_extrafields.sql	24
llx_contratdet	合同	1	rowid	integer	integer	NO		Y	Y	PRIMARY	PRIMARY			主键行标识；通常为自增整数	htdocs/install/mysql/tables/llx_contratdet.sql	22
llx_contratdet	合同	2	tms	timestamp	timestamp	YES	CURRENT_TIMESTAMP	N	N					最后修改时间戳	htdocs/install/mysql/tables/llx_contratdet.sql	23
llx_contratdet	合同	3	fk_contrat	integer	integer	NO		N	N	idx_contratdet_fk_contrat		llx_contrat.rowid		外部关联 ID（具体目标以外键或业务代码为准）（基于字段名推断）	htdocs/install/mysql/tables/llx_contratdet.sql	25
llx_contratdet	合同	4	fk_product	integer	integer	YES		N	N	idx_contratdet_fk_product		llx_product.rowid	doit pouvoir etre nul pour ligne detail sans produits	关联产品/服务 ID；源码注释：doit pouvoir etre nul pour ligne detail sans produits	htdocs/install/mysql/tables/llx_contratdet.sql	26
llx_contratdet	合同	5	statut	smallint	smallint	YES	0	N	N	idx_contratdet_statut				状态标识	htdocs/install/mysql/tables/llx_contratdet.sql	28
llx_contratdet	合同	6	label	text	text	YES		N	N				libelle du produit	名称或标签；源码注释：libelle du produit	htdocs/install/mysql/tables/llx_contratdet.sql	30
llx_contratdet	合同	7	description	text	text	YES		N	N					描述	htdocs/install/mysql/tables/llx_contratdet.sql	31
llx_contratdet	合同	8	fk_remise_except	integer	integer	YES		N	N				Lien vers table des remises fixes	外部关联 ID（具体目标以外键或业务代码为准）；源码注释：Lien vers table des remises fixes	htdocs/install/mysql/tables/llx_contratdet.sql	32
llx_contratdet	合同	9	date_commande	datetime	datetime	YES		N	N					日期/时间字段（基于字段名推断）	htdocs/install/mysql/tables/llx_contratdet.sql	34
llx_contratdet	合同	10	date_ouverture_prevue	datetime	datetime	YES		N	N	idx_contratdet_date_ouverture_prevue				日期/时间字段（基于字段名推断）	htdocs/install/mysql/tables/llx_contratdet.sql	35
llx_contratdet	合同	11	date_ouverture	datetime	datetime	YES		N	N	idx_contratdet_date_ouverture			date d'ouverture du service chez le client	日期/时间字段；源码注释：date d'ouverture du service chez le client	htdocs/install/mysql/tables/llx_contratdet.sql	36
llx_contratdet	合同	12	date_fin_validite	datetime	datetime	YES		N	N	idx_contratdet_date_fin_validite				日期/时间字段（基于字段名推断）	htdocs/install/mysql/tables/llx_contratdet.sql	37
llx_contratdet	合同	13	date_cloture	datetime	datetime	YES		N	N					日期/时间字段（基于字段名推断）	htdocs/install/mysql/tables/llx_contratdet.sql	38
llx_contratdet	合同	14	vat_src_code	varchar(10)	varchar	YES	''	N	N				Vat code used as source of vat fields. Not strict foreign key here.	代码/参考号字段；源码注释：Vat code used as source of vat fields. Not strict foreign key here.	htdocs/install/mysql/tables/llx_contratdet.sql	40
llx_contratdet	合同	15	tva_tx	double(7,4)	double	YES	0	N	N				taux tva	字段 tva_tx；源码注释：taux tva	htdocs/install/mysql/tables/llx_contratdet.sql	41
llx_contratdet	合同	16	localtax1_tx	double(7,4)	double	YES	0	N	N				local tax 1 rate	金额、价格或税费字段；源码注释：local tax 1 rate	htdocs/install/mysql/tables/llx_contratdet.sql	42
llx_contratdet	合同	17	localtax1_type	varchar(10)	varchar	YES		N	N				localtax1 type	金额、价格或税费字段；源码注释：localtax1 type	htdocs/install/mysql/tables/llx_contratdet.sql	43
llx_contratdet	合同	18	localtax2_tx	double(7,4)	double	YES	0	N	N				local tax 2 rate	金额、价格或税费字段；源码注释：local tax 2 rate	htdocs/install/mysql/tables/llx_contratdet.sql	44
llx_contratdet	合同	19	localtax2_type	varchar(10)	varchar	YES		N	N				localtax2 type	金额、价格或税费字段；源码注释：localtax2 type	htdocs/install/mysql/tables/llx_contratdet.sql	45
llx_contratdet	合同	20	qty	real	real	NO		N	N				quantity	数量；源码注释：quantity	htdocs/install/mysql/tables/llx_contratdet.sql	46
llx_contratdet	合同	21	remise_percent	real	real	YES	0	N	N				pourcentage de remise	比例/百分比字段；源码注释：pourcentage de remise	htdocs/install/mysql/tables/llx_contratdet.sql	47
llx_contratdet	合同	22	subprice	double(24,8)	double	YES	0	N	N				unit price	金额、价格或税费字段；源码注释：unit price	htdocs/install/mysql/tables/llx_contratdet.sql	48
llx_contratdet	合同	23	subprice_ttc	double(24,8)	double	YES	0	N	N				unit price if price was entered including tax	金额、价格或税费字段；源码注释：unit price if price was entered including tax	htdocs/install/mysql/tables/llx_contratdet.sql	49
llx_contratdet	合同	24	total_ht	double(24,8)	double	YES	0	N	N				Total HT de la ligne toute quantite et incluant remise ligne et globale	未含税总额；源码注释：Total HT de la ligne toute quantite et incluant remise ligne et globale	htdocs/install/mysql/tables/llx_contratdet.sql	50
llx_contratdet	合同	25	total_tva	double(24,8)	double	YES	0	N	N				Total TVA de la ligne toute quantite et incluant remise ligne et globale	税额总计；源码注释：Total TVA de la ligne toute quantite et incluant remise ligne et globale	htdocs/install/mysql/tables/llx_contratdet.sql	51
llx_contratdet	合同	26	total_localtax1	double(24,8)	double	YES	0	N	N				Total Local tax 1 de la ligne	金额、价格或税费字段；源码注释：Total Local tax 1 de la ligne	htdocs/install/mysql/tables/llx_contratdet.sql	52
llx_contratdet	合同	27	total_localtax2	double(24,8)	double	YES	0	N	N				Total Local tax 2 de la ligne	金额、价格或税费字段；源码注释：Total Local tax 2 de la ligne	htdocs/install/mysql/tables/llx_contratdet.sql	53
llx_contratdet	合同	28	total_ttc	double(24,8)	double	YES	0	N	N				Total TTC de la ligne toute quantite et incluant remise ligne et globale	含税总额；源码注释：Total TTC de la ligne toute quantite et incluant remise ligne et globale	htdocs/install/mysql/tables/llx_contratdet.sql	54
llx_contratdet	合同	29	product_type	integer	integer	YES	1	N	N				Type of line (1=service by default)	字段 product_type；源码注释：Type of line (1=service by default)	htdocs/install/mysql/tables/llx_contratdet.sql	55
llx_contratdet	合同	30	info_bits	integer	integer	YES	0	N	N				TVA NPR ou non	字段 info_bits；源码注释：TVA NPR ou non	htdocs/install/mysql/tables/llx_contratdet.sql	56
llx_contratdet	合同	31	rang	integer	integer	YES	0	N	N					字段 rang（基于字段名推断）	htdocs/install/mysql/tables/llx_contratdet.sql	58
llx_contratdet	合同	32	buy_price_ht	double(24,8)	double	YES	NULL	N	N				buying price	金额、价格或税费字段；源码注释：buying price	htdocs/install/mysql/tables/llx_contratdet.sql	59
llx_contratdet	合同	33	fk_product_fournisseur_price	integer	integer	YES	NULL	N	N				reference of supplier price when line was added was created (may be used to update buy_price_ht when future invoice will be created)	外部关联 ID（具体目标以外键或业务代码为准）；源码注释：reference of supplier price when line was added was created (may be used to update buy_price_ht when future invoice will be created)	htdocs/install/mysql/tables/llx_contratdet.sql	60
llx_contratdet	合同	34	fk_user_author	integer	integer	NO	0	N	N					创建人/制单人用户 ID	htdocs/install/mysql/tables/llx_contratdet.sql	62
llx_contratdet	合同	35	fk_user_ouverture	integer	integer	YES		N	N					外部关联 ID（具体目标以外键或业务代码为准）（基于字段名推断）	htdocs/install/mysql/tables/llx_contratdet.sql	63
llx_contratdet	合同	36	fk_user_cloture	integer	integer	YES		N	N					外部关联 ID（具体目标以外键或业务代码为准）（基于字段名推断）	htdocs/install/mysql/tables/llx_contratdet.sql	64
llx_contratdet	合同	37	commentaire	text	text	YES		N	N					备注/说明字段（基于字段名推断）	htdocs/install/mysql/tables/llx_contratdet.sql	65
llx_contratdet	合同	38	fk_unit	integer	integer	YES	NULL	N	N			llx_c_units.rowid		外部关联 ID（具体目标以外键或业务代码为准）（基于字段名推断）	htdocs/install/mysql/tables/llx_contratdet.sql	66
llx_contratdet	合同	39	fk_multicurrency	integer	integer	YES		N	N					外部关联 ID（具体目标以外键或业务代码为准）（基于字段名推断）	htdocs/install/mysql/tables/llx_contratdet.sql	68
llx_contratdet	合同	40	multicurrency_code	varchar(3)	varchar	YES		N	N					代码/参考号字段（基于字段名推断）	htdocs/install/mysql/tables/llx_contratdet.sql	69
llx_contratdet	合同	41	multicurrency_subprice	double(24,8)	double	YES	0	N	N					金额、价格或税费字段（基于字段名推断）	htdocs/install/mysql/tables/llx_contratdet.sql	70
llx_contratdet	合同	42	multicurrency_subprice_ttc	double(24,8)	double	YES	0	N	N					金额、价格或税费字段（基于字段名推断）	htdocs/install/mysql/tables/llx_contratdet.sql	71
llx_contratdet	合同	43	multicurrency_total_ht	double(24,8)	double	YES	0	N	N					金额、价格或税费字段（基于字段名推断）	htdocs/install/mysql/tables/llx_contratdet.sql	72
llx_contratdet	合同	44	multicurrency_total_tva	double(24,8)	double	YES	0	N	N					金额、价格或税费字段（基于字段名推断）	htdocs/install/mysql/tables/llx_contratdet.sql	73
llx_contratdet	合同	45	multicurrency_total_ttc	double(24,8)	double	YES	0	N	N					金额、价格或税费字段（基于字段名推断）	htdocs/install/mysql/tables/llx_contratdet.sql	74
llx_contratdet	合同	46	extraparams	varchar(255)	varchar	YES		N	N				to stock other parameters in json format	扩展参数/结构化文本；源码注释：to stock other parameters in json format	htdocs/install/mysql/tables/llx_contratdet.sql	75
llx_contratdet_extrafields	合同	1	rowid	integer	integer	NO		Y	Y	PRIMARY	PRIMARY			主键行标识；通常为自增整数	htdocs/install/mysql/tables/llx_contratdet_extrafields.sql	21
llx_contratdet_extrafields	合同	2	tms	timestamp	timestamp	YES	CURRENT_TIMESTAMP	N	N					最后修改时间戳	htdocs/install/mysql/tables/llx_contratdet_extrafields.sql	22
llx_contratdet_extrafields	合同	3	fk_object	integer	integer	NO		N	N	uk_contratdet_extrafields	uk_contratdet_extrafields		object id	外部关联 ID（具体目标以外键或业务代码为准）；源码注释：object id	htdocs/install/mysql/tables/llx_contratdet_extrafields.sql	23
llx_contratdet_extrafields	合同	4	import_key	varchar(14)	varchar	YES		N	N				import key	导入批次/外部导入键；源码注释：import key	htdocs/install/mysql/tables/llx_contratdet_extrafields.sql	24
llx_cronjob	核心/系统	1	rowid	integer	integer	NO		Y	Y	PRIMARY	PRIMARY			主键行标识；通常为自增整数	htdocs/install/mysql/tables/llx_cronjob.sql	23
llx_cronjob	核心/系统	2	tms	timestamp	timestamp	YES	CURRENT_TIMESTAMP	N	N					最后修改时间戳	htdocs/install/mysql/tables/llx_cronjob.sql	24
llx_cronjob	核心/系统	3	datec	datetime	datetime	YES		N	N					创建日期/时间	htdocs/install/mysql/tables/llx_cronjob.sql	25
llx_cronjob	核心/系统	4	jobtype	varchar(10)	varchar	NO		N	N				'method', 'function' or 'command'	字段 jobtype；源码注释：'method', 'function' or 'command'	htdocs/install/mysql/tables/llx_cronjob.sql	26
llx_cronjob	核心/系统	5	label	varchar(255)	varchar	NO		N	N	uk_cronjob	uk_cronjob			名称或标签	htdocs/install/mysql/tables/llx_cronjob.sql	27
llx_cronjob	核心/系统	6	command	varchar(255)	varchar	YES		N	N					字段 command（基于字段名推断）	htdocs/install/mysql/tables/llx_cronjob.sql	28
llx_cronjob	核心/系统	7	classesname	varchar(255)	varchar	YES		N	N				when jobtype is 'method', name of the class file containing the method.	名称/标题字段；源码注释：when jobtype is 'method', name of the class file containing the method.	htdocs/install/mysql/tables/llx_cronjob.sql	29
llx_cronjob	核心/系统	8	objectname	varchar(255)	varchar	YES		N	N					名称/标题字段（基于字段名推断）	htdocs/install/mysql/tables/llx_cronjob.sql	30
llx_cronjob	核心/系统	9	methodename	varchar(255)	varchar	YES		N	N				name of method or function	名称/标题字段；源码注释：name of method or function	htdocs/install/mysql/tables/llx_cronjob.sql	31
llx_cronjob	核心/系统	10	params	text	text	YES		N	N					扩展参数/结构化文本（基于字段名推断）	htdocs/install/mysql/tables/llx_cronjob.sql	32
llx_cronjob	核心/系统	11	md5params	varchar(32)	varchar	YES		N	N					扩展参数/结构化文本（基于字段名推断）	htdocs/install/mysql/tables/llx_cronjob.sql	33
llx_cronjob	核心/系统	12	module_name	varchar(255)	varchar	YES		N	N					名称/标题字段（基于字段名推断）	htdocs/install/mysql/tables/llx_cronjob.sql	34
llx_cronjob	核心/系统	13	priority	integer	integer	YES	0	N	N					字段 priority（基于字段名推断）	htdocs/install/mysql/tables/llx_cronjob.sql	35
llx_cronjob	核心/系统	14	datelastrun	datetime	datetime	YES		N	N	idx_cronjob_datelastrun			date last run start (see datelastresult for end with a result)	日期/时间字段；源码注释：date last run start (see datelastresult for end with a result)	htdocs/install/mysql/tables/llx_cronjob.sql	36
llx_cronjob	核心/系统	15	datenextrun	datetime	datetime	YES		N	N	idx_cronjob_datenextrun			job will be run if current date higher that this date	日期/时间字段；源码注释：job will be run if current date higher that this date	htdocs/install/mysql/tables/llx_cronjob.sql	37
llx_cronjob	核心/系统	16	datestart	datetime	datetime	YES		N	N	idx_cronjob_datestart			before this date no jobs will be run	日期/时间字段；源码注释：before this date no jobs will be run	htdocs/install/mysql/tables/llx_cronjob.sql	38
llx_cronjob	核心/系统	17	dateend	datetime	datetime	YES		N	N	idx_cronjob_dateend			after this date, no more jobs will be run	日期/时间字段；源码注释：after this date, no more jobs will be run	htdocs/install/mysql/tables/llx_cronjob.sql	39
llx_cronjob	核心/系统	18	datelastresult	datetime	datetime	YES		N	N				date last run end	日期/时间字段；源码注释：date last run end	htdocs/install/mysql/tables/llx_cronjob.sql	40
llx_cronjob	核心/系统	19	lastresult	text	text	YES		N	N					字段 lastresult（基于字段名推断）	htdocs/install/mysql/tables/llx_cronjob.sql	41
llx_cronjob	核心/系统	20	lastoutput	text	text	YES		N	N					字段 lastoutput（基于字段名推断）	htdocs/install/mysql/tables/llx_cronjob.sql	42
llx_cronjob	核心/系统	21	unitfrequency	varchar(255)	varchar	NO	'3600'	N	N					字段 unitfrequency（基于字段名推断）	htdocs/install/mysql/tables/llx_cronjob.sql	43
llx_cronjob	核心/系统	22	frequency	integer	integer	NO	0	N	N					字段 frequency（基于字段名推断）	htdocs/install/mysql/tables/llx_cronjob.sql	44
llx_cronjob	核心/系统	23	maxrun	integer	integer	NO	0	N	N				set this to 1 for a job queued for on run only	字段 maxrun；源码注释：set this to 1 for a job queued for on run only	htdocs/install/mysql/tables/llx_cronjob.sql	45
llx_cronjob	核心/系统	24	nbrun	integer	integer	YES		N	N				nb of run complete (failed or not)	字段 nbrun；源码注释：nb of run complete (failed or not)	htdocs/install/mysql/tables/llx_cronjob.sql	46
llx_cronjob	核心/系统	25	autodelete	integer	integer	YES	0	N	N				0=Job is kept unchanged once nbrun > maxrun or date > dateend, 2=Job must be archived (archive = status 2) once nbrun > maxrun or date > dateend	字段 autodelete；源码注释：0=Job is kept unchanged once nbrun > maxrun or date > dateend, 2=Job must be archived (archive = status 2) once nbrun > maxrun or date > dateend	htdocs/install/mysql/tables/llx_cronjob.sql	47
llx_cronjob	核心/系统	26	status	integer	integer	NO	1	N	N	idx_cronjob_status			0=disabled, 1=enabled, 2=archived	状态标识；源码注释：0=disabled, 1=enabled, 2=archived	htdocs/install/mysql/tables/llx_cronjob.sql	48
llx_cronjob	核心/系统	27	processing	integer	integer	NO	0	N	N				1=process currently running	字段 processing；源码注释：1=process currently running	htdocs/install/mysql/tables/llx_cronjob.sql	49
llx_cronjob	核心/系统	28	pid	integer	integer	YES		N	N				The cronjob PID, NULL if not in processing	字段 pid；源码注释：The cronjob PID, NULL if not in processing	htdocs/install/mysql/tables/llx_cronjob.sql	50
llx_cronjob	核心/系统	29	test	varchar(255)	varchar	YES	'1'	N	N					字段 test（基于字段名推断）	htdocs/install/mysql/tables/llx_cronjob.sql	51
llx_cronjob	核心/系统	30	fk_user_author	integer	integer	YES	NULL	N	N					创建人/制单人用户 ID	htdocs/install/mysql/tables/llx_cronjob.sql	52
llx_cronjob	核心/系统	31	fk_user_mod	integer	integer	YES	NULL	N	N					外部关联 ID（具体目标以外键或业务代码为准）（基于字段名推断）	htdocs/install/mysql/tables/llx_cronjob.sql	53
llx_cronjob	核心/系统	32	fk_mailing	integer	integer	YES	NULL	N	N				id of emailing if job was queued to send mass emailing	外部关联 ID（具体目标以外键或业务代码为准）；源码注释：id of emailing if job was queued to send mass emailing	htdocs/install/mysql/tables/llx_cronjob.sql	54
llx_cronjob	核心/系统	33	note	text	text	YES		N	N					备注/说明字段（基于字段名推断）	htdocs/install/mysql/tables/llx_cronjob.sql	55
llx_cronjob	核心/系统	34	libname	varchar(255)	varchar	YES		N	N				when jobtype is 'function', name of the library file containing the function.	名称/标题字段；源码注释：when jobtype is 'function', name of the library file containing the function.	htdocs/install/mysql/tables/llx_cronjob.sql	56
llx_cronjob	核心/系统	35	email_alert	varchar(128)	varchar	YES		N	N				email for alert	字段 email_alert；源码注释：email for alert	htdocs/install/mysql/tables/llx_cronjob.sql	57
llx_cronjob	核心/系统	36	entity	integer	integer	YES	0	N	N	uk_cronjob	uk_cronjob			多实体/多公司隔离标识	htdocs/install/mysql/tables/llx_cronjob.sql	58
llx_default_values	核心/系统	1	rowid	integer	integer	NO		Y	Y	PRIMARY	PRIMARY			主键行标识；通常为自增整数	htdocs/install/mysql/tables/llx_default_values.sql	21
llx_default_values	核心/系统	2	entity	integer	integer	NO	1	N	N	uk_default_values	uk_default_values		multi company id	多实体/多公司隔离标识；源码注释：multi company id	htdocs/install/mysql/tables/llx_default_values.sql	22
llx_default_values	核心/系统	3	type	varchar(10)	varchar	YES		N	N	uk_default_values	uk_default_values		'createform', 'filters', 'sortorder', 'focus', 'transform'	字段 type；源码注释：'createform', 'filters', 'sortorder', 'focus', 'transform'	htdocs/install/mysql/tables/llx_default_values.sql	23
llx_default_values	核心/系统	4	user_id	integer	integer	NO	0	N	N	uk_default_values	uk_default_values		0 or user id	字段 user_id；源码注释：0 or user id	htdocs/install/mysql/tables/llx_default_values.sql	24
llx_default_values	核心/系统	5	page	varchar(255)	varchar	YES		N	N	uk_default_values	uk_default_values		relative url of page	字段 page；源码注释：relative url of page	htdocs/install/mysql/tables/llx_default_values.sql	25
llx_default_values	核心/系统	6	param	varchar(255)	varchar	YES		N	N	uk_default_values	uk_default_values		parameter	扩展参数/结构化文本；源码注释：parameter	htdocs/install/mysql/tables/llx_default_values.sql	26
llx_default_values	核心/系统	7	value	varchar(128)	varchar	YES		N	N				value	字段 value；源码注释：value	htdocs/install/mysql/tables/llx_default_values.sql	27
llx_delivery	交付	1	rowid	integer	integer	NO		Y	Y	PRIMARY	PRIMARY			主键行标识；通常为自增整数	htdocs/install/mysql/tables/llx_delivery.sql	22
llx_delivery	交付	2	tms	timestamp	timestamp	YES	CURRENT_TIMESTAMP	N	N					最后修改时间戳	htdocs/install/mysql/tables/llx_delivery.sql	23
llx_delivery	交付	3	ref	varchar(30)	varchar	NO		N	N	idx_delivery_uk_ref	idx_delivery_uk_ref		delivery number	业务参考号/单号；源码注释：delivery number	htdocs/install/mysql/tables/llx_delivery.sql	24
llx_delivery	交付	4	entity	integer	integer	NO	1	N	N	idx_delivery_uk_ref	idx_delivery_uk_ref		multi company id	多实体/多公司隔离标识；源码注释：multi company id	htdocs/install/mysql/tables/llx_delivery.sql	25
llx_delivery	交付	5	fk_soc	integer	integer	NO		N	N	idx_delivery_fk_soc		llx_societe.rowid		关联第三方企业 ID	htdocs/install/mysql/tables/llx_delivery.sql	26
llx_delivery	交付	6	ref_ext	varchar(255)	varchar	YES		N	N				reference into an external system (not used by dolibarr)	代码/参考号字段；源码注释：reference into an external system (not used by dolibarr)	htdocs/install/mysql/tables/llx_delivery.sql	28
llx_delivery	交付	7	ref_customer	varchar(255)	varchar	YES		N	N				customer number	代码/参考号字段；源码注释：customer number	htdocs/install/mysql/tables/llx_delivery.sql	29
llx_delivery	交付	8	date_creation	datetime	datetime	YES		N	N				date de creation	日期/时间字段；源码注释：date de creation	htdocs/install/mysql/tables/llx_delivery.sql	31
llx_delivery	交付	9	fk_user_author	integer	integer	YES		N	N	idx_delivery_fk_user_author		llx_user.rowid	createur du bon de livraison	创建人/制单人用户 ID；源码注释：createur du bon de livraison	htdocs/install/mysql/tables/llx_delivery.sql	32
llx_delivery	交付	10	date_valid	datetime	datetime	YES		N	N				date de validation	审核/生效日期；源码注释：date de validation	htdocs/install/mysql/tables/llx_delivery.sql	33
llx_delivery	交付	11	fk_user_valid	integer	integer	YES		N	N	idx_delivery_fk_user_valid		llx_user.rowid	valideur du bon de livraison	审核/验证人用户 ID；源码注释：valideur du bon de livraison	htdocs/install/mysql/tables/llx_delivery.sql	34
llx_delivery	交付	12	date_delivery	datetime	datetime	YES	NULL	N	N				delivery date	日期/时间字段；源码注释：delivery date	htdocs/install/mysql/tables/llx_delivery.sql	35
llx_delivery	交付	13	fk_address	integer	integer	YES		N	N				delivery address (deprecated)	外部关联 ID（具体目标以外键或业务代码为准）；源码注释：delivery address (deprecated)	htdocs/install/mysql/tables/llx_delivery.sql	36
llx_delivery	交付	14	fk_statut	smallint	smallint	YES	0	N	N					状态码	htdocs/install/mysql/tables/llx_delivery.sql	37
llx_delivery	交付	15	total_ht	double(24,8)	double	YES	0	N	N					未含税总额	htdocs/install/mysql/tables/llx_delivery.sql	38
llx_delivery	交付	16	note_private	text	text	YES		N	N					内部备注	htdocs/install/mysql/tables/llx_delivery.sql	39
llx_delivery	交付	17	note_public	text	text	YES		N	N					公开备注	htdocs/install/mysql/tables/llx_delivery.sql	40
llx_delivery	交付	18	model_pdf	varchar(255)	varchar	YES		N	N					字段 model_pdf（基于字段名推断）	htdocs/install/mysql/tables/llx_delivery.sql	41
llx_delivery	交付	19	last_main_doc	varchar(255)	varchar	YES		N	N				relative filepath+filename of last main generated document	字段 last_main_doc；源码注释：relative filepath+filename of last main generated document	htdocs/install/mysql/tables/llx_delivery.sql	42
llx_delivery	交付	20	fk_incoterms	integer	integer	YES		N	N				for incoterms	外部关联 ID（具体目标以外键或业务代码为准）；源码注释：for incoterms	htdocs/install/mysql/tables/llx_delivery.sql	43
llx_delivery	交付	21	location_incoterms	varchar(255)	varchar	YES		N	N				for incoterms	字段 location_incoterms；源码注释：for incoterms	htdocs/install/mysql/tables/llx_delivery.sql	44
llx_delivery	交付	22	import_key	varchar(14)	varchar	YES		N	N					导入批次/外部导入键	htdocs/install/mysql/tables/llx_delivery.sql	46
llx_delivery	交付	23	extraparams	varchar(255)	varchar	YES		N	N				for other parameters with json format	扩展参数/结构化文本；源码注释：for other parameters with json format	htdocs/install/mysql/tables/llx_delivery.sql	47
llx_delivery_extrafields	交付	1	rowid	integer	integer	NO		Y	Y	PRIMARY	PRIMARY			主键行标识；通常为自增整数	htdocs/install/mysql/tables/llx_delivery_extrafields.sql	21
llx_delivery_extrafields	交付	2	tms	timestamp	timestamp	YES	CURRENT_TIMESTAMP	N	N					最后修改时间戳	htdocs/install/mysql/tables/llx_delivery_extrafields.sql	22
llx_delivery_extrafields	交付	3	fk_object	integer	integer	NO		N	N	uk_delivery_extrafields	uk_delivery_extrafields			外部关联 ID（具体目标以外键或业务代码为准）（基于字段名推断）	htdocs/install/mysql/tables/llx_delivery_extrafields.sql	23
llx_delivery_extrafields	交付	4	import_key	varchar(14)	varchar	YES		N	N				import key	导入批次/外部导入键；源码注释：import key	htdocs/install/mysql/tables/llx_delivery_extrafields.sql	24
llx_deliverydet	交付	1	rowid	integer	integer	NO		Y	Y	PRIMARY	PRIMARY			主键行标识；通常为自增整数	htdocs/install/mysql/tables/llx_deliverydet.sql	22
llx_deliverydet	交付	2	fk_delivery	integer	integer	YES		N	N	idx_deliverydet_fk_delivery		llx_delivery.rowid		外部关联 ID（具体目标以外键或业务代码为准）（基于字段名推断）	htdocs/install/mysql/tables/llx_deliverydet.sql	23
llx_deliverydet	交付	3	fk_origin_line	integer	integer	YES		N	N				Correspondance de la ligne avec le document d'origine (propal, commande)	外部关联 ID（具体目标以外键或业务代码为准）；源码注释：Correspondance de la ligne avec le document d'origine (propal, commande)	htdocs/install/mysql/tables/llx_deliverydet.sql	24
llx_deliverydet	交付	4	fk_product	integer	integer	YES		N	N					关联产品/服务 ID	htdocs/install/mysql/tables/llx_deliverydet.sql	25
llx_deliverydet	交付	5	description	text	text	YES		N	N					描述	htdocs/install/mysql/tables/llx_deliverydet.sql	26
llx_deliverydet	交付	6	qty	real	real	YES		N	N				quantity	数量；源码注释：quantity	htdocs/install/mysql/tables/llx_deliverydet.sql	27
llx_deliverydet	交付	7	subprice	double(24,8)	double	YES	0	N	N				unit price	金额、价格或税费字段；源码注释：unit price	htdocs/install/mysql/tables/llx_deliverydet.sql	28
llx_deliverydet	交付	8	subprice_ttc	double(24,8)	double	YES	0	N	N				unit price if price was entered including tax	金额、价格或税费字段；源码注释：unit price if price was entered including tax	htdocs/install/mysql/tables/llx_deliverydet.sql	29
llx_deliverydet	交付	9	total_ht	double(24,8)	double	YES	0	N	N				Total HT de la ligne toute quantite	未含税总额；源码注释：Total HT de la ligne toute quantite	htdocs/install/mysql/tables/llx_deliverydet.sql	30
llx_deliverydet	交付	10	rang	integer	integer	YES	0	N	N					字段 rang（基于字段名推断）	htdocs/install/mysql/tables/llx_deliverydet.sql	31
llx_deliverydet	交付	11	extraparams	varchar(255)	varchar	YES		N	N				to stock other parameters in json format	扩展参数/结构化文本；源码注释：to stock other parameters in json format	htdocs/install/mysql/tables/llx_deliverydet.sql	32
llx_deliverydet_extrafields	交付	1	rowid	integer	integer	NO		Y	Y	PRIMARY	PRIMARY			主键行标识；通常为自增整数	htdocs/install/mysql/tables/llx_deliverydet_extrafields.sql	21
llx_deliverydet_extrafields	交付	2	tms	timestamp	timestamp	YES	CURRENT_TIMESTAMP	N	N					最后修改时间戳	htdocs/install/mysql/tables/llx_deliverydet_extrafields.sql	22
llx_deliverydet_extrafields	交付	3	fk_object	integer	integer	NO		N	N	uk_deliverydet_extrafields	uk_deliverydet_extrafields		object id	外部关联 ID（具体目标以外键或业务代码为准）；源码注释：object id	htdocs/install/mysql/tables/llx_deliverydet_extrafields.sql	23
llx_deliverydet_extrafields	交付	4	import_key	varchar(14)	varchar	YES		N	N				import key	导入批次/外部导入键；源码注释：import key	htdocs/install/mysql/tables/llx_deliverydet_extrafields.sql	24
llx_deplacement	差旅费用	1	rowid	integer	integer	NO		Y	Y	PRIMARY	PRIMARY			主键行标识；通常为自增整数	htdocs/install/mysql/tables/llx_deplacement-deplacement.sql	23
llx_deplacement	差旅费用	2	ref	varchar(30)	varchar	YES	NULL	N	N				Ref donation (TODO change to NOT NULL)	业务参考号/单号；源码注释：Ref donation (TODO change to NOT NULL)	htdocs/install/mysql/tables/llx_deplacement-deplacement.sql	24
llx_deplacement	差旅费用	3	entity	integer	integer	NO	1	N	N				multi company id	多实体/多公司隔离标识；源码注释：multi company id	htdocs/install/mysql/tables/llx_deplacement-deplacement.sql	25
llx_deplacement	差旅费用	4	datec	datetime	datetime	NO		N	N					创建日期/时间	htdocs/install/mysql/tables/llx_deplacement-deplacement.sql	26
llx_deplacement	差旅费用	5	tms	timestamp	timestamp	YES	CURRENT_TIMESTAMP	N	N					最后修改时间戳	htdocs/install/mysql/tables/llx_deplacement-deplacement.sql	27
llx_deplacement	差旅费用	6	dated	datetime	datetime	YES		N	N					日期/时间字段（基于字段名推断）	htdocs/install/mysql/tables/llx_deplacement-deplacement.sql	28
llx_deplacement	差旅费用	7	fk_user	integer	integer	NO		N	N					外部关联 ID（具体目标以外键或业务代码为准）（基于字段名推断）	htdocs/install/mysql/tables/llx_deplacement-deplacement.sql	29
llx_deplacement	差旅费用	8	fk_user_author	integer	integer	YES		N	N					创建人/制单人用户 ID	htdocs/install/mysql/tables/llx_deplacement-deplacement.sql	30
llx_deplacement	差旅费用	9	fk_user_modif	integer	integer	YES		N	N				utilisateur qui a modifie l'info	最后修改人用户 ID；源码注释：utilisateur qui a modifie l'info	htdocs/install/mysql/tables/llx_deplacement-deplacement.sql	31
llx_deplacement	差旅费用	10	type	varchar(12)	varchar	NO		N	N					字段 type（基于字段名推断）	htdocs/install/mysql/tables/llx_deplacement-deplacement.sql	32
llx_deplacement	差旅费用	11	fk_statut	integer	integer	NO	1	N	N					状态码	htdocs/install/mysql/tables/llx_deplacement-deplacement.sql	33
llx_deplacement	差旅费用	12	km	real	real	YES		N	N					字段 km（基于字段名推断）	htdocs/install/mysql/tables/llx_deplacement-deplacement.sql	34
llx_deplacement	差旅费用	13	fk_soc	integer	integer	YES		N	N					关联第三方企业 ID	htdocs/install/mysql/tables/llx_deplacement-deplacement.sql	35
llx_deplacement	差旅费用	14	fk_projet	integer	integer	YES	0	N	N					关联项目 ID	htdocs/install/mysql/tables/llx_deplacement-deplacement.sql	36
llx_deplacement	差旅费用	15	note_private	text	text	YES		N	N					内部备注	htdocs/install/mysql/tables/llx_deplacement-deplacement.sql	37
llx_deplacement	差旅费用	16	note_public	text	text	YES		N	N					公开备注	htdocs/install/mysql/tables/llx_deplacement-deplacement.sql	38
llx_deplacement	差旅费用	17	extraparams	varchar(255)	varchar	YES		N	N				for stock other parameters with json format	扩展参数/结构化文本；源码注释：for stock other parameters with json format	htdocs/install/mysql/tables/llx_deplacement-deplacement.sql	39
llx_document_model	核心/系统	1	rowid	integer	integer	NO		Y	Y	PRIMARY	PRIMARY			主键行标识；通常为自增整数	htdocs/install/mysql/tables/llx_document_model.sql	25
llx_document_model	核心/系统	2	nom	varchar(50)	varchar	YES		N	N					名称	htdocs/install/mysql/tables/llx_document_model.sql	26
llx_document_model	核心/系统	3	entity	integer	integer	NO	1	N	N				multi company id	多实体/多公司隔离标识；源码注释：multi company id	htdocs/install/mysql/tables/llx_document_model.sql	27
llx_document_model	核心/系统	4	type	varchar(64)	varchar	NO		N	N					字段 type（基于字段名推断）	htdocs/install/mysql/tables/llx_document_model.sql	28
llx_document_model	核心/系统	5	libelle	varchar(255)	varchar	YES		N	N					字段 libelle（基于字段名推断）	htdocs/install/mysql/tables/llx_document_model.sql	29
llx_document_model	核心/系统	6	tms	timestamp	timestamp	YES	CURRENT_TIMESTAMP	N	N					最后修改时间戳	htdocs/install/mysql/tables/llx_document_model.sql	30
llx_document_model	核心/系统	7	description	text	text	YES		N	N					描述	htdocs/install/mysql/tables/llx_document_model.sql	31
llx_don	捐赠	1	rowid	integer	integer	NO		Y	Y	PRIMARY	PRIMARY			主键行标识；通常为自增整数	htdocs/install/mysql/tables/llx_don-don.sql	25
llx_don	捐赠	2	ref	varchar(30)	varchar	YES	NULL	N	N	idx_don_uk_ref	idx_don_uk_ref		Ref donation (TODO change to NOT NULL)	业务参考号/单号；源码注释：Ref donation (TODO change to NOT NULL)	htdocs/install/mysql/tables/llx_don-don.sql	26
llx_don	捐赠	3	entity	integer	integer	NO	1	N	N	idx_don_uk_ref	idx_don_uk_ref		multi company id	多实体/多公司隔离标识；源码注释：multi company id	htdocs/install/mysql/tables/llx_don-don.sql	27
llx_don	捐赠	4	tms	timestamp	timestamp	YES	CURRENT_TIMESTAMP	N	N					最后修改时间戳	htdocs/install/mysql/tables/llx_don-don.sql	28
llx_don	捐赠	5	fk_statut	smallint	smallint	NO	0	N	N				Status of donation promise or validate	状态码；源码注释：Status of donation promise or validate	htdocs/install/mysql/tables/llx_don-don.sql	29
llx_don	捐赠	6	datedon	datetime	datetime	YES		N	N				Date of the donation/promise	日期/时间字段；源码注释：Date of the donation/promise	htdocs/install/mysql/tables/llx_don-don.sql	30
llx_don	捐赠	7	amount	double(24,8)	double	YES	0	N	N					金额	htdocs/install/mysql/tables/llx_don-don.sql	31
llx_don	捐赠	8	fk_payment	integer	integer	YES		N	N				Id of payment mode	外部关联 ID（具体目标以外键或业务代码为准）；源码注释：Id of payment mode	htdocs/install/mysql/tables/llx_don-don.sql	32
llx_don	捐赠	9	paid	smallint	smallint	NO	0	N	N					字段 paid（基于字段名推断）	htdocs/install/mysql/tables/llx_don-don.sql	33
llx_don	捐赠	10	fk_soc	integer	integer	YES		N	N	idx_don_fk_soc				关联第三方企业 ID	htdocs/install/mysql/tables/llx_don-don.sql	34
llx_don	捐赠	11	firstname	varchar(50)	varchar	YES		N	N					名称/标题字段（基于字段名推断）	htdocs/install/mysql/tables/llx_don-don.sql	35
llx_don	捐赠	12	lastname	varchar(50)	varchar	YES		N	N					名称/标题字段（基于字段名推断）	htdocs/install/mysql/tables/llx_don-don.sql	36
llx_don	捐赠	13	societe	varchar(50)	varchar	YES		N	N					字段 societe（基于字段名推断）	htdocs/install/mysql/tables/llx_don-don.sql	37
llx_don	捐赠	14	address	text	text	YES		N	N					地址	htdocs/install/mysql/tables/llx_don-don.sql	38
llx_don	捐赠	15	zip	varchar(30)	varchar	YES		N	N					邮政编码	htdocs/install/mysql/tables/llx_don-don.sql	39
llx_don	捐赠	16	town	varchar(50)	varchar	YES		N	N					城市/城镇	htdocs/install/mysql/tables/llx_don-don.sql	40
llx_don	捐赠	17	country	varchar(50)	varchar	YES		N	N				Deprecated - Replace with fk_country	字段 country；源码注释：Deprecated - Replace with fk_country	htdocs/install/mysql/tables/llx_don-don.sql	41
llx_don	捐赠	18	fk_country	integer	integer	NO		N	N					外部关联 ID（具体目标以外键或业务代码为准）（基于字段名推断）	htdocs/install/mysql/tables/llx_don-don.sql	42
llx_don	捐赠	19	email	varchar(255)	varchar	YES		N	N					电子邮箱	htdocs/install/mysql/tables/llx_don-don.sql	43
llx_don	捐赠	20	phone	varchar(24)	varchar	YES		N	N					电话	htdocs/install/mysql/tables/llx_don-don.sql	44
llx_don	捐赠	21	phone_mobile	varchar(24)	varchar	YES		N	N					字段 phone_mobile（基于字段名推断）	htdocs/install/mysql/tables/llx_don-don.sql	45
llx_don	捐赠	22	public	smallint	smallint	NO	1	N	N				Donation is public ? (0,1)	字段 public；源码注释：Donation is public ? (0,1)	htdocs/install/mysql/tables/llx_don-don.sql	46
llx_don	捐赠	23	fk_projet	integer	integer	YES		N	N	idx_don_fk_project			Donation is given for a project ?	关联项目 ID；源码注释：Donation is given for a project ?	htdocs/install/mysql/tables/llx_don-don.sql	47
llx_don	捐赠	24	datec	datetime	datetime	YES		N	N				Create date	创建日期/时间；源码注释：Create date	htdocs/install/mysql/tables/llx_don-don.sql	48
llx_don	捐赠	25	fk_user_author	integer	integer	NO		N	N	idx_don_fk_user_author				创建人/制单人用户 ID	htdocs/install/mysql/tables/llx_don-don.sql	49
llx_don	捐赠	26	fk_user_modif	integer	integer	YES		N	N					最后修改人用户 ID	htdocs/install/mysql/tables/llx_don-don.sql	50
llx_don	捐赠	27	date_valid	datetime	datetime	YES		N	N				date de validation	审核/生效日期；源码注释：date de validation	htdocs/install/mysql/tables/llx_don-don.sql	51
llx_don	捐赠	28	fk_user_valid	integer	integer	YES		N	N	idx_don_fk_user_valid				审核/验证人用户 ID	htdocs/install/mysql/tables/llx_don-don.sql	52
llx_don	捐赠	29	note_private	text	text	YES		N	N					内部备注	htdocs/install/mysql/tables/llx_don-don.sql	53
llx_don	捐赠	30	note_public	text	text	YES		N	N					公开备注	htdocs/install/mysql/tables/llx_don-don.sql	54
llx_don	捐赠	31	model_pdf	varchar(255)	varchar	YES		N	N					字段 model_pdf（基于字段名推断）	htdocs/install/mysql/tables/llx_don-don.sql	55
llx_don	捐赠	32	import_key	varchar(14)	varchar	YES		N	N					导入批次/外部导入键	htdocs/install/mysql/tables/llx_don-don.sql	56
llx_don	捐赠	33	extraparams	varchar(255)	varchar	YES		N	N				for other parameters with json format	扩展参数/结构化文本；源码注释：for other parameters with json format	htdocs/install/mysql/tables/llx_don-don.sql	57
llx_don	捐赠	34	ip	varchar(250)	varchar	YES		N	N				ip used to create record (for public submission page)	字段 ip；源码注释：ip used to create record (for public submission page)	htdocs/install/mysql/tables/llx_don-don.sql	58
llx_don_extrafields	捐赠	1	rowid	integer	integer	NO		Y	Y	PRIMARY	PRIMARY			主键行标识；通常为自增整数	htdocs/install/mysql/tables/llx_don_extrafields-don.sql	21
llx_don_extrafields	捐赠	2	tms	timestamp	timestamp	YES	CURRENT_TIMESTAMP	N	N					最后修改时间戳	htdocs/install/mysql/tables/llx_don_extrafields-don.sql	22
llx_don_extrafields	捐赠	3	fk_object	integer	integer	NO		N	N	idx_don_extrafields				外部关联 ID（具体目标以外键或业务代码为准）（基于字段名推断）	htdocs/install/mysql/tables/llx_don_extrafields-don.sql	23
llx_don_extrafields	捐赠	4	import_key	varchar(14)	varchar	YES		N	N				import key	导入批次/外部导入键；源码注释：import key	htdocs/install/mysql/tables/llx_don_extrafields-don.sql	24
llx_ecm_directories	电子文档管理	1	rowid	integer	integer	NO		Y	Y	PRIMARY	PRIMARY			主键行标识；通常为自增整数	htdocs/install/mysql/tables/llx_ecm_directories.sql	24
llx_ecm_directories	电子文档管理	2	label	varchar(64)	varchar	NO		N	N	uk_ecm_directories	uk_ecm_directories			名称或标签	htdocs/install/mysql/tables/llx_ecm_directories.sql	25
llx_ecm_directories	电子文档管理	3	entity	integer	integer	NO	1	N	N	uk_ecm_directories	uk_ecm_directories		multi company id	多实体/多公司隔离标识；源码注释：multi company id	htdocs/install/mysql/tables/llx_ecm_directories.sql	26
llx_ecm_directories	电子文档管理	4	fk_parent	integer	integer	YES		N	N	uk_ecm_directories	uk_ecm_directories			外部关联 ID（具体目标以外键或业务代码为准）（基于字段名推断）	htdocs/install/mysql/tables/llx_ecm_directories.sql	27
llx_ecm_directories	电子文档管理	5	description	varchar(255)	varchar	NO		N	N					描述	htdocs/install/mysql/tables/llx_ecm_directories.sql	28
llx_ecm_directories	电子文档管理	6	cachenbofdoc	integer	integer	NO	0	N	N					字段 cachenbofdoc（基于字段名推断）	htdocs/install/mysql/tables/llx_ecm_directories.sql	29
llx_ecm_directories	电子文档管理	7	fullpath	varchar(750)	varchar	YES		N	N					字段 fullpath（基于字段名推断）	htdocs/install/mysql/tables/llx_ecm_directories.sql	30
llx_ecm_directories	电子文档管理	8	extraparams	varchar(255)	varchar	YES		N	N				for stock other parameters with json format	扩展参数/结构化文本；源码注释：for stock other parameters with json format	htdocs/install/mysql/tables/llx_ecm_directories.sql	31
llx_ecm_directories	电子文档管理	9	date_c	datetime	datetime	YES		N	N					日期/时间字段（基于字段名推断）	htdocs/install/mysql/tables/llx_ecm_directories.sql	32
llx_ecm_directories	电子文档管理	10	tms	timestamp	timestamp	YES	CURRENT_TIMESTAMP	N	N					最后修改时间戳	htdocs/install/mysql/tables/llx_ecm_directories.sql	33
llx_ecm_directories	电子文档管理	11	fk_user_c	integer	integer	YES		N	N	idx_ecm_directories_fk_user_c		llx_user.rowid		外部关联 ID（具体目标以外键或业务代码为准）（基于字段名推断）	htdocs/install/mysql/tables/llx_ecm_directories.sql	34
llx_ecm_directories	电子文档管理	12	fk_user_m	integer	integer	YES		N	N	idx_ecm_directories_fk_user_m		llx_user.rowid		外部关联 ID（具体目标以外键或业务代码为准）（基于字段名推断）	htdocs/install/mysql/tables/llx_ecm_directories.sql	35
llx_ecm_directories	电子文档管理	13	note_private	text	text	YES		N	N					内部备注	htdocs/install/mysql/tables/llx_ecm_directories.sql	36
llx_ecm_directories	电子文档管理	14	note_public	text	text	YES		N	N					公开备注	htdocs/install/mysql/tables/llx_ecm_directories.sql	37
llx_ecm_directories	电子文档管理	15	acl	text	text	YES		N	N					字段 acl（基于字段名推断）	htdocs/install/mysql/tables/llx_ecm_directories.sql	38
llx_ecm_directories_extrafields	电子文档管理	1	rowid	integer	integer	NO		Y	Y	PRIMARY	PRIMARY			主键行标识；通常为自增整数	htdocs/install/mysql/tables/llx_ecm_directories_extrafields.sql	21
llx_ecm_directories_extrafields	电子文档管理	2	tms	timestamp	timestamp	YES	CURRENT_TIMESTAMP	N	N					最后修改时间戳	htdocs/install/mysql/tables/llx_ecm_directories_extrafields.sql	22
llx_ecm_directories_extrafields	电子文档管理	3	fk_object	integer	integer	NO		N	N	uk_ecm_directories_extrafields	uk_ecm_directories_extrafields			外部关联 ID（具体目标以外键或业务代码为准）（基于字段名推断）	htdocs/install/mysql/tables/llx_ecm_directories_extrafields.sql	23
llx_ecm_directories_extrafields	电子文档管理	4	import_key	varchar(14)	varchar	YES		N	N				import key	导入批次/外部导入键；源码注释：import key	htdocs/install/mysql/tables/llx_ecm_directories_extrafields.sql	24
llx_ecm_files	电子文档管理	1	rowid	integer	integer	NO		Y	Y	PRIMARY	PRIMARY			主键行标识；通常为自增整数	htdocs/install/mysql/tables/llx_ecm_files.sql	21
llx_ecm_files	电子文档管理	2	ref	varchar(128)	varchar	YES		N	N				contains hash from filename+filepath	业务参考号/单号；源码注释：contains hash from filename+filepath	htdocs/install/mysql/tables/llx_ecm_files.sql	22
llx_ecm_files	电子文档管理	3	label	varchar(128)	varchar	NO		N	N	idx_ecm_files_label			contains hash of file content	名称或标签；源码注释：contains hash of file content	htdocs/install/mysql/tables/llx_ecm_files.sql	23
llx_ecm_files	电子文档管理	4	share	varchar(128)	varchar	YES		N	N				contains hash for file sharing	字段 share；源码注释：contains hash for file sharing	htdocs/install/mysql/tables/llx_ecm_files.sql	24
llx_ecm_files	电子文档管理	5	share_pass	varchar(32)	varchar	YES		N	N				password to access the file (encoded with dolEncrypt)	字段 share_pass；源码注释：password to access the file (encoded with dolEncrypt)	htdocs/install/mysql/tables/llx_ecm_files.sql	25
llx_ecm_files	电子文档管理	6	entity	integer	integer	NO	1	N	N	uk_ecm_files	uk_ecm_files		multi company id	多实体/多公司隔离标识；源码注释：multi company id	htdocs/install/mysql/tables/llx_ecm_files.sql	26
llx_ecm_files	电子文档管理	7	filepath	varchar(255)	varchar	NO		N	N	uk_ecm_files	uk_ecm_files		relative to dolibarr document dir. Example module/def	字段 filepath；源码注释：relative to dolibarr document dir. Example module/def	htdocs/install/mysql/tables/llx_ecm_files.sql	27
llx_ecm_files	电子文档管理	8	filename	varchar(255)	varchar	NO		N	N	uk_ecm_files	uk_ecm_files		file name only without any directory	名称/标题字段；源码注释：file name only without any directory	htdocs/install/mysql/tables/llx_ecm_files.sql	28
llx_ecm_files	电子文档管理	9	src_object_type	varchar(64)	varchar	YES		N	N	idx_ecm_files_src_object_type_id			Source object type ('proposal', 'invoice', ...) - object->table_element	字段 src_object_type；源码注释：Source object type ('proposal', 'invoice', ...) - object->table_element	htdocs/install/mysql/tables/llx_ecm_files.sql	29
llx_ecm_files	电子文档管理	10	src_object_id	integer	integer	YES		N	N	idx_ecm_files_src_object_type_id			Source object id	字段 src_object_id；源码注释：Source object id	htdocs/install/mysql/tables/llx_ecm_files.sql	30
llx_ecm_files	电子文档管理	11	agenda_id	integer	integer	YES		N	N				Id of the event created at same time than the upload of the file	字段 agenda_id；源码注释：Id of the event created at same time than the upload of the file	htdocs/install/mysql/tables/llx_ecm_files.sql	31
llx_ecm_files	电子文档管理	12	fullpath_orig	varchar(750)	varchar	YES		N	N				full path of original filename, when file is uploaded from a local computer	字段 fullpath_orig；源码注释：full path of original filename, when file is uploaded from a local computer	htdocs/install/mysql/tables/llx_ecm_files.sql	32
llx_ecm_files	电子文档管理	13	description	varchar(255)	varchar	YES		N	N					描述	htdocs/install/mysql/tables/llx_ecm_files.sql	33
llx_ecm_files	电子文档管理	14	keywords	varchar(750)	varchar	YES		N	N				list of keywords, separated with comma. Must be limited to most important keywords.	字段 keywords；源码注释：list of keywords, separated with comma. Must be limited to most important keywords.	htdocs/install/mysql/tables/llx_ecm_files.sql	34
llx_ecm_files	电子文档管理	15	content	text	text	YES		N	N					字段 content（基于字段名推断）	htdocs/install/mysql/tables/llx_ecm_files.sql	35
llx_ecm_files	电子文档管理	16	cover	varchar(32)	varchar	YES		N	N				is this file a file to use for a cover	字段 cover；源码注释：is this file a file to use for a cover	htdocs/install/mysql/tables/llx_ecm_files.sql	36
llx_ecm_files	电子文档管理	17	position	integer	integer	YES		N	N				position of file among others	字段 position；源码注释：position of file among others	htdocs/install/mysql/tables/llx_ecm_files.sql	37
llx_ecm_files	电子文档管理	18	gen_or_uploaded	varchar(12)	varchar	YES		N	N				'generated' 'uploaded' 'api' 'unknown'	字段 gen_or_uploaded；源码注释：'generated' 'uploaded' 'api' 'unknown'	htdocs/install/mysql/tables/llx_ecm_files.sql	38
llx_ecm_files	电子文档管理	19	extraparams	varchar(255)	varchar	YES		N	N				for stocking other parameters with json format	扩展参数/结构化文本；源码注释：for stocking other parameters with json format	htdocs/install/mysql/tables/llx_ecm_files.sql	39
llx_ecm_files	电子文档管理	20	date_c	datetime	datetime	YES		N	N					日期/时间字段（基于字段名推断）	htdocs/install/mysql/tables/llx_ecm_files.sql	40
llx_ecm_files	电子文档管理	21	tms	timestamp	timestamp	YES	CURRENT_TIMESTAMP	N	N					最后修改时间戳	htdocs/install/mysql/tables/llx_ecm_files.sql	41
llx_ecm_files	电子文档管理	22	fk_user_c	integer	integer	YES		N	N					外部关联 ID（具体目标以外键或业务代码为准）（基于字段名推断）	htdocs/install/mysql/tables/llx_ecm_files.sql	42
llx_ecm_files	电子文档管理	23	fk_user_m	integer	integer	YES		N	N					外部关联 ID（具体目标以外键或业务代码为准）（基于字段名推断）	htdocs/install/mysql/tables/llx_ecm_files.sql	43
llx_ecm_files	电子文档管理	24	note_private	text	text	YES		N	N					内部备注	htdocs/install/mysql/tables/llx_ecm_files.sql	44
llx_ecm_files	电子文档管理	25	note_public	text	text	YES		N	N					公开备注	htdocs/install/mysql/tables/llx_ecm_files.sql	45
llx_ecm_files	电子文档管理	26	acl	text	text	YES		N	N				for future permission 'per file'	字段 acl；源码注释：for future permission 'per file'	htdocs/install/mysql/tables/llx_ecm_files.sql	46
llx_ecm_files	电子文档管理	27	geolat	double(24,8)	double	YES	NULL	N	N					日期/时间字段（基于字段名推断）	htdocs/install/mysql/tables/llx_ecm_files.sql	47
llx_ecm_files	电子文档管理	28	geolong	double(24,8)	double	YES	NULL	N	N					字段 geolong（基于字段名推断）	htdocs/install/mysql/tables/llx_ecm_files.sql	48
llx_ecm_files	电子文档管理	29	geopoint	point	point	YES	NULL	N	N					字段 geopoint（基于字段名推断）	htdocs/install/mysql/tables/llx_ecm_files.sql	49
llx_ecm_files	电子文档管理	30	georesultcode	varchar(16)	varchar	YES		N	N					代码/参考号字段（基于字段名推断）	htdocs/install/mysql/tables/llx_ecm_files.sql	50
llx_ecm_files_extrafields	电子文档管理	1	rowid	integer	integer	NO		Y	Y	PRIMARY	PRIMARY			主键行标识；通常为自增整数	htdocs/install/mysql/tables/llx_ecm_files_extrafields.sql	21
llx_ecm_files_extrafields	电子文档管理	2	tms	timestamp	timestamp	YES	CURRENT_TIMESTAMP	N	N					最后修改时间戳	htdocs/install/mysql/tables/llx_ecm_files_extrafields.sql	22
llx_ecm_files_extrafields	电子文档管理	3	fk_object	integer	integer	NO		N	N	uk_ecm_files_extrafields	uk_ecm_files_extrafields			外部关联 ID（具体目标以外键或业务代码为准）（基于字段名推断）	htdocs/install/mysql/tables/llx_ecm_files_extrafields.sql	23
llx_ecm_files_extrafields	电子文档管理	4	import_key	varchar(14)	varchar	YES		N	N				import key	导入批次/外部导入键；源码注释：import key	htdocs/install/mysql/tables/llx_ecm_files_extrafields.sql	24
llx_element_categorie	分类	1	rowid	integer	integer	NO		Y	Y	PRIMARY	PRIMARY			主键行标识；通常为自增整数	htdocs/install/mysql/tables/llx_element_categorie.sql	21
llx_element_categorie	分类	2	fk_categorie	integer	integer	NO		N	N	idx_element_categorie_idx, idx_element_categorie_fk_categorie	idx_element_categorie_idx	llx_categorie.rowid		外部关联 ID（具体目标以外键或业务代码为准）（基于字段名推断）	htdocs/install/mysql/tables/llx_element_categorie.sql	22
llx_element_categorie	分类	3	fk_element	integer	integer	NO		N	N	idx_element_categorie_idx	idx_element_categorie_idx			外部关联 ID（具体目标以外键或业务代码为准）（基于字段名推断）	htdocs/install/mysql/tables/llx_element_categorie.sql	23
llx_element_categorie	分类	4	import_key	varchar(14)	varchar	YES		N	N					导入批次/外部导入键	htdocs/install/mysql/tables/llx_element_categorie.sql	24
llx_element_contact	通用关系	1	rowid	integer	integer	NO		Y	Y	PRIMARY	PRIMARY			主键行标识；通常为自增整数	htdocs/install/mysql/tables/llx_element_contact.sql	23
llx_element_contact	通用关系	2	datecreate	datetime	datetime	YES		N	N				date of creation of record	日期/时间字段；源码注释：date of creation of record	htdocs/install/mysql/tables/llx_element_contact.sql	24
llx_element_contact	通用关系	3	statut	smallint	smallint	YES	5	N	N				5 disabled, 4 enabled	状态标识；源码注释：5 disabled, 4 enabled	htdocs/install/mysql/tables/llx_element_contact.sql	25
llx_element_contact	通用关系	4	element_id	int	int	NO		N	N	idx_element_contact_idx1	idx_element_contact_idx1		ID of element.	字段 element_id；源码注释：ID of element.	htdocs/install/mysql/tables/llx_element_contact.sql	27
llx_element_contact	通用关系	5	mandatory_signature	tinyint	tinyint	YES		N	N				1=Indicate that signature is mandatory for this contact on the objet	字段 mandatory_signature；源码注释：1=Indicate that signature is mandatory for this contact on the objet	htdocs/install/mysql/tables/llx_element_contact.sql	28
llx_element_contact	通用关系	6	fk_c_type_contact	int	int	NO		N	N	idx_element_contact_idx1	idx_element_contact_idx1	llx_c_type_contact.rowid	nature of contact.	外部关联 ID（具体目标以外键或业务代码为准）；源码注释：nature of contact.	htdocs/install/mysql/tables/llx_element_contact.sql	29
llx_element_contact	通用关系	7	fk_socpeople	integer	integer	NO		N	N	idx_element_contact_idx1, idx_element_contact_fk_socpeople	idx_element_contact_idx1		ID of contact	关联第三方联系人 ID；源码注释：ID of contact	htdocs/install/mysql/tables/llx_element_contact.sql	30
llx_element_element	通用关系	1	rowid	integer	integer	NO		Y	Y	PRIMARY	PRIMARY			主键行标识；通常为自增整数	htdocs/install/mysql/tables/llx_element_element.sql	25
llx_element_element	通用关系	2	fk_source	integer	integer	NO		N	N	idx_element_element_idx1	idx_element_element_idx1			外部关联 ID（具体目标以外键或业务代码为准）（基于字段名推断）	htdocs/install/mysql/tables/llx_element_element.sql	26
llx_element_element	通用关系	3	sourcetype	varchar(64)	varchar	NO		N	N	idx_element_element_idx1	idx_element_element_idx1			字段 sourcetype（基于字段名推断）	htdocs/install/mysql/tables/llx_element_element.sql	27
llx_element_element	通用关系	4	fk_target	integer	integer	NO		N	N	idx_element_element_idx1, idx_element_element_fk_target	idx_element_element_idx1			外部关联 ID（具体目标以外键或业务代码为准）（基于字段名推断）	htdocs/install/mysql/tables/llx_element_element.sql	28
llx_element_element	通用关系	5	targettype	varchar(64)	varchar	NO		N	N	idx_element_element_idx1	idx_element_element_idx1			字段 targettype（基于字段名推断）	htdocs/install/mysql/tables/llx_element_element.sql	29
llx_element_element	通用关系	6	relationtype	varchar(64)	varchar	YES	NULL	N	N					字段 relationtype（基于字段名推断）	htdocs/install/mysql/tables/llx_element_element.sql	30
llx_element_element	通用关系	7	fk_user_creat	integer	integer	YES		N	N				User id making creation	创建人用户 ID；源码注释：User id making creation	htdocs/install/mysql/tables/llx_element_element.sql	31
llx_element_element	通用关系	8	date_creation	datetime	datetime	YES		N	N				Creation date	日期/时间字段；源码注释：Creation date	htdocs/install/mysql/tables/llx_element_element.sql	32
llx_element_element	通用关系	9	fk_user_modif	integer	integer	YES		N	N				User id making last change	最后修改人用户 ID；源码注释：User id making last change	htdocs/install/mysql/tables/llx_element_element.sql	33
llx_element_element	通用关系	10	tms	timestamp	timestamp	YES	CURRENT_TIMESTAMP	N	N				Last modification date	最后修改时间戳；源码注释：Last modification date	htdocs/install/mysql/tables/llx_element_element.sql	34
llx_element_resources	通用关系	1	rowid	integer	integer	NO		Y	Y	PRIMARY	PRIMARY			主键行标识；通常为自增整数	htdocs/install/mysql/tables/llx_element_resources.sql	22
llx_element_resources	通用关系	2	element_id	integer	integer	YES		N	N	idx_element_resources_idx1, idx_element_element_element_id	idx_element_resources_idx1			字段 element_id（基于字段名推断）	htdocs/install/mysql/tables/llx_element_resources.sql	23
llx_element_resources	通用关系	3	element_type	varchar(64)	varchar	YES		N	N	idx_element_resources_idx1	idx_element_resources_idx1			字段 element_type（基于字段名推断）	htdocs/install/mysql/tables/llx_element_resources.sql	24
llx_element_resources	通用关系	4	resource_id	integer	integer	YES		N	N	idx_element_resources_idx1	idx_element_resources_idx1		id of resource or id of user	字段 resource_id；源码注释：id of resource or id of user	htdocs/install/mysql/tables/llx_element_resources.sql	25
llx_element_resources	通用关系	5	resource_type	varchar(64)	varchar	YES		N	N	idx_element_resources_idx1	idx_element_resources_idx1		resource or user	字段 resource_type；源码注释：resource or user	htdocs/install/mysql/tables/llx_element_resources.sql	26
llx_element_resources	通用关系	6	busy	integer	integer	YES		N	N					字段 busy（基于字段名推断）	htdocs/install/mysql/tables/llx_element_resources.sql	27
llx_element_resources	通用关系	7	mandatory	integer	integer	YES		N	N					字段 mandatory（基于字段名推断）	htdocs/install/mysql/tables/llx_element_resources.sql	28
llx_element_resources	通用关系	8	duree	real	real	YES		N	N				total duration of using ressource	字段 duree；源码注释：total duration of using ressource	htdocs/install/mysql/tables/llx_element_resources.sql	29
llx_element_resources	通用关系	9	fk_user_create	integer	integer	YES		N	N					外部关联 ID（具体目标以外键或业务代码为准）（基于字段名推断）	htdocs/install/mysql/tables/llx_element_resources.sql	30
llx_element_resources	通用关系	10	tms	timestamp	timestamp	YES	CURRENT_TIMESTAMP	N	N					最后修改时间戳	htdocs/install/mysql/tables/llx_element_resources.sql	31
llx_element_time	通用关系	1	rowid	integer	integer	NO		Y	Y	PRIMARY	PRIMARY			主键行标识；通常为自增整数	htdocs/install/mysql/tables/llx_element_time.sql	19
llx_element_time	通用关系	2	ref_ext	varchar(32)	varchar	YES		N	N				reference into an external system (not used by dolibarr)	代码/参考号字段；源码注释：reference into an external system (not used by dolibarr)	htdocs/install/mysql/tables/llx_element_time.sql	20
llx_element_time	通用关系	3	fk_element	integer	integer	NO		N	N	idx_element_time_task				外部关联 ID（具体目标以外键或业务代码为准）（基于字段名推断）	htdocs/install/mysql/tables/llx_element_time.sql	21
llx_element_time	通用关系	4	elementtype	varchar(32)	varchar	NO		N	N					字段 elementtype（基于字段名推断）	htdocs/install/mysql/tables/llx_element_time.sql	22
llx_element_time	通用关系	5	element_date	date	date	YES		N	N	idx_element_time_date				日期/时间字段（基于字段名推断）	htdocs/install/mysql/tables/llx_element_time.sql	23
llx_element_time	通用关系	6	element_datehour	datetime	datetime	YES		N	N	idx_element_time_datehour				日期/时间字段（基于字段名推断）	htdocs/install/mysql/tables/llx_element_time.sql	24
llx_element_time	通用关系	7	element_date_withhour	integer	integer	YES		N	N					日期/时间字段（基于字段名推断）	htdocs/install/mysql/tables/llx_element_time.sql	25
llx_element_time	通用关系	8	element_duration	double	double	YES		N	N					比例/百分比字段（基于字段名推断）	htdocs/install/mysql/tables/llx_element_time.sql	26
llx_element_time	通用关系	9	fk_product	integer	integer	YES		N	N					关联产品/服务 ID	htdocs/install/mysql/tables/llx_element_time.sql	27
llx_element_time	通用关系	10	fk_user	integer	integer	YES		N	N					外部关联 ID（具体目标以外键或业务代码为准）（基于字段名推断）	htdocs/install/mysql/tables/llx_element_time.sql	28
llx_element_time	通用关系	11	thm	double(24,8)	double	YES		N	N					字段 thm（基于字段名推断）	htdocs/install/mysql/tables/llx_element_time.sql	29
llx_element_time	通用关系	12	invoice_id	integer	integer	YES	NULL	N	N					字段 invoice_id（基于字段名推断）	htdocs/install/mysql/tables/llx_element_time.sql	30
llx_element_time	通用关系	13	invoice_line_id	integer	integer	YES	NULL	N	N					字段 invoice_line_id（基于字段名推断）	htdocs/install/mysql/tables/llx_element_time.sql	31
llx_element_time	通用关系	14	intervention_id	integer	integer	YES	NULL	N	N					字段 intervention_id（基于字段名推断）	htdocs/install/mysql/tables/llx_element_time.sql	32
llx_element_time	通用关系	15	intervention_line_id	integer	integer	YES	NULL	N	N					字段 intervention_line_id（基于字段名推断）	htdocs/install/mysql/tables/llx_element_time.sql	33
llx_element_time	通用关系	16	import_key	varchar(14)	varchar	YES		N	N					导入批次/外部导入键	htdocs/install/mysql/tables/llx_element_time.sql	34
llx_element_time	通用关系	17	datec	datetime	datetime	YES		N	N					创建日期/时间	htdocs/install/mysql/tables/llx_element_time.sql	35
llx_element_time	通用关系	18	tms	timestamp	timestamp	YES	CURRENT_TIMESTAMP	N	N					最后修改时间戳	htdocs/install/mysql/tables/llx_element_time.sql	36
llx_element_time	通用关系	19	note	text	text	YES		N	N					备注/说明字段（基于字段名推断）	htdocs/install/mysql/tables/llx_element_time.sql	37
llx_emailcollector_emailcollector	邮件采集	1	rowid	integer	integer	NO		Y	Y	PRIMARY	PRIMARY			主键行标识；通常为自增整数	htdocs/install/mysql/tables/llx_emailcollector_emailcollector.sql	19
llx_emailcollector_emailcollector	邮件采集	2	entity	integer	integer	NO	1	N	N	idx_emailcollector_entity, uk_emailcollector_emailcollector_ref	uk_emailcollector_emailcollector_ref			多实体/多公司隔离标识	htdocs/install/mysql/tables/llx_emailcollector_emailcollector.sql	20
llx_emailcollector_emailcollector	邮件采集	3	ref	varchar(128)	varchar	NO		N	N	uk_emailcollector_emailcollector_ref	uk_emailcollector_emailcollector_ref			业务参考号/单号	htdocs/install/mysql/tables/llx_emailcollector_emailcollector.sql	21
llx_emailcollector_emailcollector	邮件采集	4	label	varchar(255)	varchar	YES		N	N					名称或标签	htdocs/install/mysql/tables/llx_emailcollector_emailcollector.sql	22
llx_emailcollector_emailcollector	邮件采集	5	description	text	text	YES		N	N					描述	htdocs/install/mysql/tables/llx_emailcollector_emailcollector.sql	23
llx_emailcollector_emailcollector	邮件采集	6	host	varchar(255)	varchar	YES		N	N					字段 host（基于字段名推断）	htdocs/install/mysql/tables/llx_emailcollector_emailcollector.sql	24
llx_emailcollector_emailcollector	邮件采集	7	port	varchar(10)	varchar	YES	'993'	N	N					字段 port（基于字段名推断）	htdocs/install/mysql/tables/llx_emailcollector_emailcollector.sql	25
llx_emailcollector_emailcollector	邮件采集	8	hostcharset	varchar(16)	varchar	YES	'UTF-8'	N	N					字段 hostcharset（基于字段名推断）	htdocs/install/mysql/tables/llx_emailcollector_emailcollector.sql	26
llx_emailcollector_emailcollector	邮件采集	9	imap_encryption	varchar(16)	varchar	YES	'ssl'	N	N					字段 imap_encryption（基于字段名推断）	htdocs/install/mysql/tables/llx_emailcollector_emailcollector.sql	27
llx_emailcollector_emailcollector	邮件采集	10	norsh	integer	integer	YES	0	N	N					字段 norsh（基于字段名推断）	htdocs/install/mysql/tables/llx_emailcollector_emailcollector.sql	28
llx_emailcollector_emailcollector	邮件采集	11	login	varchar(128)	varchar	YES		N	N					字段 login（基于字段名推断）	htdocs/install/mysql/tables/llx_emailcollector_emailcollector.sql	29
llx_emailcollector_emailcollector	邮件采集	12	acces_type	integer	integer	YES	0	N	N					字段 acces_type（基于字段名推断）	htdocs/install/mysql/tables/llx_emailcollector_emailcollector.sql	30
llx_emailcollector_emailcollector	邮件采集	13	oauth_service	varchar(128)	varchar	YES		N	N					字段 oauth_service（基于字段名推断）	htdocs/install/mysql/tables/llx_emailcollector_emailcollector.sql	31
llx_emailcollector_emailcollector	邮件采集	14	password	varchar(128)	varchar	YES		N	N					字段 password（基于字段名推断）	htdocs/install/mysql/tables/llx_emailcollector_emailcollector.sql	32
llx_emailcollector_emailcollector	邮件采集	15	source_directory	varchar(255)	varchar	NO	'Inbox'	N	N					字段 source_directory（基于字段名推断）	htdocs/install/mysql/tables/llx_emailcollector_emailcollector.sql	33
llx_emailcollector_emailcollector	邮件采集	16	target_directory	varchar(255)	varchar	YES		N	N					字段 target_directory（基于字段名推断）	htdocs/install/mysql/tables/llx_emailcollector_emailcollector.sql	34
llx_emailcollector_emailcollector	邮件采集	17	maxemailpercollect	integer	integer	YES	100	N	N					字段 maxemailpercollect（基于字段名推断）	htdocs/install/mysql/tables/llx_emailcollector_emailcollector.sql	35
llx_emailcollector_emailcollector	邮件采集	18	datelastresult	datetime	datetime	YES		N	N					日期/时间字段（基于字段名推断）	htdocs/install/mysql/tables/llx_emailcollector_emailcollector.sql	36
llx_emailcollector_emailcollector	邮件采集	19	codelastresult	varchar(16)	varchar	YES		N	N					代码/参考号字段（基于字段名推断）	htdocs/install/mysql/tables/llx_emailcollector_emailcollector.sql	37
llx_emailcollector_emailcollector	邮件采集	20	lastresult	text	text	YES		N	N					字段 lastresult（基于字段名推断）	htdocs/install/mysql/tables/llx_emailcollector_emailcollector.sql	38
llx_emailcollector_emailcollector	邮件采集	21	datelastok	datetime	datetime	YES		N	N					日期/时间字段（基于字段名推断）	htdocs/install/mysql/tables/llx_emailcollector_emailcollector.sql	39
llx_emailcollector_emailcollector	邮件采集	22	note_public	text	text	YES		N	N					公开备注	htdocs/install/mysql/tables/llx_emailcollector_emailcollector.sql	40
llx_emailcollector_emailcollector	邮件采集	23	note_private	text	text	YES		N	N					内部备注	htdocs/install/mysql/tables/llx_emailcollector_emailcollector.sql	41
llx_emailcollector_emailcollector	邮件采集	24	date_creation	datetime	datetime	NO		N	N					日期/时间字段（基于字段名推断）	htdocs/install/mysql/tables/llx_emailcollector_emailcollector.sql	42
llx_emailcollector_emailcollector	邮件采集	25	tms	timestamp	timestamp	YES	CURRENT_TIMESTAMP	N	N					最后修改时间戳	htdocs/install/mysql/tables/llx_emailcollector_emailcollector.sql	43
llx_emailcollector_emailcollector	邮件采集	26	fk_user_creat	integer	integer	NO		N	N					创建人用户 ID	htdocs/install/mysql/tables/llx_emailcollector_emailcollector.sql	44
llx_emailcollector_emailcollector	邮件采集	27	fk_user_modif	integer	integer	YES		N	N					最后修改人用户 ID	htdocs/install/mysql/tables/llx_emailcollector_emailcollector.sql	45
llx_emailcollector_emailcollector	邮件采集	28	position	INTEGER	integer	NO	0	N	N					字段 position（基于字段名推断）	htdocs/install/mysql/tables/llx_emailcollector_emailcollector.sql	46
llx_emailcollector_emailcollector	邮件采集	29	import_key	varchar(14)	varchar	YES		N	N					导入批次/外部导入键	htdocs/install/mysql/tables/llx_emailcollector_emailcollector.sql	47
llx_emailcollector_emailcollector	邮件采集	30	status	integer	integer	NO		N	N	idx_emailcollector_status				状态标识	htdocs/install/mysql/tables/llx_emailcollector_emailcollector.sql	48
llx_emailcollector_emailcollectoraction	邮件采集	1	rowid	integer	integer	NO		Y	Y	PRIMARY	PRIMARY			主键行标识；通常为自增整数	htdocs/install/mysql/tables/llx_emailcollector_emailcollectoraction.sql	19
llx_emailcollector_emailcollectoraction	邮件采集	2	fk_emailcollector	INTEGER	integer	NO		N	N	idx_emailcollector_fk_emailcollector, uk_emailcollector_emailcollectoraction	uk_emailcollector_emailcollectoraction	llx_emailcollector_emailcollector.rowid		外部关联 ID（具体目标以外键或业务代码为准）（基于字段名推断）	htdocs/install/mysql/tables/llx_emailcollector_emailcollectoraction.sql	20
llx_emailcollector_emailcollectoraction	邮件采集	3	type	varchar(128)	varchar	NO		N	N	uk_emailcollector_emailcollectoraction	uk_emailcollector_emailcollectoraction			字段 type（基于字段名推断）	htdocs/install/mysql/tables/llx_emailcollector_emailcollectoraction.sql	21
llx_emailcollector_emailcollectoraction	邮件采集	4	actionparam	text	text	YES		N	N					扩展参数/结构化文本（基于字段名推断）	htdocs/install/mysql/tables/llx_emailcollector_emailcollectoraction.sql	22
llx_emailcollector_emailcollectoraction	邮件采集	5	date_creation	datetime	datetime	NO		N	N					日期/时间字段（基于字段名推断）	htdocs/install/mysql/tables/llx_emailcollector_emailcollectoraction.sql	23
llx_emailcollector_emailcollectoraction	邮件采集	6	tms	timestamp	timestamp	YES	CURRENT_TIMESTAMP	N	N					最后修改时间戳	htdocs/install/mysql/tables/llx_emailcollector_emailcollectoraction.sql	24
llx_emailcollector_emailcollectoraction	邮件采集	7	fk_user_creat	integer	integer	NO		N	N					创建人用户 ID	htdocs/install/mysql/tables/llx_emailcollector_emailcollectoraction.sql	25
llx_emailcollector_emailcollectoraction	邮件采集	8	fk_user_modif	integer	integer	YES		N	N					最后修改人用户 ID	htdocs/install/mysql/tables/llx_emailcollector_emailcollectoraction.sql	26
llx_emailcollector_emailcollectoraction	邮件采集	9	position	integer	integer	YES	0	N	N					字段 position（基于字段名推断）	htdocs/install/mysql/tables/llx_emailcollector_emailcollectoraction.sql	27
llx_emailcollector_emailcollectoraction	邮件采集	10	import_key	varchar(14)	varchar	YES		N	N					导入批次/外部导入键	htdocs/install/mysql/tables/llx_emailcollector_emailcollectoraction.sql	28
llx_emailcollector_emailcollectoraction	邮件采集	11	status	integer	integer	NO		N	N					状态标识	htdocs/install/mysql/tables/llx_emailcollector_emailcollectoraction.sql	29
llx_emailcollector_emailcollectorfilter	邮件采集	1	rowid	integer	integer	NO		Y	Y	PRIMARY	PRIMARY			主键行标识；通常为自增整数	htdocs/install/mysql/tables/llx_emailcollector_emailcollectorfilter.sql	19
llx_emailcollector_emailcollectorfilter	邮件采集	2	fk_emailcollector	INTEGER	integer	NO		N	N	idx_emailcollector_fk_emailcollector, uk_emailcollector_emailcollectorfilter	uk_emailcollector_emailcollectorfilter	llx_emailcollector_emailcollector.rowid		外部关联 ID（具体目标以外键或业务代码为准）（基于字段名推断）	htdocs/install/mysql/tables/llx_emailcollector_emailcollectorfilter.sql	20
llx_emailcollector_emailcollectorfilter	邮件采集	3	type	varchar(128)	varchar	NO		N	N	uk_emailcollector_emailcollectorfilter	uk_emailcollector_emailcollectorfilter			字段 type（基于字段名推断）	htdocs/install/mysql/tables/llx_emailcollector_emailcollectorfilter.sql	21
llx_emailcollector_emailcollectorfilter	邮件采集	4	rulevalue	varchar(128)	varchar	YES		N	N	uk_emailcollector_emailcollectorfilter	uk_emailcollector_emailcollectorfilter			字段 rulevalue（基于字段名推断）	htdocs/install/mysql/tables/llx_emailcollector_emailcollectorfilter.sql	22
llx_emailcollector_emailcollectorfilter	邮件采集	5	date_creation	datetime	datetime	NO		N	N					日期/时间字段（基于字段名推断）	htdocs/install/mysql/tables/llx_emailcollector_emailcollectorfilter.sql	23
llx_emailcollector_emailcollectorfilter	邮件采集	6	tms	timestamp	timestamp	YES	CURRENT_TIMESTAMP	N	N					最后修改时间戳	htdocs/install/mysql/tables/llx_emailcollector_emailcollectorfilter.sql	24
llx_emailcollector_emailcollectorfilter	邮件采集	7	fk_user_creat	integer	integer	NO		N	N					创建人用户 ID	htdocs/install/mysql/tables/llx_emailcollector_emailcollectorfilter.sql	25
llx_emailcollector_emailcollectorfilter	邮件采集	8	fk_user_modif	integer	integer	YES		N	N					最后修改人用户 ID	htdocs/install/mysql/tables/llx_emailcollector_emailcollectorfilter.sql	26
llx_emailcollector_emailcollectorfilter	邮件采集	9	import_key	varchar(14)	varchar	YES		N	N					导入批次/外部导入键	htdocs/install/mysql/tables/llx_emailcollector_emailcollectorfilter.sql	27
llx_emailcollector_emailcollectorfilter	邮件采集	10	status	integer	integer	NO		N	N					状态标识	htdocs/install/mysql/tables/llx_emailcollector_emailcollectorfilter.sql	28
llx_entrepot	库存	1	rowid	integer	integer	NO		Y	Y	PRIMARY	PRIMARY			主键行标识；通常为自增整数	htdocs/install/mysql/tables/llx_entrepot.sql	23
llx_entrepot	库存	2	ref	varchar(255)	varchar	NO		N	N	uk_entrepot_label	uk_entrepot_label			业务参考号/单号	htdocs/install/mysql/tables/llx_entrepot.sql	24
llx_entrepot	库存	3	datec	datetime	datetime	YES		N	N					创建日期/时间	htdocs/install/mysql/tables/llx_entrepot.sql	25
llx_entrepot	库存	4	tms	timestamp	timestamp	YES	CURRENT_TIMESTAMP	N	N					最后修改时间戳	htdocs/install/mysql/tables/llx_entrepot.sql	26
llx_entrepot	库存	5	entity	integer	integer	NO	1	N	N	uk_entrepot_label	uk_entrepot_label		multi company id	多实体/多公司隔离标识；源码注释：multi company id	htdocs/install/mysql/tables/llx_entrepot.sql	27
llx_entrepot	库存	6	fk_project	integer	integer	YES	NULL	N	N				project associated to warehouse if any	关联项目 ID；源码注释：project associated to warehouse if any	htdocs/install/mysql/tables/llx_entrepot.sql	28
llx_entrepot	库存	7	description	text	text	YES		N	N					描述	htdocs/install/mysql/tables/llx_entrepot.sql	29
llx_entrepot	库存	8	lieu	varchar(64)	varchar	YES		N	N				resume lieu situation	字段 lieu；源码注释：resume lieu situation	htdocs/install/mysql/tables/llx_entrepot.sql	30
llx_entrepot	库存	9	address	varchar(255)	varchar	YES		N	N					地址	htdocs/install/mysql/tables/llx_entrepot.sql	31
llx_entrepot	库存	10	zip	varchar(10)	varchar	YES		N	N					邮政编码	htdocs/install/mysql/tables/llx_entrepot.sql	32
llx_entrepot	库存	11	town	varchar(50)	varchar	YES		N	N					城市/城镇	htdocs/install/mysql/tables/llx_entrepot.sql	33
llx_entrepot	库存	12	fk_departement	integer	integer	YES		N	N					外部关联 ID（具体目标以外键或业务代码为准）（基于字段名推断）	htdocs/install/mysql/tables/llx_entrepot.sql	34
llx_entrepot	库存	13	fk_pays	integer	integer	YES	0	N	N					外部关联 ID（具体目标以外键或业务代码为准）（基于字段名推断）	htdocs/install/mysql/tables/llx_entrepot.sql	35
llx_entrepot	库存	14	phone	varchar(30)	varchar	YES		N	N				phone number	电话；源码注释：phone number	htdocs/install/mysql/tables/llx_entrepot.sql	36
llx_entrepot	库存	15	fax	varchar(30)	varchar	YES		N	N				fax number	字段 fax；源码注释：fax number	htdocs/install/mysql/tables/llx_entrepot.sql	37
llx_entrepot	库存	16	barcode	varchar(180)	varchar	YES	NULL	N	N				barcode	代码/参考号字段；源码注释：barcode	htdocs/install/mysql/tables/llx_entrepot.sql	38
llx_entrepot	库存	17	fk_barcode_type	integer	integer	YES	NULL	N	N				barcode type	外部关联 ID（具体目标以外键或业务代码为准）；源码注释：barcode type	htdocs/install/mysql/tables/llx_entrepot.sql	39
llx_entrepot	库存	18	warehouse_usage	integer	integer	YES	1	N	N				1=internal, 2=external (virtual warehouse or stock out of company). Need STOCK_USE_WAREHOUSE_USAGE opton.	字段 warehouse_usage；源码注释：1=internal, 2=external (virtual warehouse or stock out of company). Need STOCK_USE_WAREHOUSE_USAGE opton.	htdocs/install/mysql/tables/llx_entrepot.sql	40
llx_entrepot	库存	19	statut	tinyint	tinyint	YES	1	N	N				1 open, 0 close. If option ENTREPOT_EXTRA_STATUS is set, value 2 means open for internal move only/close for external mode.	状态标识；源码注释：1 open, 0 close. If option ENTREPOT_EXTRA_STATUS is set, value 2 means open for internal move only/close for external mode.	htdocs/install/mysql/tables/llx_entrepot.sql	41
llx_entrepot	库存	20	fk_user_author	integer	integer	YES		N	N					创建人/制单人用户 ID	htdocs/install/mysql/tables/llx_entrepot.sql	42
llx_entrepot	库存	21	model_pdf	varchar(255)	varchar	YES		N	N					字段 model_pdf（基于字段名推断）	htdocs/install/mysql/tables/llx_entrepot.sql	43
llx_entrepot	库存	22	import_key	varchar(14)	varchar	YES		N	N					导入批次/外部导入键	htdocs/install/mysql/tables/llx_entrepot.sql	44
llx_entrepot	库存	23	fk_parent	integer	integer	YES	0	N	N					外部关联 ID（具体目标以外键或业务代码为准）（基于字段名推断）	htdocs/install/mysql/tables/llx_entrepot.sql	45
llx_entrepot_extrafields	库存	1	rowid	integer	integer	NO		Y	Y	PRIMARY	PRIMARY			主键行标识；通常为自增整数	htdocs/install/mysql/tables/llx_entrepot_extrafields.sql	21
llx_entrepot_extrafields	库存	2	tms	timestamp	timestamp	YES	CURRENT_TIMESTAMP	N	N					最后修改时间戳	htdocs/install/mysql/tables/llx_entrepot_extrafields.sql	22
llx_entrepot_extrafields	库存	3	fk_object	integer	integer	NO		N	N	uk_entrepot_extrafields	uk_entrepot_extrafields			外部关联 ID（具体目标以外键或业务代码为准）（基于字段名推断）	htdocs/install/mysql/tables/llx_entrepot_extrafields.sql	23
llx_entrepot_extrafields	库存	4	import_key	varchar(14)	varchar	YES		N	N				import key	导入批次/外部导入键；源码注释：import key	htdocs/install/mysql/tables/llx_entrepot_extrafields.sql	24
llx_establishment	核心/系统	1	rowid	integer	integer	NO		Y	Y	PRIMARY	PRIMARY			主键行标识；通常为自增整数	htdocs/install/mysql/tables/llx_establishment.sql	23
llx_establishment	核心/系统	2	entity	integer	integer	NO	1	N	N					多实体/多公司隔离标识	htdocs/install/mysql/tables/llx_establishment.sql	24
llx_establishment	核心/系统	3	ref	varchar(30)	varchar	YES		N	N					业务参考号/单号	htdocs/install/mysql/tables/llx_establishment.sql	25
llx_establishment	核心/系统	4	label	varchar(255)	varchar	NO		N	N					名称或标签	htdocs/install/mysql/tables/llx_establishment.sql	26
llx_establishment	核心/系统	5	name	varchar(128)	varchar	YES		N	N					名称/标题字段（基于字段名推断）	htdocs/install/mysql/tables/llx_establishment.sql	27
llx_establishment	核心/系统	6	address	varchar(255)	varchar	YES		N	N					地址	htdocs/install/mysql/tables/llx_establishment.sql	28
llx_establishment	核心/系统	7	zip	varchar(25)	varchar	YES		N	N					邮政编码	htdocs/install/mysql/tables/llx_establishment.sql	29
llx_establishment	核心/系统	8	town	varchar(50)	varchar	YES		N	N					城市/城镇	htdocs/install/mysql/tables/llx_establishment.sql	30
llx_establishment	核心/系统	9	fk_state	integer	integer	YES	0	N	N					外部关联 ID（具体目标以外键或业务代码为准）（基于字段名推断）	htdocs/install/mysql/tables/llx_establishment.sql	31
llx_establishment	核心/系统	10	fk_country	integer	integer	YES	0	N	N					外部关联 ID（具体目标以外键或业务代码为准）（基于字段名推断）	htdocs/install/mysql/tables/llx_establishment.sql	32
llx_establishment	核心/系统	11	profid1	varchar(20)	varchar	YES		N	N					字段 profid1（基于字段名推断）	htdocs/install/mysql/tables/llx_establishment.sql	33
llx_establishment	核心/系统	12	profid2	varchar(20)	varchar	YES		N	N					字段 profid2（基于字段名推断）	htdocs/install/mysql/tables/llx_establishment.sql	34
llx_establishment	核心/系统	13	profid3	varchar(20)	varchar	YES		N	N					字段 profid3（基于字段名推断）	htdocs/install/mysql/tables/llx_establishment.sql	35
llx_establishment	核心/系统	14	phone	varchar(30)	varchar	YES		N	N					电话	htdocs/install/mysql/tables/llx_establishment.sql	36
llx_establishment	核心/系统	15	fk_user_author	integer	integer	NO		N	N					创建人/制单人用户 ID	htdocs/install/mysql/tables/llx_establishment.sql	37
llx_establishment	核心/系统	16	fk_user_mod	integer	integer	YES		N	N					外部关联 ID（具体目标以外键或业务代码为准）（基于字段名推断）	htdocs/install/mysql/tables/llx_establishment.sql	38
llx_establishment	核心/系统	17	datec	datetime	datetime	NO		N	N					创建日期/时间	htdocs/install/mysql/tables/llx_establishment.sql	39
llx_establishment	核心/系统	18	tms	timestamp	timestamp	NO	CURRENT_TIMESTAMP	N	N					最后修改时间戳	htdocs/install/mysql/tables/llx_establishment.sql	40
llx_establishment	核心/系统	19	status	tinyint	tinyint	YES	1	N	N					状态标识	htdocs/install/mysql/tables/llx_establishment.sql	41
llx_eventorganization_conferenceorboothattendee	活动组织	1	rowid	integer	integer	NO		Y	Y	PRIMARY, idx_eventorganization_conferenceorboothattendee_rowid	PRIMARY			主键行标识；通常为自增整数	htdocs/install/mysql/tables/llx_eventorganization_conferenceorboothattendee.sql	19
llx_eventorganization_conferenceorboothattendee	活动组织	2	ref	varchar(128)	varchar	NO		N	N	uk_eventorganization_confboothattendee	uk_eventorganization_confboothattendee			业务参考号/单号	htdocs/install/mysql/tables/llx_eventorganization_conferenceorboothattendee.sql	20
llx_eventorganization_conferenceorboothattendee	活动组织	3	fk_soc	integer	integer	YES		N	N	idx_eventorganization_conferenceorboothattendee_fk_soc				关联第三方企业 ID	htdocs/install/mysql/tables/llx_eventorganization_conferenceorboothattendee.sql	21
llx_eventorganization_conferenceorboothattendee	活动组织	4	fk_actioncomm	integer	integer	YES		N	N	idx_eventorganization_conferenceorboothattendee_fk_actioncomm, uk_eventorganization_conferenceorboothattendee	uk_eventorganization_conferenceorboothattendee			外部关联 ID（具体目标以外键或业务代码为准）（基于字段名推断）	htdocs/install/mysql/tables/llx_eventorganization_conferenceorboothattendee.sql	22
llx_eventorganization_conferenceorboothattendee	活动组织	5	fk_project	integer	integer	NO		N	N	idx_eventorganization_conferenceorboothattendee_fk_project, uk_eventorganization_conferenceorboothattendee	uk_eventorganization_conferenceorboothattendee			关联项目 ID	htdocs/install/mysql/tables/llx_eventorganization_conferenceorboothattendee.sql	23
llx_eventorganization_conferenceorboothattendee	活动组织	6	fk_invoice	integer	integer	YES		N	N					外部关联 ID（具体目标以外键或业务代码为准）（基于字段名推断）	htdocs/install/mysql/tables/llx_eventorganization_conferenceorboothattendee.sql	24
llx_eventorganization_conferenceorboothattendee	活动组织	7	email	varchar(128)	varchar	YES		N	N	idx_eventorganization_conferenceorboothattendee_email, uk_eventorganization_conferenceorboothattendee	uk_eventorganization_conferenceorboothattendee			电子邮箱	htdocs/install/mysql/tables/llx_eventorganization_conferenceorboothattendee.sql	25
llx_eventorganization_conferenceorboothattendee	活动组织	8	email_company	varchar(128)	varchar	YES		N	N					字段 email_company（基于字段名推断）	htdocs/install/mysql/tables/llx_eventorganization_conferenceorboothattendee.sql	26
llx_eventorganization_conferenceorboothattendee	活动组织	9	firstname	varchar(100)	varchar	YES		N	N					名称/标题字段（基于字段名推断）	htdocs/install/mysql/tables/llx_eventorganization_conferenceorboothattendee.sql	27
llx_eventorganization_conferenceorboothattendee	活动组织	10	lastname	varchar(100)	varchar	YES		N	N					名称/标题字段（基于字段名推断）	htdocs/install/mysql/tables/llx_eventorganization_conferenceorboothattendee.sql	28
llx_eventorganization_conferenceorboothattendee	活动组织	11	date_subscription	datetime	datetime	YES		N	N					日期/时间字段（基于字段名推断）	htdocs/install/mysql/tables/llx_eventorganization_conferenceorboothattendee.sql	29
llx_eventorganization_conferenceorboothattendee	活动组织	12	amount	double	double	YES	NULL	N	N					金额	htdocs/install/mysql/tables/llx_eventorganization_conferenceorboothattendee.sql	30
llx_eventorganization_conferenceorboothattendee	活动组织	13	note_public	text	text	YES		N	N					公开备注	htdocs/install/mysql/tables/llx_eventorganization_conferenceorboothattendee.sql	31
llx_eventorganization_conferenceorboothattendee	活动组织	14	note_private	text	text	YES		N	N					内部备注	htdocs/install/mysql/tables/llx_eventorganization_conferenceorboothattendee.sql	32
llx_eventorganization_conferenceorboothattendee	活动组织	15	date_creation	datetime	datetime	NO		N	N					日期/时间字段（基于字段名推断）	htdocs/install/mysql/tables/llx_eventorganization_conferenceorboothattendee.sql	33
llx_eventorganization_conferenceorboothattendee	活动组织	16	tms	timestamp	timestamp	YES	CURRENT_TIMESTAMP	N	N					最后修改时间戳	htdocs/install/mysql/tables/llx_eventorganization_conferenceorboothattendee.sql	34
llx_eventorganization_conferenceorboothattendee	活动组织	17	fk_user_creat	integer	integer	YES		N	N					创建人用户 ID	htdocs/install/mysql/tables/llx_eventorganization_conferenceorboothattendee.sql	35
llx_eventorganization_conferenceorboothattendee	活动组织	18	fk_user_modif	integer	integer	YES		N	N					最后修改人用户 ID	htdocs/install/mysql/tables/llx_eventorganization_conferenceorboothattendee.sql	36
llx_eventorganization_conferenceorboothattendee	活动组织	19	last_main_doc	varchar(255)	varchar	YES		N	N					字段 last_main_doc（基于字段名推断）	htdocs/install/mysql/tables/llx_eventorganization_conferenceorboothattendee.sql	37
llx_eventorganization_conferenceorboothattendee	活动组织	20	ip	varchar(250)	varchar	YES		N	N				ip used to create record (for public submission page)	字段 ip；源码注释：ip used to create record (for public submission page)	htdocs/install/mysql/tables/llx_eventorganization_conferenceorboothattendee.sql	38
llx_eventorganization_conferenceorboothattendee	活动组织	21	import_key	varchar(14)	varchar	YES		N	N					导入批次/外部导入键	htdocs/install/mysql/tables/llx_eventorganization_conferenceorboothattendee.sql	39
llx_eventorganization_conferenceorboothattendee	活动组织	22	model_pdf	varchar(255)	varchar	YES		N	N					字段 model_pdf（基于字段名推断）	htdocs/install/mysql/tables/llx_eventorganization_conferenceorboothattendee.sql	40
llx_eventorganization_conferenceorboothattendee	活动组织	23	status	smallint	smallint	NO		N	N	idx_eventorganization_conferenceorboothattendee_status				状态标识	htdocs/install/mysql/tables/llx_eventorganization_conferenceorboothattendee.sql	41
llx_eventorganization_conferenceorboothattendee	活动组织	24	fk_replacement	integer	integer	YES		N	N	uk_eventorganization_confboothattendee_replacement	uk_eventorganization_confboothattendee_replacement			外部关联 ID（具体目标以外键或业务代码为准）（基于字段名推断）	htdocs/install/mysql/tables/llx_eventorganization_conferenceorboothattendee.sql	42
llx_eventorganization_conferenceorboothattendee_extrafields	活动组织	1	rowid	integer	integer	NO		Y	Y	PRIMARY	PRIMARY			主键行标识；通常为自增整数	htdocs/install/mysql/tables/llx_eventorganization_conferenceorboothattendee_extrafields.sql	18
llx_eventorganization_conferenceorboothattendee_extrafields	活动组织	2	tms	timestamp	timestamp	YES	CURRENT_TIMESTAMP	N	N					最后修改时间戳	htdocs/install/mysql/tables/llx_eventorganization_conferenceorboothattendee_extrafields.sql	19
llx_eventorganization_conferenceorboothattendee_extrafields	活动组织	3	fk_object	integer	integer	NO		N	N	uk_conferenceorboothattendee_fk_object	uk_conferenceorboothattendee_fk_object			外部关联 ID（具体目标以外键或业务代码为准）（基于字段名推断）	htdocs/install/mysql/tables/llx_eventorganization_conferenceorboothattendee_extrafields.sql	20
llx_eventorganization_conferenceorboothattendee_extrafields	活动组织	4	import_key	varchar(14)	varchar	YES		N	N				import key	导入批次/外部导入键；源码注释：import key	htdocs/install/mysql/tables/llx_eventorganization_conferenceorboothattendee_extrafields.sql	21
llx_events	核心/系统	1	rowid	integer	integer	NO		Y	Y	PRIMARY	PRIMARY			主键行标识；通常为自增整数	htdocs/install/mysql/tables/llx_events.sql	26
llx_events	核心/系统	2	tms	timestamp	timestamp	YES	CURRENT_TIMESTAMP	N	N				last modification date	最后修改时间戳；源码注释：last modification date	htdocs/install/mysql/tables/llx_events.sql	27
llx_events	核心/系统	3	type	varchar(32)	varchar	NO		N	N				action type	字段 type；源码注释：action type	htdocs/install/mysql/tables/llx_events.sql	28
llx_events	核心/系统	4	entity	integer	integer	NO	1	N	N				multi company id	多实体/多公司隔离标识；源码注释：multi company id	htdocs/install/mysql/tables/llx_events.sql	29
llx_events	核心/系统	5	prefix_session	varchar(255)	varchar	YES		N	N				prefix of session, obtained with dol_getprefix	字段 prefix_session；源码注释：prefix of session, obtained with dol_getprefix	htdocs/install/mysql/tables/llx_events.sql	30
llx_events	核心/系统	6	dateevent	datetime	datetime	YES		N	N	idx_events_dateevent			date event	日期/时间字段；源码注释：date event	htdocs/install/mysql/tables/llx_events.sql	31
llx_events	核心/系统	7	fk_user	integer	integer	YES		N	N				id user	外部关联 ID（具体目标以外键或业务代码为准）；源码注释：id user	htdocs/install/mysql/tables/llx_events.sql	32
llx_events	核心/系统	8	description	varchar(250)	varchar	NO		N	N				full description of action	描述；源码注释：full description of action	htdocs/install/mysql/tables/llx_events.sql	33
llx_events	核心/系统	9	ip	varchar(250)	varchar	NO		N	N				ip (must contains ip v4 and v6 or dns names)	字段 ip；源码注释：ip (must contains ip v4 and v6 or dns names)	htdocs/install/mysql/tables/llx_events.sql	34
llx_events	核心/系统	10	user_agent	varchar(255)	varchar	YES		N	N				user agent	字段 user_agent；源码注释：user agent	htdocs/install/mysql/tables/llx_events.sql	35
llx_events	核心/系统	11	fk_object	integer	integer	YES		N	N				id of related object	外部关联 ID（具体目标以外键或业务代码为准）；源码注释：id of related object	htdocs/install/mysql/tables/llx_events.sql	36
llx_events	核心/系统	12	authentication_method	varchar(64)	varchar	YES		N	N				type of authentication mode used if internal login event	字段 authentication_method；源码注释：type of authentication mode used if internal login event	htdocs/install/mysql/tables/llx_events.sql	37
llx_events	核心/系统	13	fk_oauth_token	integer	integer	YES		N	N				id in oauth_token if internal login event done using an oauth_token	外部关联 ID（具体目标以外键或业务代码为准）；源码注释：id in oauth_token if internal login event done using an oauth_token	htdocs/install/mysql/tables/llx_events.sql	38
llx_expedition	发货	1	rowid	integer	integer	NO		Y	Y	PRIMARY	PRIMARY			主键行标识；通常为自增整数	htdocs/install/mysql/tables/llx_expedition.sql	25
llx_expedition	发货	2	tms	timestamp	timestamp	YES	CURRENT_TIMESTAMP	N	N					最后修改时间戳	htdocs/install/mysql/tables/llx_expedition.sql	26
llx_expedition	发货	3	ref	varchar(30)	varchar	NO		N	N	idx_expedition_uk_ref	idx_expedition_uk_ref			业务参考号/单号	htdocs/install/mysql/tables/llx_expedition.sql	27
llx_expedition	发货	4	entity	integer	integer	NO	1	N	N	idx_expedition_uk_ref	idx_expedition_uk_ref		multi company id	多实体/多公司隔离标识；源码注释：multi company id	htdocs/install/mysql/tables/llx_expedition.sql	28
llx_expedition	发货	5	fk_soc	integer	integer	NO		N	N	idx_expedition_fk_soc		llx_societe.rowid		关联第三方企业 ID	htdocs/install/mysql/tables/llx_expedition.sql	29
llx_expedition	发货	6	fk_projet	integer	integer	YES	NULL	N	N					关联项目 ID	htdocs/install/mysql/tables/llx_expedition.sql	30
llx_expedition	发货	7	ref_ext	varchar(255)	varchar	YES		N	N				reference into an external system (not used by dolibarr)	代码/参考号字段；源码注释：reference into an external system (not used by dolibarr)	htdocs/install/mysql/tables/llx_expedition.sql	32
llx_expedition	发货	8	ref_customer	varchar(255)	varchar	YES		N	N				customer number	代码/参考号字段；源码注释：customer number	htdocs/install/mysql/tables/llx_expedition.sql	33
llx_expedition	发货	9	date_creation	datetime	datetime	YES		N	N				date of creation	日期/时间字段；源码注释：date of creation	htdocs/install/mysql/tables/llx_expedition.sql	34
llx_expedition	发货	10	fk_user_author	integer	integer	YES		N	N	idx_expedition_fk_user_author		llx_user.rowid	author of creation	创建人/制单人用户 ID；源码注释：author of creation	htdocs/install/mysql/tables/llx_expedition.sql	35
llx_expedition	发货	11	fk_user_modif	integer	integer	YES		N	N				author of last change	最后修改人用户 ID；源码注释：author of last change	htdocs/install/mysql/tables/llx_expedition.sql	36
llx_expedition	发货	12	date_valid	datetime	datetime	YES		N	N				date of validation	审核/生效日期；源码注释：date of validation	htdocs/install/mysql/tables/llx_expedition.sql	37
llx_expedition	发货	13	fk_user_valid	integer	integer	YES		N	N	idx_expedition_fk_user_valid		llx_user.rowid	user that validate	审核/验证人用户 ID；源码注释：user that validate	htdocs/install/mysql/tables/llx_expedition.sql	38
llx_expedition	发货	14	date_delivery	datetime	datetime	YES	NULL	N	N				date planned of delivery	日期/时间字段；源码注释：date planned of delivery	htdocs/install/mysql/tables/llx_expedition.sql	39
llx_expedition	发货	15	date_expedition	datetime	datetime	YES		N	N				date real shipment (to implement)	日期/时间字段；源码注释：date real shipment (to implement)	htdocs/install/mysql/tables/llx_expedition.sql	40
llx_expedition	发货	16	fk_address	integer	integer	YES	NULL	N	N				delivery address (deprecated)	外部关联 ID（具体目标以外键或业务代码为准）；源码注释：delivery address (deprecated)	htdocs/install/mysql/tables/llx_expedition.sql	41
llx_expedition	发货	17	fk_shipping_method	integer	integer	YES		N	N	idx_expedition_fk_shipping_method		llx_c_shipment_mode.rowid		外部关联 ID（具体目标以外键或业务代码为准）（基于字段名推断）	htdocs/install/mysql/tables/llx_expedition.sql	42
llx_expedition	发货	18	tracking_number	varchar(50)	varchar	YES		N	N					字段 tracking_number（基于字段名推断）	htdocs/install/mysql/tables/llx_expedition.sql	43
llx_expedition	发货	19	fk_statut	smallint	smallint	YES	0	N	N				0 = draft, 1 = validated, 2 = billed or closed depending on WORKFLOW_BILL_ON_SHIPMENT option	状态码；源码注释：0 = draft, 1 = validated, 2 = billed or closed depending on WORKFLOW_BILL_ON_SHIPMENT option	htdocs/install/mysql/tables/llx_expedition.sql	44
llx_expedition	发货	20	billed	smallint	smallint	YES	0	N	N					字段 billed（基于字段名推断）	htdocs/install/mysql/tables/llx_expedition.sql	45
llx_expedition	发货	21	height	float	float	YES		N	N				height	字段 height；源码注释：height	htdocs/install/mysql/tables/llx_expedition.sql	46
llx_expedition	发货	22	width	float	float	YES		N	N				with	字段 width；源码注释：with	htdocs/install/mysql/tables/llx_expedition.sql	47
llx_expedition	发货	23	size_units	integer	integer	YES		N	N				unit of all sizes (height, width, depth)	字段 size_units；源码注释：unit of all sizes (height, width, depth)	htdocs/install/mysql/tables/llx_expedition.sql	48
llx_expedition	发货	24	size	float	float	YES		N	N				depth	字段 size；源码注释：depth	htdocs/install/mysql/tables/llx_expedition.sql	49
llx_expedition	发货	25	weight_units	integer	integer	YES		N	N				unit of weight	字段 weight_units；源码注释：unit of weight	htdocs/install/mysql/tables/llx_expedition.sql	50
llx_expedition	发货	26	weight	float	float	YES		N	N				weight	字段 weight；源码注释：weight	htdocs/install/mysql/tables/llx_expedition.sql	51
llx_expedition	发货	27	signed_status	smallint	smallint	YES	NULL	N	N				signed status NULL, 0 or 1	字段 signed_status；源码注释：signed status NULL, 0 or 1	htdocs/install/mysql/tables/llx_expedition.sql	53
llx_expedition	发货	28	online_sign_ip	varchar(48)	varchar	YES		N	N					字段 online_sign_ip（基于字段名推断）	htdocs/install/mysql/tables/llx_expedition.sql	54
llx_expedition	发货	29	online_sign_name	varchar(64)	varchar	YES		N	N					名称/标题字段（基于字段名推断）	htdocs/install/mysql/tables/llx_expedition.sql	55
llx_expedition	发货	30	note_private	text	text	YES		N	N					内部备注	htdocs/install/mysql/tables/llx_expedition.sql	57
llx_expedition	发货	31	note_public	text	text	YES		N	N					公开备注	htdocs/install/mysql/tables/llx_expedition.sql	58
llx_expedition	发货	32	model_pdf	varchar(255)	varchar	YES		N	N					字段 model_pdf（基于字段名推断）	htdocs/install/mysql/tables/llx_expedition.sql	60
llx_expedition	发货	33	last_main_doc	varchar(255)	varchar	YES		N	N				relative filepath+filename of last main generated document	字段 last_main_doc；源码注释：relative filepath+filename of last main generated document	htdocs/install/mysql/tables/llx_expedition.sql	61
llx_expedition	发货	34	fk_incoterms	integer	integer	YES		N	N				for incoterms	外部关联 ID（具体目标以外键或业务代码为准）；源码注释：for incoterms	htdocs/install/mysql/tables/llx_expedition.sql	63
llx_expedition	发货	35	location_incoterms	varchar(255)	varchar	YES		N	N				for incoterms	字段 location_incoterms；源码注释：for incoterms	htdocs/install/mysql/tables/llx_expedition.sql	64
llx_expedition	发货	36	import_key	varchar(14)	varchar	YES		N	N				import id when line is imported	导入批次/外部导入键；源码注释：import id when line is imported	htdocs/install/mysql/tables/llx_expedition.sql	66
llx_expedition	发货	37	extraparams	varchar(255)	varchar	YES		N	N				for other parameters with json format	扩展参数/结构化文本；源码注释：for other parameters with json format	htdocs/install/mysql/tables/llx_expedition.sql	67
llx_expedition_extrafields	发货	1	rowid	integer	integer	NO		Y	Y	PRIMARY	PRIMARY			主键行标识；通常为自增整数	htdocs/install/mysql/tables/llx_expedition_extrafields.sql	21
llx_expedition_extrafields	发货	2	tms	timestamp	timestamp	YES	CURRENT_TIMESTAMP	N	N					最后修改时间戳	htdocs/install/mysql/tables/llx_expedition_extrafields.sql	22
llx_expedition_extrafields	发货	3	fk_object	integer	integer	NO		N	N	uk_expedition_extrafields	uk_expedition_extrafields			外部关联 ID（具体目标以外键或业务代码为准）（基于字段名推断）	htdocs/install/mysql/tables/llx_expedition_extrafields.sql	23
llx_expedition_extrafields	发货	4	import_key	varchar(14)	varchar	YES		N	N				import key	导入批次/外部导入键；源码注释：import key	htdocs/install/mysql/tables/llx_expedition_extrafields.sql	24
llx_expedition_package	发货	1	rowid	integer	integer	NO		Y	Y	PRIMARY	PRIMARY			主键行标识；通常为自增整数	htdocs/install/mysql/tables/llx_expedition_package.sql	4
llx_expedition_package	发货	2	fk_expedition	integer	integer	NO		N	N					外部关联 ID（具体目标以外键或业务代码为准）（基于字段名推断）	htdocs/install/mysql/tables/llx_expedition_package.sql	5
llx_expedition_package	发货	3	description	varchar(255)	varchar	YES		N	N				Description of goods in the package (required by the custom)	描述；源码注释：Description of goods in the package (required by the custom)	htdocs/install/mysql/tables/llx_expedition_package.sql	6
llx_expedition_package	发货	4	value	double(24,8)	double	YES	0	N	N				Value (Price of the content, for insurance & custom)	字段 value；源码注释：Value (Price of the content, for insurance & custom)	htdocs/install/mysql/tables/llx_expedition_package.sql	7
llx_expedition_package	发货	5	fk_package_type	integer	integer	YES		N	N				Type or package, linked to llx_c_shipment_parcel_type (eg: 1=enveloppe, 2=package, 3=palette, 4=other)	外部关联 ID（具体目标以外键或业务代码为准）；源码注释：Type or package, linked to llx_c_shipment_parcel_type (eg: 1=enveloppe, 2=package, 3=palette, 4=other)	htdocs/install/mysql/tables/llx_expedition_package.sql	8
llx_expedition_package	发货	6	height	float	float	YES		N	N				height	字段 height；源码注释：height	htdocs/install/mysql/tables/llx_expedition_package.sql	9
llx_expedition_package	发货	7	width	float	float	YES		N	N				width	字段 width；源码注释：width	htdocs/install/mysql/tables/llx_expedition_package.sql	10
llx_expedition_package	发货	8	size	float	float	YES		N	N				depth	字段 size；源码注释：depth	htdocs/install/mysql/tables/llx_expedition_package.sql	11
llx_expedition_package	发货	9	size_units	integer	integer	YES		N	N				unit of all sizes (height, width, depth)	字段 size_units；源码注释：unit of all sizes (height, width, depth)	htdocs/install/mysql/tables/llx_expedition_package.sql	12
llx_expedition_package	发货	10	weight	float	float	YES		N	N				weight	字段 weight；源码注释：weight	htdocs/install/mysql/tables/llx_expedition_package.sql	13
llx_expedition_package	发货	11	weight_units	integer	integer	YES		N	N				unit of weight	字段 weight_units；源码注释：unit of weight	htdocs/install/mysql/tables/llx_expedition_package.sql	14
llx_expedition_package	发货	12	dangerous_goods	varchar(20)	varchar	YES	'0'	N	N				(comma separated list eg : 3,5,7) 0 = no dangerous goods or 1 = Explosives, 2 = Flammable Gases, 3 = Flammable Liquids, 4 = Flammable solids, 5 = Oxidizing, 6 = Toxic & Infectious, 7 = Radioactive, 8 = Corrosives, 9 = Miscellaneous (see https://en.wikipedia.org/wiki/Dangerous_goods). I'm not sure if just register 0 (no) or 1 (yes) is enough.	字段 dangerous_goods；源码注释：(comma separated list eg : 3,5,7) 0 = no dangerous goods or 1 = Explosives, 2 = Flammable Gases, 3 = Flammable Liquids, 4 = Flammable solids, 5 = Oxidizing, 6 = Toxic & Infectious, 7 = Radioactive, 8 = Corrosives, 9 = Miscellaneous (see https://en.wikipedia.org/wiki/Dangerous_goods). I'm not sure if just register 0 (no) or 1 (yes) is enough.	htdocs/install/mysql/tables/llx_expedition_package.sql	15
llx_expedition_package	发货	13	tail_lift	smallint	smallint	YES	0	N	N				0 = no tail lift required to load/unload package(s), 1 = a tail lift is required to load/unload package(s). Sometime tail lift load can be different than tail lift delivery so maybe adding a new table line.	字段 tail_lift；源码注释：0 = no tail lift required to load/unload package(s), 1 = a tail lift is required to load/unload package(s). Sometime tail lift load can be different than tail lift delivery so maybe adding a new table line.	htdocs/install/mysql/tables/llx_expedition_package.sql	16
llx_expedition_package	发货	14	rang	integer	integer	YES	0	N	N					字段 rang（基于字段名推断）	htdocs/install/mysql/tables/llx_expedition_package.sql	17
llx_expeditiondet	发货	1	rowid	integer	integer	NO		Y	Y	PRIMARY	PRIMARY			主键行标识；通常为自增整数	htdocs/install/mysql/tables/llx_expeditiondet.sql	24
llx_expeditiondet	发货	2	fk_expedition	integer	integer	NO		N	N	idx_expeditiondet_fk_expedition		llx_expedition.rowid	ID of parent object	外部关联 ID（具体目标以外键或业务代码为准）；源码注释：ID of parent object	htdocs/install/mysql/tables/llx_expeditiondet.sql	25
llx_expeditiondet	发货	3	fk_element	integer	integer	YES		N	N				ID of main source object	外部关联 ID（具体目标以外键或业务代码为准）；源码注释：ID of main source object	htdocs/install/mysql/tables/llx_expeditiondet.sql	26
llx_expeditiondet	发货	4	fk_elementdet	integer	integer	YES		N	N	idx_expeditiondet_fk_elementdet			ID of line of source object (proposal, sale order)	外部关联 ID（具体目标以外键或业务代码为准）；源码注释：ID of line of source object (proposal, sale order)	htdocs/install/mysql/tables/llx_expeditiondet.sql	27
llx_expeditiondet	发货	5	element_type	varchar(50)	varchar	NO	'commande'	N	N				Type of source object ('commande', ...)	字段 element_type；源码注释：Type of source object ('commande', ...)	htdocs/install/mysql/tables/llx_expeditiondet.sql	28
llx_expeditiondet	发货	6	fk_product	integer	integer	YES		N	N	idx_expeditiondet_fk_product			ID of product. If empy, you can retreive it using fk_element/element_type link, but it may be empty too if line is a non predefined product line.	关联产品/服务 ID；源码注释：ID of product. If empy, you can retreive it using fk_element/element_type link, but it may be empty too if line is a non predefined product line.	htdocs/install/mysql/tables/llx_expeditiondet.sql	29
llx_expeditiondet	发货	7	fk_parent	integer	integer	YES		N	N	idx_expeditiondet_fk_parent			ID of parent line. For a hierarchy of lines.	外部关联 ID（具体目标以外键或业务代码为准）；源码注释：ID of parent line. For a hierarchy of lines.	htdocs/install/mysql/tables/llx_expeditiondet.sql	30
llx_expeditiondet	发货	8	qty	real	real	YES		N	N				Quantity	数量；源码注释：Quantity	htdocs/install/mysql/tables/llx_expeditiondet.sql	31
llx_expeditiondet	发货	9	fk_unit	integer	integer	YES		N	N				ID of unit code	外部关联 ID（具体目标以外键或业务代码为准）；源码注释：ID of unit code	htdocs/install/mysql/tables/llx_expeditiondet.sql	32
llx_expeditiondet	发货	10	fk_entrepot	integer	integer	YES		N	N				Warehouse for departure of product	外部关联 ID（具体目标以外键或业务代码为准）；源码注释：Warehouse for departure of product	htdocs/install/mysql/tables/llx_expeditiondet.sql	33
llx_expeditiondet	发货	11	description	text	text	YES		N	N				Product description/label of non origin	描述；源码注释：Product description/label of non origin	htdocs/install/mysql/tables/llx_expeditiondet.sql	34
llx_expeditiondet	发货	12	rang	integer	integer	YES	0	N	N				Position of line	字段 rang；源码注释：Position of line	htdocs/install/mysql/tables/llx_expeditiondet.sql	35
llx_expeditiondet	发货	13	extraparams	varchar(255)	varchar	YES		N	N				To save other parameters in json format	扩展参数/结构化文本；源码注释：To save other parameters in json format	htdocs/install/mysql/tables/llx_expeditiondet.sql	36
llx_expeditiondet_batch	发货	1	rowid	integer	integer	NO		Y	Y	PRIMARY	PRIMARY			主键行标识；通常为自增整数	htdocs/install/mysql/tables/llx_expeditiondet_batch.sql	21
llx_expeditiondet_batch	发货	2	fk_expeditiondet	int	int	NO		N	N	idx_fk_expeditiondet		llx_expeditiondet.rowid	line ID in shipment line table	外部关联 ID（具体目标以外键或业务代码为准）；源码注释：line ID in shipment line table	htdocs/install/mysql/tables/llx_expeditiondet_batch.sql	22
llx_expeditiondet_batch	发货	3	eatby	date	date	YES	NULL	N	N					字段 eatby（基于字段名推断）	htdocs/install/mysql/tables/llx_expeditiondet_batch.sql	23
llx_expeditiondet_batch	发货	4	sellby	date	date	YES	NULL	N	N					字段 sellby（基于字段名推断）	htdocs/install/mysql/tables/llx_expeditiondet_batch.sql	24
llx_expeditiondet_batch	发货	5	batch	varchar(128)	varchar	YES	NULL	N	N				serial/lot number	字段 batch；源码注释：serial/lot number	htdocs/install/mysql/tables/llx_expeditiondet_batch.sql	25
llx_expeditiondet_batch	发货	6	qty	double	double	NO	'0'	N	N				qty to move	数量；源码注释：qty to move	htdocs/install/mysql/tables/llx_expeditiondet_batch.sql	26
llx_expeditiondet_batch	发货	7	fk_origin_stock	integer	integer	NO		N	N				Not useful. ID into table llx_product_batch (llx_product_batch may be renamed into llx_product_stock_batch in another version). TODO We should add and use instead a fk_warehouse field	外部关联 ID（具体目标以外键或业务代码为准）；源码注释：Not useful. ID into table llx_product_batch (llx_product_batch may be renamed into llx_product_stock_batch in another version). TODO We should add and use instead a fk_warehouse field	htdocs/install/mysql/tables/llx_expeditiondet_batch.sql	27
llx_expeditiondet_batch	发货	8	fk_warehouse	integer	integer	YES	NULL	N	N				ID of warehouse to use for the stock change	关联仓库 ID；源码注释：ID of warehouse to use for the stock change	htdocs/install/mysql/tables/llx_expeditiondet_batch.sql	28
llx_expeditiondet_extrafields	发货	1	rowid	integer	integer	NO		Y	Y	PRIMARY	PRIMARY			主键行标识；通常为自增整数	htdocs/install/mysql/tables/llx_expeditiondet_extrafields.sql	21
llx_expeditiondet_extrafields	发货	2	tms	timestamp	timestamp	YES	CURRENT_TIMESTAMP	N	N					最后修改时间戳	htdocs/install/mysql/tables/llx_expeditiondet_extrafields.sql	22
llx_expeditiondet_extrafields	发货	3	fk_object	integer	integer	NO		N	N	uk_expeditiondet_extrafields	uk_expeditiondet_extrafields		object id	外部关联 ID（具体目标以外键或业务代码为准）；源码注释：object id	htdocs/install/mysql/tables/llx_expeditiondet_extrafields.sql	23
llx_expeditiondet_extrafields	发货	4	import_key	varchar(14)	varchar	YES		N	N				import key	导入批次/外部导入键；源码注释：import key	htdocs/install/mysql/tables/llx_expeditiondet_extrafields.sql	24
llx_expensereport	费用报告	1	rowid	integer	integer	NO		Y	Y	PRIMARY	PRIMARY			主键行标识；通常为自增整数	htdocs/install/mysql/tables/llx_expensereport.sql	20
llx_expensereport	费用报告	2	ref	varchar(50)	varchar	NO		N	N	idx_expensereport_uk_ref	idx_expensereport_uk_ref			业务参考号/单号	htdocs/install/mysql/tables/llx_expensereport.sql	21
llx_expensereport	费用报告	3	entity	integer	integer	NO	1	N	N	idx_expensereport_uk_ref	idx_expensereport_uk_ref		multi company id	多实体/多公司隔离标识；源码注释：multi company id	htdocs/install/mysql/tables/llx_expensereport.sql	22
llx_expensereport	费用报告	4	ref_number_int	integer	integer	YES	NULL	N	N					代码/参考号字段（基于字段名推断）	htdocs/install/mysql/tables/llx_expensereport.sql	23
llx_expensereport	费用报告	5	ref_ext	integer	integer	YES		N	N					代码/参考号字段（基于字段名推断）	htdocs/install/mysql/tables/llx_expensereport.sql	24
llx_expensereport	费用报告	6	total_ht	double(24,8)	double	YES	0	N	N					未含税总额	htdocs/install/mysql/tables/llx_expensereport.sql	25
llx_expensereport	费用报告	7	total_tva	double(24,8)	double	YES	0	N	N					税额总计	htdocs/install/mysql/tables/llx_expensereport.sql	26
llx_expensereport	费用报告	8	localtax1	double(24,8)	double	YES	0	N	N				amount total localtax1	金额、价格或税费字段；源码注释：amount total localtax1	htdocs/install/mysql/tables/llx_expensereport.sql	27
llx_expensereport	费用报告	9	localtax2	double(24,8)	double	YES	0	N	N				amount total localtax2	金额、价格或税费字段；源码注释：amount total localtax2	htdocs/install/mysql/tables/llx_expensereport.sql	28
llx_expensereport	费用报告	10	total_ttc	double(24,8)	double	YES	0	N	N					含税总额	htdocs/install/mysql/tables/llx_expensereport.sql	29
llx_expensereport	费用报告	11	date_debut	date	date	NO		N	N	idx_expensereport_date_debut				日期/时间字段（基于字段名推断）	htdocs/install/mysql/tables/llx_expensereport.sql	30
llx_expensereport	费用报告	12	date_fin	date	date	NO		N	N	idx_expensereport_date_fin				日期/时间字段（基于字段名推断）	htdocs/install/mysql/tables/llx_expensereport.sql	31
llx_expensereport	费用报告	13	date_create	datetime	datetime	NO		N	N					日期/时间字段（基于字段名推断）	htdocs/install/mysql/tables/llx_expensereport.sql	32
llx_expensereport	费用报告	14	date_valid	datetime	datetime	YES		N	N					审核/生效日期	htdocs/install/mysql/tables/llx_expensereport.sql	33
llx_expensereport	费用报告	15	date_approve	datetime	datetime	YES		N	N					日期/时间字段（基于字段名推断）	htdocs/install/mysql/tables/llx_expensereport.sql	34
llx_expensereport	费用报告	16	date_refuse	datetime	datetime	YES		N	N					日期/时间字段（基于字段名推断）	htdocs/install/mysql/tables/llx_expensereport.sql	35
llx_expensereport	费用报告	17	date_cancel	datetime	datetime	YES		N	N					日期/时间字段（基于字段名推断）	htdocs/install/mysql/tables/llx_expensereport.sql	36
llx_expensereport	费用报告	18	tms	timestamp	timestamp	YES	CURRENT_TIMESTAMP	N	N					最后修改时间戳	htdocs/install/mysql/tables/llx_expensereport.sql	37
llx_expensereport	费用报告	19	fk_user_author	integer	integer	NO		N	N	idx_expensereport_fk_user_author			not the user author but the user the expense report is for	创建人/制单人用户 ID；源码注释：not the user author but the user the expense report is for	htdocs/install/mysql/tables/llx_expensereport.sql	38
llx_expensereport	费用报告	20	fk_user_creat	integer	integer	YES	NULL	N	N				the use author	创建人用户 ID；源码注释：the use author	htdocs/install/mysql/tables/llx_expensereport.sql	39
llx_expensereport	费用报告	21	fk_user_modif	integer	integer	YES	NULL	N	N					最后修改人用户 ID	htdocs/install/mysql/tables/llx_expensereport.sql	40
llx_expensereport	费用报告	22	fk_user_valid	integer	integer	YES	NULL	N	N	idx_expensereport_fk_user_valid				审核/验证人用户 ID	htdocs/install/mysql/tables/llx_expensereport.sql	41
llx_expensereport	费用报告	23	fk_user_validator	integer	integer	YES	NULL	N	N					外部关联 ID（具体目标以外键或业务代码为准）（基于字段名推断）	htdocs/install/mysql/tables/llx_expensereport.sql	42
llx_expensereport	费用报告	24	fk_user_approve	integer	integer	YES	NULL	N	N	idx_expensereport_fk_user_approve				外部关联 ID（具体目标以外键或业务代码为准）（基于字段名推断）	htdocs/install/mysql/tables/llx_expensereport.sql	43
llx_expensereport	费用报告	25	fk_user_refuse	integer	integer	YES	NULL	N	N	idx_expensereport_fk_refuse				外部关联 ID（具体目标以外键或业务代码为准）（基于字段名推断）	htdocs/install/mysql/tables/llx_expensereport.sql	44
llx_expensereport	费用报告	26	fk_user_cancel	integer	integer	YES	NULL	N	N					外部关联 ID（具体目标以外键或业务代码为准）（基于字段名推断）	htdocs/install/mysql/tables/llx_expensereport.sql	45
llx_expensereport	费用报告	27	fk_statut	integer	integer	NO		N	N	idx_expensereport_fk_statut			1=brouillon, 2=validated (waiting approval), 4=canceled, 5=approved, 6=paid, 99=refused	状态码；源码注释：1=brouillon, 2=validated (waiting approval), 4=canceled, 5=approved, 6=paid, 99=refused	htdocs/install/mysql/tables/llx_expensereport.sql	46
llx_expensereport	费用报告	28	fk_c_paiement	integer	integer	YES	NULL	N	N				deprecated	外部关联 ID（具体目标以外键或业务代码为准）；源码注释：deprecated	htdocs/install/mysql/tables/llx_expensereport.sql	47
llx_expensereport	费用报告	29	paid	smallint	smallint	NO	0	N	N				deprecated (status is used instead)	字段 paid；源码注释：deprecated (status is used instead)	htdocs/install/mysql/tables/llx_expensereport.sql	48
llx_expensereport	费用报告	30	note_public	text	text	YES		N	N					公开备注	htdocs/install/mysql/tables/llx_expensereport.sql	49
llx_expensereport	费用报告	31	note_private	text	text	YES		N	N					内部备注	htdocs/install/mysql/tables/llx_expensereport.sql	50
llx_expensereport	费用报告	32	detail_refuse	varchar(255)	varchar	YES	NULL	N	N					字段 detail_refuse（基于字段名推断）	htdocs/install/mysql/tables/llx_expensereport.sql	51
llx_expensereport	费用报告	33	detail_cancel	varchar(255)	varchar	YES	NULL	N	N					字段 detail_cancel（基于字段名推断）	htdocs/install/mysql/tables/llx_expensereport.sql	52
llx_expensereport	费用报告	34	integration_compta	integer	integer	YES	NULL	N	N				not used	比例/百分比字段；源码注释：not used	htdocs/install/mysql/tables/llx_expensereport.sql	53
llx_expensereport	费用报告	35	fk_bank_account	integer	integer	YES	NULL	N	N					外部关联 ID（具体目标以外键或业务代码为准）（基于字段名推断）	htdocs/install/mysql/tables/llx_expensereport.sql	54
llx_expensereport	费用报告	36	model_pdf	varchar(255)	varchar	YES	NULL	N	N					字段 model_pdf（基于字段名推断）	htdocs/install/mysql/tables/llx_expensereport.sql	55
llx_expensereport	费用报告	37	last_main_doc	varchar(255)	varchar	YES		N	N				relative filepath+filename of last main generated document	字段 last_main_doc；源码注释：relative filepath+filename of last main generated document	htdocs/install/mysql/tables/llx_expensereport.sql	56
llx_expensereport	费用报告	38	fk_multicurrency	integer	integer	YES		N	N					外部关联 ID（具体目标以外键或业务代码为准）（基于字段名推断）	htdocs/install/mysql/tables/llx_expensereport.sql	58
llx_expensereport	费用报告	39	multicurrency_code	varchar(3)	varchar	YES		N	N					代码/参考号字段（基于字段名推断）	htdocs/install/mysql/tables/llx_expensereport.sql	59
llx_expensereport	费用报告	40	multicurrency_tx	double(24,8)	double	YES	1	N	N					字段 multicurrency_tx（基于字段名推断）	htdocs/install/mysql/tables/llx_expensereport.sql	60
llx_expensereport	费用报告	41	multicurrency_total_ht	double(24,8)	double	YES	0	N	N					金额、价格或税费字段（基于字段名推断）	htdocs/install/mysql/tables/llx_expensereport.sql	61
llx_expensereport	费用报告	42	multicurrency_total_tva	double(24,8)	double	YES	0	N	N					金额、价格或税费字段（基于字段名推断）	htdocs/install/mysql/tables/llx_expensereport.sql	62
llx_expensereport	费用报告	43	multicurrency_total_ttc	double(24,8)	double	YES	0	N	N					金额、价格或税费字段（基于字段名推断）	htdocs/install/mysql/tables/llx_expensereport.sql	63
llx_expensereport	费用报告	44	import_key	varchar(14)	varchar	YES		N	N					导入批次/外部导入键	htdocs/install/mysql/tables/llx_expensereport.sql	65
llx_expensereport	费用报告	45	extraparams	varchar(255)	varchar	YES		N	N				for other parameters with json format	扩展参数/结构化文本；源码注释：for other parameters with json format	htdocs/install/mysql/tables/llx_expensereport.sql	66
llx_expensereport_det	费用报告	1	rowid	integer	integer	NO		Y	Y	PRIMARY	PRIMARY			主键行标识；通常为自增整数	htdocs/install/mysql/tables/llx_expensereport_det.sql	21
llx_expensereport_det	费用报告	2	fk_expensereport	integer	integer	NO		N	N					外部关联 ID（具体目标以外键或业务代码为准）（基于字段名推断）	htdocs/install/mysql/tables/llx_expensereport_det.sql	22
llx_expensereport_det	费用报告	3	docnumber	varchar(128)	varchar	YES		N	N				To store a ref of a accounting doc (piece)	字段 docnumber；源码注释：To store a ref of a accounting doc (piece)	htdocs/install/mysql/tables/llx_expensereport_det.sql	23
llx_expensereport_det	费用报告	4	fk_c_type_fees	integer	integer	NO		N	N				Type of expense	外部关联 ID（具体目标以外键或业务代码为准）；源码注释：Type of expense	htdocs/install/mysql/tables/llx_expensereport_det.sql	24
llx_expensereport_det	费用报告	5	fk_c_exp_tax_cat	integer	integer	YES		N	N					外部关联 ID（具体目标以外键或业务代码为准）（基于字段名推断）	htdocs/install/mysql/tables/llx_expensereport_det.sql	25
llx_expensereport_det	费用报告	6	fk_projet	integer	integer	YES		N	N				Id of project	关联项目 ID；源码注释：Id of project	htdocs/install/mysql/tables/llx_expensereport_det.sql	26
llx_expensereport_det	费用报告	7	comments	text	text	NO		N	N					备注/说明字段（基于字段名推断）	htdocs/install/mysql/tables/llx_expensereport_det.sql	27
llx_expensereport_det	费用报告	8	product_type	integer	integer	YES	-1	N	N					字段 product_type（基于字段名推断）	htdocs/install/mysql/tables/llx_expensereport_det.sql	28
llx_expensereport_det	费用报告	9	qty	real	real	NO		N	N					数量	htdocs/install/mysql/tables/llx_expensereport_det.sql	29
llx_expensereport_det	费用报告	10	subprice	double(24,8)	double	NO	0	N	N				unit price HT (example 100)	金额、价格或税费字段；源码注释：unit price HT (example 100)	htdocs/install/mysql/tables/llx_expensereport_det.sql	30
llx_expensereport_det	费用报告	11	subprice_ttc	double(24,8)	double	YES	0	N	N				unit price if price was entered including tax	金额、价格或税费字段；源码注释：unit price if price was entered including tax	htdocs/install/mysql/tables/llx_expensereport_det.sql	31
llx_expensereport_det	费用报告	12	value_unit	double(24,8)	double	NO		N	N				P.U. TTC (example 120)	字段 value_unit；源码注释：P.U. TTC (example 120)	htdocs/install/mysql/tables/llx_expensereport_det.sql	32
llx_expensereport_det	费用报告	13	remise_percent	real	real	YES		N	N					比例/百分比字段（基于字段名推断）	htdocs/install/mysql/tables/llx_expensereport_det.sql	33
llx_expensereport_det	费用报告	14	vat_src_code	varchar(10)	varchar	YES	''	N	N				Vat code used as source of vat fields. Not strict foreign key here.	代码/参考号字段；源码注释：Vat code used as source of vat fields. Not strict foreign key here.	htdocs/install/mysql/tables/llx_expensereport_det.sql	34
llx_expensereport_det	费用报告	15	tva_tx	double(7,4)	double	YES		N	N				Vat rate	字段 tva_tx；源码注释：Vat rate	htdocs/install/mysql/tables/llx_expensereport_det.sql	35
llx_expensereport_det	费用报告	16	localtax1_tx	double(7,4)	double	YES	0	N	N				localtax1 rate	金额、价格或税费字段；源码注释：localtax1 rate	htdocs/install/mysql/tables/llx_expensereport_det.sql	36
llx_expensereport_det	费用报告	17	localtax1_type	varchar(10)	varchar	YES		N	N				localtax1 type	金额、价格或税费字段；源码注释：localtax1 type	htdocs/install/mysql/tables/llx_expensereport_det.sql	37
llx_expensereport_det	费用报告	18	localtax2_tx	double(7,4)	double	YES	0	N	N				localtax2 rate	金额、价格或税费字段；源码注释：localtax2 rate	htdocs/install/mysql/tables/llx_expensereport_det.sql	38
llx_expensereport_det	费用报告	19	localtax2_type	varchar(10)	varchar	YES		N	N				localtax2 type	金额、价格或税费字段；源码注释：localtax2 type	htdocs/install/mysql/tables/llx_expensereport_det.sql	39
llx_expensereport_det	费用报告	20	total_ht	double(24,8)	double	NO	0	N	N					未含税总额	htdocs/install/mysql/tables/llx_expensereport_det.sql	40
llx_expensereport_det	费用报告	21	total_tva	double(24,8)	double	NO	0	N	N					税额总计	htdocs/install/mysql/tables/llx_expensereport_det.sql	41
llx_expensereport_det	费用报告	22	total_localtax1	double(24,8)	double	YES	0	N	N				Total LocalTax1 for total quantity of line	金额、价格或税费字段；源码注释：Total LocalTax1 for total quantity of line	htdocs/install/mysql/tables/llx_expensereport_det.sql	42
llx_expensereport_det	费用报告	23	total_localtax2	double(24,8)	double	YES	0	N	N				total LocalTax2 for total quantity of line	金额、价格或税费字段；源码注释：total LocalTax2 for total quantity of line	htdocs/install/mysql/tables/llx_expensereport_det.sql	43
llx_expensereport_det	费用报告	24	total_ttc	double(24,8)	double	NO	0	N	N					含税总额	htdocs/install/mysql/tables/llx_expensereport_det.sql	44
llx_expensereport_det	费用报告	25	date	date	date	NO		N	N					日期/时间字段（基于字段名推断）	htdocs/install/mysql/tables/llx_expensereport_det.sql	45
llx_expensereport_det	费用报告	26	info_bits	integer	integer	YES	0	N	N				TVA NPR ou non	字段 info_bits；源码注释：TVA NPR ou non	htdocs/install/mysql/tables/llx_expensereport_det.sql	46
llx_expensereport_det	费用报告	27	special_code	integer	integer	YES	0	N	N				code for special lines	代码/参考号字段；源码注释：code for special lines	htdocs/install/mysql/tables/llx_expensereport_det.sql	47
llx_expensereport_det	费用报告	28	fk_multicurrency	integer	integer	YES		N	N					外部关联 ID（具体目标以外键或业务代码为准）（基于字段名推断）	htdocs/install/mysql/tables/llx_expensereport_det.sql	48
llx_expensereport_det	费用报告	29	multicurrency_code	varchar(3)	varchar	YES		N	N					代码/参考号字段（基于字段名推断）	htdocs/install/mysql/tables/llx_expensereport_det.sql	49
llx_expensereport_det	费用报告	30	multicurrency_subprice	double(24,8)	double	YES	0	N	N					金额、价格或税费字段（基于字段名推断）	htdocs/install/mysql/tables/llx_expensereport_det.sql	50
llx_expensereport_det	费用报告	31	multicurrency_subprice_ttc	double(24,8)	double	YES	0	N	N					金额、价格或税费字段（基于字段名推断）	htdocs/install/mysql/tables/llx_expensereport_det.sql	51
llx_expensereport_det	费用报告	32	multicurrency_total_ht	double(24,8)	double	YES	0	N	N					金额、价格或税费字段（基于字段名推断）	htdocs/install/mysql/tables/llx_expensereport_det.sql	52
llx_expensereport_det	费用报告	33	multicurrency_total_tva	double(24,8)	double	YES	0	N	N					金额、价格或税费字段（基于字段名推断）	htdocs/install/mysql/tables/llx_expensereport_det.sql	53
llx_expensereport_det	费用报告	34	multicurrency_total_ttc	double(24,8)	double	YES	0	N	N					金额、价格或税费字段（基于字段名推断）	htdocs/install/mysql/tables/llx_expensereport_det.sql	54
llx_expensereport_det	费用报告	35	fk_facture	integer	integer	YES	0	N	N				ID of customer invoice line if expense is rebilled to a customer	外部关联 ID（具体目标以外键或业务代码为准）；源码注释：ID of customer invoice line if expense is rebilled to a customer	htdocs/install/mysql/tables/llx_expensereport_det.sql	55
llx_expensereport_det	费用报告	36	fk_ecm_files	integer	integer	YES	NULL	N	N				ID of ECM file that is source document of expense report	外部关联 ID（具体目标以外键或业务代码为准）；源码注释：ID of ECM file that is source document of expense report	htdocs/install/mysql/tables/llx_expensereport_det.sql	56
llx_expensereport_det	费用报告	37	tcheck_file	integer	integer	YES	NULL	N	N				check validity of file with line 0 : not see, 1 : tchecked -1 : not good	字段 tcheck_file；源码注释：check validity of file with line 0 : not see, 1 : tchecked -1 : not good	htdocs/install/mysql/tables/llx_expensereport_det.sql	57
llx_expensereport_det	费用报告	38	fk_code_ventilation	integer	integer	YES	0	N	N					外部关联 ID（具体目标以外键或业务代码为准）（基于字段名推断）	htdocs/install/mysql/tables/llx_expensereport_det.sql	58
llx_expensereport_det	费用报告	39	rang	integer	integer	YES	0	N	N				position of line	字段 rang；源码注释：position of line	htdocs/install/mysql/tables/llx_expensereport_det.sql	59
llx_expensereport_det	费用报告	40	import_key	varchar(14)	varchar	YES		N	N					导入批次/外部导入键	htdocs/install/mysql/tables/llx_expensereport_det.sql	60
llx_expensereport_det	费用报告	41	rule_warning_message	text	text	YES		N	N					字段 rule_warning_message（基于字段名推断）	htdocs/install/mysql/tables/llx_expensereport_det.sql	61
llx_expensereport_det_extrafields	费用报告	1	rowid	integer	integer	NO		Y	Y	PRIMARY	PRIMARY			主键行标识；通常为自增整数	htdocs/install/mysql/tables/llx_expensereport_det_extrafields.sql	22
llx_expensereport_det_extrafields	费用报告	2	tms	timestamp	timestamp	YES	CURRENT_TIMESTAMP	N	N					最后修改时间戳	htdocs/install/mysql/tables/llx_expensereport_det_extrafields.sql	23
llx_expensereport_det_extrafields	费用报告	3	fk_object	integer	integer	NO		N	N	idx_expensereport_det_fk_object				外部关联 ID（具体目标以外键或业务代码为准）（基于字段名推断）	htdocs/install/mysql/tables/llx_expensereport_det_extrafields.sql	24
llx_expensereport_det_extrafields	费用报告	4	import_key	varchar(14)	varchar	YES		N	N					导入批次/外部导入键	htdocs/install/mysql/tables/llx_expensereport_det_extrafields.sql	25
llx_expensereport_extrafields	费用报告	1	rowid	integer	integer	NO		Y	Y	PRIMARY	PRIMARY			主键行标识；通常为自增整数	htdocs/install/mysql/tables/llx_expensereport_extrafields.sql	21
llx_expensereport_extrafields	费用报告	2	tms	timestamp	timestamp	YES	CURRENT_TIMESTAMP	N	N					最后修改时间戳	htdocs/install/mysql/tables/llx_expensereport_extrafields.sql	22
llx_expensereport_extrafields	费用报告	3	fk_object	integer	integer	NO		N	N	uk_expensereport_extrafields	uk_expensereport_extrafields			外部关联 ID（具体目标以外键或业务代码为准）（基于字段名推断）	htdocs/install/mysql/tables/llx_expensereport_extrafields.sql	23
llx_expensereport_extrafields	费用报告	4	import_key	varchar(14)	varchar	YES		N	N				import key	导入批次/外部导入键；源码注释：import key	htdocs/install/mysql/tables/llx_expensereport_extrafields.sql	24
llx_expensereport_ik	费用报告	1	rowid	integer	integer	NO		Y	Y	PRIMARY	PRIMARY			主键行标识；通常为自增整数	htdocs/install/mysql/tables/llx_expensereport_ik-expensereport.sql	22
llx_expensereport_ik	费用报告	2	datec	datetime	datetime	YES	NULL	N	N					创建日期/时间	htdocs/install/mysql/tables/llx_expensereport_ik-expensereport.sql	23
llx_expensereport_ik	费用报告	3	tms	timestamp	timestamp	YES	CURRENT_TIMESTAMP	N	N					最后修改时间戳	htdocs/install/mysql/tables/llx_expensereport_ik-expensereport.sql	24
llx_expensereport_ik	费用报告	4	fk_c_exp_tax_cat	integer	integer	NO	0	N	N					外部关联 ID（具体目标以外键或业务代码为准）（基于字段名推断）	htdocs/install/mysql/tables/llx_expensereport_ik-expensereport.sql	25
llx_expensereport_ik	费用报告	5	fk_range	integer	integer	NO	0	N	N					外部关联 ID（具体目标以外键或业务代码为准）（基于字段名推断）	htdocs/install/mysql/tables/llx_expensereport_ik-expensereport.sql	26
llx_expensereport_ik	费用报告	6	coef	double	double	NO	0	N	N					字段 coef（基于字段名推断）	htdocs/install/mysql/tables/llx_expensereport_ik-expensereport.sql	27
llx_expensereport_ik	费用报告	7	ikoffset	double	double	NO	0	N	N					字段 ikoffset（基于字段名推断）	htdocs/install/mysql/tables/llx_expensereport_ik-expensereport.sql	28
llx_expensereport_ik	费用报告	8	active	integer	integer	YES	1	N	N					启用标识（通常 1=启用，0=停用）	htdocs/install/mysql/tables/llx_expensereport_ik-expensereport.sql	29
llx_expensereport_rules	费用报告	1	rowid	integer	integer	NO		Y	Y	PRIMARY	PRIMARY			主键行标识；通常为自增整数	htdocs/install/mysql/tables/llx_expensereport_rules-expensereport.sql	21
llx_expensereport_rules	费用报告	2	datec	datetime	datetime	YES	NULL	N	N					创建日期/时间	htdocs/install/mysql/tables/llx_expensereport_rules-expensereport.sql	22
llx_expensereport_rules	费用报告	3	tms	timestamp	timestamp	YES	CURRENT_TIMESTAMP	N	N					最后修改时间戳	htdocs/install/mysql/tables/llx_expensereport_rules-expensereport.sql	23
llx_expensereport_rules	费用报告	4	dates	datetime	datetime	NO		N	N					日期/时间字段（基于字段名推断）	htdocs/install/mysql/tables/llx_expensereport_rules-expensereport.sql	24
llx_expensereport_rules	费用报告	5	datee	datetime	datetime	NO		N	N					日期/时间字段（基于字段名推断）	htdocs/install/mysql/tables/llx_expensereport_rules-expensereport.sql	25
llx_expensereport_rules	费用报告	6	amount	double(24,8)	double	NO		N	N					金额	htdocs/install/mysql/tables/llx_expensereport_rules-expensereport.sql	26
llx_expensereport_rules	费用报告	7	restrictive	tinyint	tinyint	NO		N	N					字段 restrictive（基于字段名推断）	htdocs/install/mysql/tables/llx_expensereport_rules-expensereport.sql	27
llx_expensereport_rules	费用报告	8	fk_user	integer	integer	YES	NULL	N	N					外部关联 ID（具体目标以外键或业务代码为准）（基于字段名推断）	htdocs/install/mysql/tables/llx_expensereport_rules-expensereport.sql	28
llx_expensereport_rules	费用报告	9	fk_usergroup	integer	integer	YES	NULL	N	N					外部关联 ID（具体目标以外键或业务代码为准）（基于字段名推断）	htdocs/install/mysql/tables/llx_expensereport_rules-expensereport.sql	29
llx_expensereport_rules	费用报告	10	fk_c_type_fees	integer	integer	NO		N	N					外部关联 ID（具体目标以外键或业务代码为准）（基于字段名推断）	htdocs/install/mysql/tables/llx_expensereport_rules-expensereport.sql	30
llx_expensereport_rules	费用报告	11	code_expense_rules_type	varchar(50)	varchar	NO		N	N					代码/参考号字段（基于字段名推断）	htdocs/install/mysql/tables/llx_expensereport_rules-expensereport.sql	31
llx_expensereport_rules	费用报告	12	is_for_all	tinyint	tinyint	YES	0	N	N					布尔/开关标识（基于字段名推断）	htdocs/install/mysql/tables/llx_expensereport_rules-expensereport.sql	32
llx_expensereport_rules	费用报告	13	entity	integer	integer	YES	1	N	N					多实体/多公司隔离标识	htdocs/install/mysql/tables/llx_expensereport_rules-expensereport.sql	33
llx_export_model	核心/系统	1	rowid	integer	integer	NO		Y	Y	PRIMARY	PRIMARY			主键行标识；通常为自增整数	htdocs/install/mysql/tables/llx_export_model.sql	24
llx_export_model	核心/系统	2	entity	integer	integer	YES	0	N	N				by default on all entities for compatibility	多实体/多公司隔离标识；源码注释：by default on all entities for compatibility	htdocs/install/mysql/tables/llx_export_model.sql	25
llx_export_model	核心/系统	3	fk_user	integer	integer	NO	0	N	N					外部关联 ID（具体目标以外键或业务代码为准）（基于字段名推断）	htdocs/install/mysql/tables/llx_export_model.sql	26
llx_export_model	核心/系统	4	label	varchar(50)	varchar	NO		N	N					名称或标签	htdocs/install/mysql/tables/llx_export_model.sql	27
llx_export_model	核心/系统	5	type	varchar(64)	varchar	NO		N	N					字段 type（基于字段名推断）	htdocs/install/mysql/tables/llx_export_model.sql	28
llx_export_model	核心/系统	6	field	text	text	NO		N	N					字段 field（基于字段名推断）	htdocs/install/mysql/tables/llx_export_model.sql	29
llx_export_model	核心/系统	7	filter	text	text	YES		N	N					字段 filter（基于字段名推断）	htdocs/install/mysql/tables/llx_export_model.sql	30
llx_extrafields	核心/系统	1	rowid	integer	integer	NO		Y	Y	PRIMARY	PRIMARY			主键行标识；通常为自增整数	htdocs/install/mysql/tables/llx_extrafields.sql	22
llx_extrafields	核心/系统	2	name	varchar(64)	varchar	NO		N	N	uk_extrafields_name	uk_extrafields_name		name of field into extrafields tables	名称/标题字段；源码注释：name of field into extrafields tables	htdocs/install/mysql/tables/llx_extrafields.sql	23
llx_extrafields	核心/系统	3	entity	integer	integer	NO	1	N	N	uk_extrafields_name	uk_extrafields_name		multi company id	多实体/多公司隔离标识；源码注释：multi company id	htdocs/install/mysql/tables/llx_extrafields.sql	24
llx_extrafields	核心/系统	4	elementtype	varchar(64)	varchar	NO	'member'	N	N	uk_extrafields_name	uk_extrafields_name		for which element this extra fields is for	字段 elementtype；源码注释：for which element this extra fields is for	htdocs/install/mysql/tables/llx_extrafields.sql	25
llx_extrafields	核心/系统	5	label	varchar(255)	varchar	NO		N	N				label to show for attribute	名称或标签；源码注释：label to show for attribute	htdocs/install/mysql/tables/llx_extrafields.sql	26
llx_extrafields	核心/系统	6	type	varchar(8)	varchar	YES		N	N					字段 type（基于字段名推断）	htdocs/install/mysql/tables/llx_extrafields.sql	27
llx_extrafields	核心/系统	7	size	varchar(8)	varchar	YES	NULL	N	N					字段 size（基于字段名推断）	htdocs/install/mysql/tables/llx_extrafields.sql	28
llx_extrafields	核心/系统	8	fieldcomputed	text	text	YES		N	N					字段 fieldcomputed（基于字段名推断）	htdocs/install/mysql/tables/llx_extrafields.sql	29
llx_extrafields	核心/系统	9	fielddefault	text	text	YES		N	N					字段 fielddefault（基于字段名推断）	htdocs/install/mysql/tables/llx_extrafields.sql	30
llx_extrafields	核心/系统	10	fieldunique	integer	integer	YES	0	N	N					字段 fieldunique（基于字段名推断）	htdocs/install/mysql/tables/llx_extrafields.sql	31
llx_extrafields	核心/系统	11	fieldrequired	integer	integer	YES	0	N	N					字段 fieldrequired（基于字段名推断）	htdocs/install/mysql/tables/llx_extrafields.sql	32
llx_extrafields	核心/系统	12	perms	varchar(255)	varchar	YES		N	N				not used yet	字段 perms；源码注释：not used yet	htdocs/install/mysql/tables/llx_extrafields.sql	33
llx_extrafields	核心/系统	13	enabled	varchar(255)	varchar	YES		N	N					布尔/开关标识（基于字段名推断）	htdocs/install/mysql/tables/llx_extrafields.sql	34
llx_extrafields	核心/系统	14	module	varchar(64)	varchar	YES		N	N					字段 module（基于字段名推断）	htdocs/install/mysql/tables/llx_extrafields.sql	35
llx_extrafields	核心/系统	15	pos	integer	integer	YES	0	N	N					字段 pos（基于字段名推断）	htdocs/install/mysql/tables/llx_extrafields.sql	36
llx_extrafields	核心/系统	16	alwayseditable	integer	integer	YES	0	N	N				1 if field can be edited whatever is element status	字段 alwayseditable；源码注释：1 if field can be edited whatever is element status	htdocs/install/mysql/tables/llx_extrafields.sql	37
llx_extrafields	核心/系统	17	emptyonclone	integer	integer	YES	0	N	N				1 if field can be edited whatever is element status	字段 emptyonclone；源码注释：1 if field can be edited whatever is element status	htdocs/install/mysql/tables/llx_extrafields.sql	38
llx_extrafields	核心/系统	18	param	text	text	YES		N	N				extra parameters to define possible values of field	扩展参数/结构化文本；源码注释：extra parameters to define possible values of field	htdocs/install/mysql/tables/llx_extrafields.sql	39
llx_extrafields	核心/系统	19	list	varchar(255)	varchar	YES	'1'	N	N				visibility of field. 0=Never visible, 1=Visible on list and forms, 2=Visible on list only. Using a negative value means field is not shown by default on list but can be selected for viewing	字段 list；源码注释：visibility of field. 0=Never visible, 1=Visible on list and forms, 2=Visible on list only. Using a negative value means field is not shown by default on list but can be selected for viewing	htdocs/install/mysql/tables/llx_extrafields.sql	40
llx_extrafields	核心/系统	20	printable	integer	integer	YES	0	N	N				is the extrafield output on documents	字段 printable；源码注释：is the extrafield output on documents	htdocs/install/mysql/tables/llx_extrafields.sql	41
llx_extrafields	核心/系统	21	showintooltip	integer	integer	YES	0	N	N				is the extrafield output on tooltip	字段 showintooltip；源码注释：is the extrafield output on tooltip	htdocs/install/mysql/tables/llx_extrafields.sql	42
llx_extrafields	核心/系统	22	totalizable	boolean	boolean	YES	FALSE	N	N				is extrafield totalizable on list	金额、价格或税费字段；源码注释：is extrafield totalizable on list	htdocs/install/mysql/tables/llx_extrafields.sql	43
llx_extrafields	核心/系统	23	langs	varchar(64)	varchar	YES		N	N				example: fileofmymodule@mymodule	字段 langs；源码注释：example: fileofmymodule@mymodule	htdocs/install/mysql/tables/llx_extrafields.sql	44
llx_extrafields	核心/系统	24	help	text	text	YES		N	N				to store help tooltip	字段 help；源码注释：to store help tooltip	htdocs/install/mysql/tables/llx_extrafields.sql	45
llx_extrafields	核心/系统	25	aiprompt	text	text	YES		N	N				a prompt to autofill the value with AI	字段 aiprompt；源码注释：a prompt to autofill the value with AI	htdocs/install/mysql/tables/llx_extrafields.sql	46
llx_extrafields	核心/系统	26	css	varchar(128)	varchar	YES		N	N				to store css on create/update forms	字段 css；源码注释：to store css on create/update forms	htdocs/install/mysql/tables/llx_extrafields.sql	47
llx_extrafields	核心/系统	27	cssview	varchar(128)	varchar	YES		N	N				to store css on view form	字段 cssview；源码注释：to store css on view form	htdocs/install/mysql/tables/llx_extrafields.sql	48
llx_extrafields	核心/系统	28	csslist	varchar(128)	varchar	YES		N	N				to store css on list	字段 csslist；源码注释：to store css on list	htdocs/install/mysql/tables/llx_extrafields.sql	49
llx_extrafields	核心/系统	29	personal_data	tinyint	tinyint	YES	0	N	N				1 if field contains personal data (GDPR/nLPD/LGPD)	字段 personal_data；源码注释：1 if field contains personal data (GDPR/nLPD/LGPD)	htdocs/install/mysql/tables/llx_extrafields.sql	50
llx_extrafields	核心/系统	30	fk_user_author	integer	integer	YES		N	N				user making creation	创建人/制单人用户 ID；源码注释：user making creation	htdocs/install/mysql/tables/llx_extrafields.sql	51
llx_extrafields	核心/系统	31	fk_user_modif	integer	integer	YES		N	N				user making last change	最后修改人用户 ID；源码注释：user making last change	htdocs/install/mysql/tables/llx_extrafields.sql	52
llx_extrafields	核心/系统	32	datec	datetime	datetime	YES		N	N				date de creation	创建日期/时间；源码注释：date de creation	htdocs/install/mysql/tables/llx_extrafields.sql	53
llx_extrafields	核心/系统	33	tms	timestamp	timestamp	YES	CURRENT_TIMESTAMP	N	N				last modification date	最后修改时间戳；源码注释：last modification date	htdocs/install/mysql/tables/llx_extrafields.sql	54
llx_facture	客户发票	1	rowid	integer	integer	NO		Y	Y	PRIMARY	PRIMARY			主键行标识；通常为自增整数	htdocs/install/mysql/tables/llx_facture.sql	27
llx_facture	客户发票	2	ref	varchar(30)	varchar	NO		N	N	uk_facture_ref	uk_facture_ref		invoice reference number	业务参考号/单号；源码注释：invoice reference number	htdocs/install/mysql/tables/llx_facture.sql	29
llx_facture	客户发票	3	entity	integer	integer	NO	1	N	N	uk_facture_ref	uk_facture_ref		multi company id	多实体/多公司隔离标识；源码注释：multi company id	htdocs/install/mysql/tables/llx_facture.sql	30
llx_facture	客户发票	4	ref_ext	varchar(255)	varchar	YES		N	N				reference into an external system (not used by dolibarr)	代码/参考号字段；源码注释：reference into an external system (not used by dolibarr)	htdocs/install/mysql/tables/llx_facture.sql	32
llx_facture	客户发票	5	ref_client	varchar(255)	varchar	YES		N	N				reference of invoice on customer side	代码/参考号字段；源码注释：reference of invoice on customer side	htdocs/install/mysql/tables/llx_facture.sql	33
llx_facture	客户发票	6	type	smallint	smallint	NO	0	N	N				type of invoice (standard, credit note, ...)	字段 type；源码注释：type of invoice (standard, credit note, ...)	htdocs/install/mysql/tables/llx_facture.sql	35
llx_facture	客户发票	7	subtype	smallint	smallint	YES	NULL	N	N				subtype of invoice (some countries need a subtype to classify invoices)	字段 subtype；源码注释：subtype of invoice (some countries need a subtype to classify invoices)	htdocs/install/mysql/tables/llx_facture.sql	36
llx_facture	客户发票	8	fk_soc	integer	integer	NO		N	N	idx_facture_fk_soc		llx_societe.rowid	ID of thirdparty (customer)	关联第三方企业 ID；源码注释：ID of thirdparty (customer)	htdocs/install/mysql/tables/llx_facture.sql	37
llx_facture	客户发票	9	datec	datetime	datetime	YES		N	N				date de creation de la facture	创建日期/时间；源码注释：date de creation de la facture	htdocs/install/mysql/tables/llx_facture.sql	39
llx_facture	客户发票	10	datef	date	date	YES		N	N	idx_facture_datef			date invoice	业务日期；源码注释：date invoice	htdocs/install/mysql/tables/llx_facture.sql	40
llx_facture	客户发票	11	date_pointoftax	date	date	YES	NULL	N	N				date point of tax (for GB)	日期/时间字段；源码注释：date point of tax (for GB)	htdocs/install/mysql/tables/llx_facture.sql	41
llx_facture	客户发票	12	date_valid	date	date	YES		N	N				date validation	审核/生效日期；源码注释：date validation	htdocs/install/mysql/tables/llx_facture.sql	42
llx_facture	客户发票	13	tms	timestamp	timestamp	YES	CURRENT_TIMESTAMP	N	N	idx_facture_tms			last modification date	最后修改时间戳；源码注释：last modification date	htdocs/install/mysql/tables/llx_facture.sql	43
llx_facture	客户发票	14	date_closing	datetime	datetime	YES		N	N				date de cloture	关闭日期/时间；源码注释：date de cloture	htdocs/install/mysql/tables/llx_facture.sql	44
llx_facture	客户发票	15	paye	smallint	smallint	NO	0	N	N				1 if invoice is payed completely. Deprecated. Use instead statut = 2 and close_code is null or = ''	字段 paye；源码注释：1 if invoice is payed completely. Deprecated. Use instead statut = 2 and close_code is null or = ''	htdocs/install/mysql/tables/llx_facture.sql	45
llx_facture	客户发票	16	remise_percent	real	real	YES	0	N	N				remise relative (deprecated, not used)	比例/百分比字段；源码注释：remise relative (deprecated, not used)	htdocs/install/mysql/tables/llx_facture.sql	47
llx_facture	客户发票	17	remise_absolue	real	real	YES	0	N	N				remise absolue (deprecated, not used)	字段 remise_absolue；源码注释：remise absolue (deprecated, not used)	htdocs/install/mysql/tables/llx_facture.sql	48
llx_facture	客户发票	18	remise	real	real	YES	0	N	N				remise totale calculee (deprecated, not used)	字段 remise；源码注释：remise totale calculee (deprecated, not used)	htdocs/install/mysql/tables/llx_facture.sql	49
llx_facture	客户发票	19	close_code	varchar(16)	varchar	YES		N	N				Code for reason of closing without complete payment. '' if payment is complete.	代码/参考号字段；源码注释：Code for reason of closing without complete payment. '' if payment is complete.	htdocs/install/mysql/tables/llx_facture.sql	51
llx_facture	客户发票	20	close_missing_amount	double(24,8)	double	YES		N	N				TODO Amount missing when closing with a not complete payment. 0 if payment is complete.	金额、价格或税费字段；源码注释：TODO Amount missing when closing with a not complete payment. 0 if payment is complete.	htdocs/install/mysql/tables/llx_facture.sql	52
llx_facture	客户发票	21	close_note	varchar(128)	varchar	YES		N	N				Comment on closing without complete payment	备注/说明字段；源码注释：Comment on closing without complete payment	htdocs/install/mysql/tables/llx_facture.sql	53
llx_facture	客户发票	22	total_tva	double(24,8)	double	YES	0	N	N				amount total tva apres remise totale	税额总计；源码注释：amount total tva apres remise totale	htdocs/install/mysql/tables/llx_facture.sql	55
llx_facture	客户发票	23	localtax1	double(24,8)	double	YES	0	N	N				amount total localtax1	金额、价格或税费字段；源码注释：amount total localtax1	htdocs/install/mysql/tables/llx_facture.sql	56
llx_facture	客户发票	24	localtax2	double(24,8)	double	YES	0	N	N				amount total localtax2	金额、价格或税费字段；源码注释：amount total localtax2	htdocs/install/mysql/tables/llx_facture.sql	57
llx_facture	客户发票	25	revenuestamp	double(24,8)	double	YES	0	N	N				amount total revenuestamp	字段 revenuestamp；源码注释：amount total revenuestamp	htdocs/install/mysql/tables/llx_facture.sql	58
llx_facture	客户发票	26	total_ht	double(24,8)	double	YES	0	N	N				amount total ht apres remise totale	未含税总额；源码注释：amount total ht apres remise totale	htdocs/install/mysql/tables/llx_facture.sql	59
llx_facture	客户发票	27	total_ttc	double(24,8)	double	YES	0	N	N				amount total ttc apres remise totale	含税总额；源码注释：amount total ttc apres remise totale	htdocs/install/mysql/tables/llx_facture.sql	60
llx_facture	客户发票	28	fk_statut	smallint	smallint	NO	0	N	N	idx_facture_fk_statut			2 means closed, but it may be closed payed partially if close_code has a code value.	状态码；源码注释：2 means closed, but it may be closed payed partially if close_code has a code value.	htdocs/install/mysql/tables/llx_facture.sql	62
llx_facture	客户发票	29	fk_user_author	integer	integer	YES		N	N	idx_facture_fk_user_author		llx_user.rowid	user making creation	创建人/制单人用户 ID；源码注释：user making creation	htdocs/install/mysql/tables/llx_facture.sql	64
llx_facture	客户发票	30	fk_user_modif	integer	integer	YES		N	N				user making last change	最后修改人用户 ID；源码注释：user making last change	htdocs/install/mysql/tables/llx_facture.sql	65
llx_facture	客户发票	31	fk_user_valid	integer	integer	YES		N	N	idx_facture_fk_user_valid		llx_user.rowid	user validating	审核/验证人用户 ID；源码注释：user validating	htdocs/install/mysql/tables/llx_facture.sql	66
llx_facture	客户发票	32	fk_user_closing	integer	integer	YES		N	N				user closing	关闭/结账人用户 ID；源码注释：user closing	htdocs/install/mysql/tables/llx_facture.sql	67
llx_facture	客户发票	33	module_source	varchar(32)	varchar	YES		N	N				name of module when invoice generated by a dedicated module (POS, ecommerce...)	字段 module_source；源码注释：name of module when invoice generated by a dedicated module (POS, ecommerce...)	htdocs/install/mysql/tables/llx_facture.sql	69
llx_facture	客户发票	34	pos_source	varchar(32)	varchar	YES		N	N				numero of POS terminal when order is generated by a POS module, IDsession@IDwebsite when invoice is generated for a website ecommerce.	字段 pos_source；源码注释：numero of POS terminal when order is generated by a POS module, IDsession@IDwebsite when invoice is generated for a website ecommerce.	htdocs/install/mysql/tables/llx_facture.sql	70
llx_facture	客户发票	35	pos_print_counter	integer	integer	YES	0	N	N				counter used to track how many times the invoice/receipt was downloaded or printed.	字段 pos_print_counter；源码注释：counter used to track how many times the invoice/receipt was downloaded or printed.	htdocs/install/mysql/tables/llx_facture.sql	71
llx_facture	客户发票	36	email_sent_counter	integer	integer	YES	0	N	N				counter used to track how many times the invoice/receipt was sent by email.	字段 email_sent_counter；源码注释：counter used to track how many times the invoice/receipt was sent by email.	htdocs/install/mysql/tables/llx_facture.sql	72
llx_facture	客户发票	37	fk_fac_rec_source	integer	integer	YES		N	N				facture rec source	外部关联 ID（具体目标以外键或业务代码为准）；源码注释：facture rec source	htdocs/install/mysql/tables/llx_facture.sql	74
llx_facture	客户发票	38	fk_facture_source	integer	integer	YES		N	N	idx_facture_fk_facture_source		llx_facture.rowid	facture origin if credit notes or replacement invoice	外部关联 ID（具体目标以外键或业务代码为准）；源码注释：facture origin if credit notes or replacement invoice	htdocs/install/mysql/tables/llx_facture.sql	75
llx_facture	客户发票	39	fk_projet	integer	integer	YES	NULL	N	N	idx_facture_fk_projet		llx_projet.rowid	project invoice is linked to	关联项目 ID；源码注释：project invoice is linked to	htdocs/install/mysql/tables/llx_facture.sql	76
llx_facture	客户发票	40	increment	varchar(10)	varchar	YES		N	N				Numero of generation if generated from recurring template invoice	字段 increment；源码注释：Numero of generation if generated from recurring template invoice	htdocs/install/mysql/tables/llx_facture.sql	77
llx_facture	客户发票	41	fk_account	integer	integer	YES		N	N	idx_facture_fk_account			bank account	关联银行账户 ID；源码注释：bank account	htdocs/install/mysql/tables/llx_facture.sql	79
llx_facture	客户发票	42	fk_currency	varchar(3)	varchar	YES		N	N	idx_facture_fk_currency			currency code	关联货币代码；源码注释：currency code	htdocs/install/mysql/tables/llx_facture.sql	80
llx_facture	客户发票	43	fk_cond_reglement	integer	integer	NO	1	N	N				default payment term (30 days, end of month...)	外部关联 ID（具体目标以外键或业务代码为准）；源码注释：default payment term (30 days, end of month...)	htdocs/install/mysql/tables/llx_facture.sql	82
llx_facture	客户发票	44	fk_mode_reglement	integer	integer	YES		N	N				default payment mode (cash, card, cheque, ...)	外部关联 ID（具体目标以外键或业务代码为准）；源码注释：default payment mode (cash, card, cheque, ...)	htdocs/install/mysql/tables/llx_facture.sql	83
llx_facture	客户发票	45	date_lim_reglement	date	date	YES		N	N				due date	日期/时间字段；源码注释：due date	htdocs/install/mysql/tables/llx_facture.sql	84
llx_facture	客户发票	46	payment_reference	varchar(25)	varchar	YES		N	N				SEPA and any other national or custom payment id (use case for this field is not clear)	字段 payment_reference；源码注释：SEPA and any other national or custom payment id (use case for this field is not clear)	htdocs/install/mysql/tables/llx_facture.sql	86
llx_facture	客户发票	47	fk_thirdparty_rib_id	integer	integer	YES		N	N				ID of thirdparty payment mode in llx_societe_rib	外部关联 ID（具体目标以外键或业务代码为准）；源码注释：ID of thirdparty payment mode in llx_societe_rib	htdocs/install/mysql/tables/llx_facture.sql	87
llx_facture	客户发票	48	dispute_status	integer	integer	YES	0	N	N				set to 1 if a dispute on a payment of invoice is open	字段 dispute_status；源码注释：set to 1 if a dispute on a payment of invoice is open	htdocs/install/mysql/tables/llx_facture.sql	88
llx_facture	客户发票	49	note_private	text	text	YES		N	N					内部备注	htdocs/install/mysql/tables/llx_facture.sql	90
llx_facture	客户发票	50	note_public	text	text	YES		N	N					公开备注	htdocs/install/mysql/tables/llx_facture.sql	91
llx_facture	客户发票	51	model_pdf	varchar(255)	varchar	YES		N	N					字段 model_pdf（基于字段名推断）	htdocs/install/mysql/tables/llx_facture.sql	93
llx_facture	客户发票	52	last_main_doc	varchar(255)	varchar	YES		N	N				relative filepath+filename of last main generated document	字段 last_main_doc；源码注释：relative filepath+filename of last main generated document	htdocs/install/mysql/tables/llx_facture.sql	94
llx_facture	客户发票	53	fk_input_reason	integer	integer	YES	NULL	N	N	idx_facture_fk_input_reason		llx_c_input_reason.rowid	id coming from c_input_reason	外部关联 ID（具体目标以外键或业务代码为准）；源码注释：id coming from c_input_reason	htdocs/install/mysql/tables/llx_facture.sql	95
llx_facture	客户发票	54	fk_incoterms	integer	integer	YES		N	N				for incoterms	外部关联 ID（具体目标以外键或业务代码为准）；源码注释：for incoterms	htdocs/install/mysql/tables/llx_facture.sql	97
llx_facture	客户发票	55	location_incoterms	varchar(255)	varchar	YES		N	N				for incoterms	字段 location_incoterms；源码注释：for incoterms	htdocs/install/mysql/tables/llx_facture.sql	98
llx_facture	客户发票	56	fk_transport_mode	integer	integer	YES		N	N				for intracomm report	外部关联 ID（具体目标以外键或业务代码为准）；源码注释：for intracomm report	htdocs/install/mysql/tables/llx_facture.sql	100
llx_facture	客户发票	57	prorata_discount	real	real	YES	NULL	N	N				% of the prorata discount (to know how to add prorata discount lines for each vat rate in the invoice)	字段 prorata_discount；源码注释：% of the prorata discount (to know how to add prorata discount lines for each vat rate in the invoice)	htdocs/install/mysql/tables/llx_facture.sql	102
llx_facture	客户发票	58	situation_cycle_ref	integer	integer	YES		N	N	idx_facture_situation_cycle_ref			situation cycle reference. A key that is similar for all the serie.	字段 situation_cycle_ref；源码注释：situation cycle reference. A key that is similar for all the serie.	htdocs/install/mysql/tables/llx_facture.sql	104
llx_facture	客户发票	59	situation_counter	smallint	smallint	YES		N	N				situation counter. The number into the serie: 1, 2, ...	字段 situation_counter；源码注释：situation counter. The number into the serie: 1, 2, ...	htdocs/install/mysql/tables/llx_facture.sql	105
llx_facture	客户发票	60	situation_final	smallint	smallint	YES		N	N				0 by default, 1 it if is the final invoice.	字段 situation_final；源码注释：0 by default, 1 it if is the final invoice.	htdocs/install/mysql/tables/llx_facture.sql	106
llx_facture	客户发票	61	retained_warranty	real	real	YES	NULL	N	N				% of the retained warranty (to calculate the amount - on the inc tax basis - to pay later by getRetainedWarrantyAmount)	字段 retained_warranty；源码注释：% of the retained warranty (to calculate the amount - on the inc tax basis - to pay later by getRetainedWarrantyAmount)	htdocs/install/mysql/tables/llx_facture.sql	108
llx_facture	客户发票	62	retained_warranty_amount	double(24,8)	double	YES	NULL	N	N				to store the amount of the retained warranty once calculated and rounded from the % - duplicate, not reliable, just for info	金额、价格或税费字段；源码注释：to store the amount of the retained warranty once calculated and rounded from the % - duplicate, not reliable, just for info	htdocs/install/mysql/tables/llx_facture.sql	109
llx_facture	客户发票	63	retained_warranty_date_limit	date	date	YES	NULL	N	N				when we can request the retained warranty (used to update the flag payment late or not)	日期/时间字段；源码注释：when we can request the retained warranty (used to update the flag payment late or not)	htdocs/install/mysql/tables/llx_facture.sql	110
llx_facture	客户发票	64	retained_warranty_fk_cond_reglement	integer	integer	YES	NULL	N	N				payment condition of retained warranty	字段 retained_warranty_fk_cond_reglement；源码注释：payment condition of retained warranty	htdocs/install/mysql/tables/llx_facture.sql	111
llx_facture	客户发票	65	import_key	varchar(14)	varchar	YES		N	N					导入批次/外部导入键	htdocs/install/mysql/tables/llx_facture.sql	113
llx_facture	客户发票	66	extraparams	varchar(255)	varchar	YES		N	N				for other parameters with json format	扩展参数/结构化文本；源码注释：for other parameters with json format	htdocs/install/mysql/tables/llx_facture.sql	114
llx_facture	客户发票	67	is_also_delivery_note	tinyint	tinyint	NO	0	N	N				0=default, 1=can act also as a delivery note (for countries that accept invoices as delivery notes)	布尔/开关标识；源码注释：0=default, 1=can act also as a delivery note (for countries that accept invoices as delivery notes)	htdocs/install/mysql/tables/llx_facture.sql	115
llx_facture	客户发票	68	fk_multicurrency	integer	integer	YES		N	N					外部关联 ID（具体目标以外键或业务代码为准）（基于字段名推断）	htdocs/install/mysql/tables/llx_facture.sql	117
llx_facture	客户发票	69	multicurrency_code	varchar(3)	varchar	YES		N	N					代码/参考号字段（基于字段名推断）	htdocs/install/mysql/tables/llx_facture.sql	118
llx_facture	客户发票	70	multicurrency_tx	double(24,8)	double	YES	1	N	N					字段 multicurrency_tx（基于字段名推断）	htdocs/install/mysql/tables/llx_facture.sql	119
llx_facture	客户发票	71	multicurrency_total_ht	double(24,8)	double	YES	0	N	N					金额、价格或税费字段（基于字段名推断）	htdocs/install/mysql/tables/llx_facture.sql	120
llx_facture	客户发票	72	multicurrency_total_tva	double(24,8)	double	YES	0	N	N					金额、价格或税费字段（基于字段名推断）	htdocs/install/mysql/tables/llx_facture.sql	121
llx_facture	客户发票	73	multicurrency_total_ttc	double(24,8)	double	YES	0	N	N					金额、价格或税费字段（基于字段名推断）	htdocs/install/mysql/tables/llx_facture.sql	122
llx_facture	客户发票	74	ip	varchar(250)	varchar	YES		N	N				ip used to create record (for public submission page)	字段 ip；源码注释：ip used to create record (for public submission page)	htdocs/install/mysql/tables/llx_facture.sql	123
llx_facture_extrafields	客户发票	1	rowid	integer	integer	NO		Y	Y	PRIMARY	PRIMARY			主键行标识；通常为自增整数	htdocs/install/mysql/tables/llx_facture_extrafields.sql	21
llx_facture_extrafields	客户发票	2	tms	timestamp	timestamp	YES	CURRENT_TIMESTAMP	N	N					最后修改时间戳	htdocs/install/mysql/tables/llx_facture_extrafields.sql	22
llx_facture_extrafields	客户发票	3	fk_object	integer	integer	NO		N	N	uk_facture_extrafields	uk_facture_extrafields			外部关联 ID（具体目标以外键或业务代码为准）（基于字段名推断）	htdocs/install/mysql/tables/llx_facture_extrafields.sql	23
llx_facture_extrafields	客户发票	4	import_key	varchar(14)	varchar	YES		N	N				import key	导入批次/外部导入键；源码注释：import key	htdocs/install/mysql/tables/llx_facture_extrafields.sql	24
llx_facture_fourn	供应商发票	1	rowid	integer	integer	NO		Y	Y	PRIMARY	PRIMARY			主键行标识；通常为自增整数	htdocs/install/mysql/tables/llx_facture_fourn.sql	25
llx_facture_fourn	供应商发票	2	ref	varchar(180)	varchar	NO		N	N	uk_facture_fourn_ref	uk_facture_fourn_ref			业务参考号/单号	htdocs/install/mysql/tables/llx_facture_fourn.sql	26
llx_facture_fourn	供应商发票	3	ref_supplier	varchar(180)	varchar	NO		N	N	uk_facture_fourn_ref_supplier	uk_facture_fourn_ref_supplier			代码/参考号字段（基于字段名推断）	htdocs/install/mysql/tables/llx_facture_fourn.sql	27
llx_facture_fourn	供应商发票	4	entity	integer	integer	NO	1	N	N	uk_facture_fourn_ref, uk_facture_fourn_ref_supplier	uk_facture_fourn_ref, uk_facture_fourn_ref_supplier		multi company id	多实体/多公司隔离标识；源码注释：multi company id	htdocs/install/mysql/tables/llx_facture_fourn.sql	28
llx_facture_fourn	供应商发票	5	ref_ext	varchar(255)	varchar	YES		N	N				reference into an external system (not used by dolibarr)	代码/参考号字段；源码注释：reference into an external system (not used by dolibarr)	htdocs/install/mysql/tables/llx_facture_fourn.sql	30
llx_facture_fourn	供应商发票	6	type	smallint	smallint	NO	0	N	N					字段 type（基于字段名推断）	htdocs/install/mysql/tables/llx_facture_fourn.sql	32
llx_facture_fourn	供应商发票	7	subtype	smallint	smallint	YES	NULL	N	N				subtype of invoice (some countries need a subtype to classify invoices)	字段 subtype；源码注释：subtype of invoice (some countries need a subtype to classify invoices)	htdocs/install/mysql/tables/llx_facture_fourn.sql	33
llx_facture_fourn	供应商发票	8	fk_soc	integer	integer	NO		N	N	uk_facture_fourn_ref_supplier, idx_facture_fourn_fk_soc	uk_facture_fourn_ref_supplier	llx_societe.rowid		关联第三方企业 ID	htdocs/install/mysql/tables/llx_facture_fourn.sql	34
llx_facture_fourn	供应商发票	9	datec	datetime	datetime	YES		N	N				date de creation de la facture	创建日期/时间；源码注释：date de creation de la facture	htdocs/install/mysql/tables/llx_facture_fourn.sql	36
llx_facture_fourn	供应商发票	10	datef	date	date	YES		N	N				date invoice	业务日期；源码注释：date invoice	htdocs/install/mysql/tables/llx_facture_fourn.sql	37
llx_facture_fourn	供应商发票	11	date_pointoftax	date	date	YES	NULL	N	N				date point of tax (for GB)	日期/时间字段；源码注释：date point of tax (for GB)	htdocs/install/mysql/tables/llx_facture_fourn.sql	38
llx_facture_fourn	供应商发票	12	date_valid	date	date	YES		N	N				date validation	审核/生效日期；源码注释：date validation	htdocs/install/mysql/tables/llx_facture_fourn.sql	39
llx_facture_fourn	供应商发票	13	tms	timestamp	timestamp	YES	CURRENT_TIMESTAMP	N	N	idx_facture_fourn_tms			last modification date	最后修改时间戳；源码注释：last modification date	htdocs/install/mysql/tables/llx_facture_fourn.sql	40
llx_facture_fourn	供应商发票	14	date_closing	datetime	datetime	YES		N	N				date closing	关闭日期/时间；源码注释：date closing	htdocs/install/mysql/tables/llx_facture_fourn.sql	41
llx_facture_fourn	供应商发票	15	libelle	varchar(255)	varchar	YES		N	N					字段 libelle（基于字段名推断）	htdocs/install/mysql/tables/llx_facture_fourn.sql	42
llx_facture_fourn	供应商发票	16	paye	smallint	smallint	NO	0	N	N					字段 paye（基于字段名推断）	htdocs/install/mysql/tables/llx_facture_fourn.sql	43
llx_facture_fourn	供应商发票	17	amount	double(24,8)	double	NO	0	N	N					金额	htdocs/install/mysql/tables/llx_facture_fourn.sql	44
llx_facture_fourn	供应商发票	18	remise	double(24,8)	double	YES	0	N	N					字段 remise（基于字段名推断）	htdocs/install/mysql/tables/llx_facture_fourn.sql	45
llx_facture_fourn	供应商发票	19	close_code	varchar(16)	varchar	YES		N	N				Code motif cloture sans paiement complet	代码/参考号字段；源码注释：Code motif cloture sans paiement complet	htdocs/install/mysql/tables/llx_facture_fourn.sql	47
llx_facture_fourn	供应商发票	20	close_missing_amount	double(24,8)	double	YES		N	N				TODO Amount missing when closing with a not complete payment	金额、价格或税费字段；源码注释：TODO Amount missing when closing with a not complete payment	htdocs/install/mysql/tables/llx_facture_fourn.sql	48
llx_facture_fourn	供应商发票	21	close_note	varchar(128)	varchar	YES		N	N				Commentaire cloture sans paiement complet	备注/说明字段；源码注释：Commentaire cloture sans paiement complet	htdocs/install/mysql/tables/llx_facture_fourn.sql	49
llx_facture_fourn	供应商发票	22	vat_reverse_charge	tinyint	tinyint	YES	0	N	N				By default, supplier invoice not concerned by vat reverse charge	字段 vat_reverse_charge；源码注释：By default, supplier invoice not concerned by vat reverse charge	htdocs/install/mysql/tables/llx_facture_fourn.sql	51
llx_facture_fourn	供应商发票	23	tva	double(24,8)	double	YES	0	N	N				deprecated	字段 tva；源码注释：deprecated	htdocs/install/mysql/tables/llx_facture_fourn.sql	53
llx_facture_fourn	供应商发票	24	total_tva	double(24,8)	double	YES	0	N	N					税额总计	htdocs/install/mysql/tables/llx_facture_fourn.sql	55
llx_facture_fourn	供应商发票	25	localtax1	double(24,8)	double	YES	0	N	N					金额、价格或税费字段（基于字段名推断）	htdocs/install/mysql/tables/llx_facture_fourn.sql	56
llx_facture_fourn	供应商发票	26	localtax2	double(24,8)	double	YES	0	N	N					金额、价格或税费字段（基于字段名推断）	htdocs/install/mysql/tables/llx_facture_fourn.sql	57
llx_facture_fourn	供应商发票	27	revenuestamp	double(24,8)	double	YES	0	N	N				amount total revenuestamp	字段 revenuestamp；源码注释：amount total revenuestamp	htdocs/install/mysql/tables/llx_facture_fourn.sql	58
llx_facture_fourn	供应商发票	28	total_ht	double(24,8)	double	YES	0	N	N					未含税总额	htdocs/install/mysql/tables/llx_facture_fourn.sql	59
llx_facture_fourn	供应商发票	29	total_ttc	double(24,8)	double	YES	0	N	N					含税总额	htdocs/install/mysql/tables/llx_facture_fourn.sql	60
llx_facture_fourn	供应商发票	30	fk_statut	smallint	smallint	NO	0	N	N					状态码	htdocs/install/mysql/tables/llx_facture_fourn.sql	62
llx_facture_fourn	供应商发票	31	fk_user_author	integer	integer	YES		N	N	idx_facture_fourn_fk_user_author		llx_user.rowid	user making creation	创建人/制单人用户 ID；源码注释：user making creation	htdocs/install/mysql/tables/llx_facture_fourn.sql	64
llx_facture_fourn	供应商发票	32	fk_user_modif	integer	integer	YES		N	N				user making last change	最后修改人用户 ID；源码注释：user making last change	htdocs/install/mysql/tables/llx_facture_fourn.sql	65
llx_facture_fourn	供应商发票	33	fk_user_valid	integer	integer	YES		N	N	idx_facture_fourn_fk_user_valid		llx_user.rowid	user validating	审核/验证人用户 ID；源码注释：user validating	htdocs/install/mysql/tables/llx_facture_fourn.sql	66
llx_facture_fourn	供应商发票	34	fk_user_closing	integer	integer	YES		N	N				user closing	关闭/结账人用户 ID；源码注释：user closing	htdocs/install/mysql/tables/llx_facture_fourn.sql	67
llx_facture_fourn	供应商发票	35	fk_fac_rec_source	integer	integer	YES		N	N				facture rec source	外部关联 ID（具体目标以外键或业务代码为准）；源码注释：facture rec source	htdocs/install/mysql/tables/llx_facture_fourn.sql	69
llx_facture_fourn	供应商发票	36	fk_facture_source	integer	integer	YES		N	N				facture origine si facture avoir	外部关联 ID（具体目标以外键或业务代码为准）；源码注释：facture origine si facture avoir	htdocs/install/mysql/tables/llx_facture_fourn.sql	70
llx_facture_fourn	供应商发票	37	fk_projet	integer	integer	YES		N	N	idx_facture_fourn_fk_projet		llx_projet.rowid	projet auquel est associee la facture	关联项目 ID；源码注释：projet auquel est associee la facture	htdocs/install/mysql/tables/llx_facture_fourn.sql	71
llx_facture_fourn	供应商发票	38	fk_account	integer	integer	YES		N	N				bank account	关联银行账户 ID；源码注释：bank account	htdocs/install/mysql/tables/llx_facture_fourn.sql	73
llx_facture_fourn	供应商发票	39	fk_cond_reglement	integer	integer	YES		N	N				condition de reglement (30 jours, fin de mois ...)	外部关联 ID（具体目标以外键或业务代码为准）；源码注释：condition de reglement (30 jours, fin de mois ...)	htdocs/install/mysql/tables/llx_facture_fourn.sql	74
llx_facture_fourn	供应商发票	40	fk_mode_reglement	integer	integer	YES		N	N				mode de reglement (CHQ, VIR, ...)	外部关联 ID（具体目标以外键或业务代码为准）；源码注释：mode de reglement (CHQ, VIR, ...)	htdocs/install/mysql/tables/llx_facture_fourn.sql	75
llx_facture_fourn	供应商发票	41	date_lim_reglement	date	date	YES		N	N	idx_facture_fourn_date_lim_reglement			date limite de reglement	日期/时间字段；源码注释：date limite de reglement	htdocs/install/mysql/tables/llx_facture_fourn.sql	76
llx_facture_fourn	供应商发票	42	payment_reference	varchar(25)	varchar	YES		N	N				SEPA and any other national or custom payment id (use case for this field is not clear)	字段 payment_reference；源码注释：SEPA and any other national or custom payment id (use case for this field is not clear)	htdocs/install/mysql/tables/llx_facture_fourn.sql	78
llx_facture_fourn	供应商发票	43	fk_thirdparty_rib_id	integer	integer	YES		N	N				ID of thirdparty payment mode in llx_societe_rib	外部关联 ID（具体目标以外键或业务代码为准）；源码注释：ID of thirdparty payment mode in llx_societe_rib	htdocs/install/mysql/tables/llx_facture_fourn.sql	79
llx_facture_fourn	供应商发票	44	dispute_status	integer	integer	YES	0	N	N				set to 1 if a dispute on a payment of invoice is open	字段 dispute_status；源码注释：set to 1 if a dispute on a payment of invoice is open	htdocs/install/mysql/tables/llx_facture_fourn.sql	80
llx_facture_fourn	供应商发票	45	note_private	text	text	YES		N	N					内部备注	htdocs/install/mysql/tables/llx_facture_fourn.sql	82
llx_facture_fourn	供应商发票	46	note_public	text	text	YES		N	N					公开备注	htdocs/install/mysql/tables/llx_facture_fourn.sql	83
llx_facture_fourn	供应商发票	47	fk_incoterms	integer	integer	YES		N	N				for incoterms	外部关联 ID（具体目标以外键或业务代码为准）；源码注释：for incoterms	htdocs/install/mysql/tables/llx_facture_fourn.sql	84
llx_facture_fourn	供应商发票	48	location_incoterms	varchar(255)	varchar	YES		N	N				for incoterms	字段 location_incoterms；源码注释：for incoterms	htdocs/install/mysql/tables/llx_facture_fourn.sql	85
llx_facture_fourn	供应商发票	49	fk_transport_mode	integer	integer	YES		N	N				for intracomm report	外部关联 ID（具体目标以外键或业务代码为准）；源码注释：for intracomm report	htdocs/install/mysql/tables/llx_facture_fourn.sql	87
llx_facture_fourn	供应商发票	50	model_pdf	varchar(255)	varchar	YES		N	N					字段 model_pdf（基于字段名推断）	htdocs/install/mysql/tables/llx_facture_fourn.sql	89
llx_facture_fourn	供应商发票	51	last_main_doc	varchar(255)	varchar	YES		N	N				relative filepath+filename of last main generated document	字段 last_main_doc；源码注释：relative filepath+filename of last main generated document	htdocs/install/mysql/tables/llx_facture_fourn.sql	90
llx_facture_fourn	供应商发票	52	import_key	varchar(14)	varchar	YES		N	N					导入批次/外部导入键	htdocs/install/mysql/tables/llx_facture_fourn.sql	92
llx_facture_fourn	供应商发票	53	extraparams	varchar(255)	varchar	YES		N	N				for stock other parameters with json format	扩展参数/结构化文本；源码注释：for stock other parameters with json format	htdocs/install/mysql/tables/llx_facture_fourn.sql	93
llx_facture_fourn	供应商发票	54	fk_multicurrency	integer	integer	YES		N	N					外部关联 ID（具体目标以外键或业务代码为准）（基于字段名推断）	htdocs/install/mysql/tables/llx_facture_fourn.sql	95
llx_facture_fourn	供应商发票	55	multicurrency_code	varchar(3)	varchar	YES		N	N					代码/参考号字段（基于字段名推断）	htdocs/install/mysql/tables/llx_facture_fourn.sql	96
llx_facture_fourn	供应商发票	56	multicurrency_tx	double(24,8)	double	YES	1	N	N					字段 multicurrency_tx（基于字段名推断）	htdocs/install/mysql/tables/llx_facture_fourn.sql	97
llx_facture_fourn	供应商发票	57	multicurrency_total_ht	double(24,8)	double	YES	0	N	N					金额、价格或税费字段（基于字段名推断）	htdocs/install/mysql/tables/llx_facture_fourn.sql	98
llx_facture_fourn	供应商发票	58	multicurrency_total_tva	double(24,8)	double	YES	0	N	N					金额、价格或税费字段（基于字段名推断）	htdocs/install/mysql/tables/llx_facture_fourn.sql	99
llx_facture_fourn	供应商发票	59	multicurrency_total_ttc	double(24,8)	double	YES	0	N	N					金额、价格或税费字段（基于字段名推断）	htdocs/install/mysql/tables/llx_facture_fourn.sql	100
llx_facture_fourn_det	供应商发票	1	rowid	integer	integer	NO		Y	Y	PRIMARY	PRIMARY			主键行标识；通常为自增整数	htdocs/install/mysql/tables/llx_facture_fourn_det.sql	23
llx_facture_fourn_det	供应商发票	2	fk_facture_fourn	integer	integer	NO		N	N	idx_facture_fourn_det_fk_facture, uk_fk_remise_except	uk_fk_remise_except	llx_facture_fourn.rowid		外部关联 ID（具体目标以外键或业务代码为准）（基于字段名推断）	htdocs/install/mysql/tables/llx_facture_fourn_det.sql	24
llx_facture_fourn_det	供应商发票	3	fk_parent_line	integer	integer	YES		N	N					外部关联 ID（具体目标以外键或业务代码为准）（基于字段名推断）	htdocs/install/mysql/tables/llx_facture_fourn_det.sql	25
llx_facture_fourn_det	供应商发票	4	fk_product	integer	integer	YES		N	N	idx_facture_fourn_det_fk_product				关联产品/服务 ID	htdocs/install/mysql/tables/llx_facture_fourn_det.sql	26
llx_facture_fourn_det	供应商发票	5	ref	varchar(128)	varchar	YES		N	N				supplier product ref	业务参考号/单号；源码注释：supplier product ref	htdocs/install/mysql/tables/llx_facture_fourn_det.sql	27
llx_facture_fourn_det	供应商发票	6	label	varchar(255)	varchar	YES		N	N				product label	名称或标签；源码注释：product label	htdocs/install/mysql/tables/llx_facture_fourn_det.sql	28
llx_facture_fourn_det	供应商发票	7	description	text	text	YES		N	N					描述	htdocs/install/mysql/tables/llx_facture_fourn_det.sql	29
llx_facture_fourn_det	供应商发票	8	pu_ht	double(24,8)	double	YES		N	N				unit price excluding tax	字段 pu_ht；源码注释：unit price excluding tax	htdocs/install/mysql/tables/llx_facture_fourn_det.sql	30
llx_facture_fourn_det	供应商发票	9	pu_ttc	double(24,8)	double	YES		N	N				unit price with tax	字段 pu_ttc；源码注释：unit price with tax	htdocs/install/mysql/tables/llx_facture_fourn_det.sql	31
llx_facture_fourn_det	供应商发票	10	qty	real	real	YES		N	N				quantity of product/service	数量；源码注释：quantity of product/service	htdocs/install/mysql/tables/llx_facture_fourn_det.sql	32
llx_facture_fourn_det	供应商发票	11	remise_percent	real	real	YES	0	N	N				% de la remise ligne (exemple 20%)	比例/百分比字段；源码注释：% de la remise ligne (exemple 20%)	htdocs/install/mysql/tables/llx_facture_fourn_det.sql	33
llx_facture_fourn_det	供应商发票	12	fk_remise_except	integer	integer	YES		N	N	uk_fk_remise_except	uk_fk_remise_except		Lien vers table des remises fixes	外部关联 ID（具体目标以外键或业务代码为准）；源码注释：Lien vers table des remises fixes	htdocs/install/mysql/tables/llx_facture_fourn_det.sql	34
llx_facture_fourn_det	供应商发票	13	vat_src_code	varchar(10)	varchar	YES	''	N	N				Vat code used as source of vat fields. Not strict foreign key here.	代码/参考号字段；源码注释：Vat code used as source of vat fields. Not strict foreign key here.	htdocs/install/mysql/tables/llx_facture_fourn_det.sql	35
llx_facture_fourn_det	供应商发票	14	tva_tx	double(7,4)	double	YES		N	N				TVA taux product/service	字段 tva_tx；源码注释：TVA taux product/service	htdocs/install/mysql/tables/llx_facture_fourn_det.sql	36
llx_facture_fourn_det	供应商发票	15	localtax1_tx	double(7,4)	double	YES	0	N	N				localtax1 rate	金额、价格或税费字段；源码注释：localtax1 rate	htdocs/install/mysql/tables/llx_facture_fourn_det.sql	37
llx_facture_fourn_det	供应商发票	16	localtax1_type	varchar(10)	varchar	YES		N	N				localtax1 type	金额、价格或税费字段；源码注释：localtax1 type	htdocs/install/mysql/tables/llx_facture_fourn_det.sql	38
llx_facture_fourn_det	供应商发票	17	localtax2_tx	double(7,4)	double	YES	0	N	N				localtax2 rate	金额、价格或税费字段；源码注释：localtax2 rate	htdocs/install/mysql/tables/llx_facture_fourn_det.sql	39
llx_facture_fourn_det	供应商发票	18	localtax2_type	varchar(10)	varchar	YES		N	N				localtax2 type	金额、价格或税费字段；源码注释：localtax2 type	htdocs/install/mysql/tables/llx_facture_fourn_det.sql	40
llx_facture_fourn_det	供应商发票	19	total_ht	double(24,8)	double	YES		N	N				Total line price of product excluding tax	未含税总额；源码注释：Total line price of product excluding tax	htdocs/install/mysql/tables/llx_facture_fourn_det.sql	41
llx_facture_fourn_det	供应商发票	20	tva	double(24,8)	double	YES		N	N				Total TVA of line	字段 tva；源码注释：Total TVA of line	htdocs/install/mysql/tables/llx_facture_fourn_det.sql	42
llx_facture_fourn_det	供应商发票	21	total_localtax1	double(24,8)	double	YES	0	N	N				Total LocalTax1 for total quantity of line	金额、价格或税费字段；源码注释：Total LocalTax1 for total quantity of line	htdocs/install/mysql/tables/llx_facture_fourn_det.sql	43
llx_facture_fourn_det	供应商发票	22	total_localtax2	double(24,8)	double	YES	0	N	N				total LocalTax2 for total quantity of line	金额、价格或税费字段；源码注释：total LocalTax2 for total quantity of line	htdocs/install/mysql/tables/llx_facture_fourn_det.sql	44
llx_facture_fourn_det	供应商发票	23	total_ttc	double(24,8)	double	YES		N	N				Total line with tax	含税总额；源码注释：Total line with tax	htdocs/install/mysql/tables/llx_facture_fourn_det.sql	45
llx_facture_fourn_det	供应商发票	24	product_type	integer	integer	YES	0	N	N					字段 product_type（基于字段名推断）	htdocs/install/mysql/tables/llx_facture_fourn_det.sql	46
llx_facture_fourn_det	供应商发票	25	date_start	datetime	datetime	YES	NULL	N	N				date debut si service	日期/时间字段；源码注释：date debut si service	htdocs/install/mysql/tables/llx_facture_fourn_det.sql	47
llx_facture_fourn_det	供应商发票	26	date_end	datetime	datetime	YES	NULL	N	N				date fin si service	日期/时间字段；源码注释：date fin si service	htdocs/install/mysql/tables/llx_facture_fourn_det.sql	48
llx_facture_fourn_det	供应商发票	27	info_bits	integer	integer	YES	0	N	N				TVA NPR or not	字段 info_bits；源码注释：TVA NPR or not	htdocs/install/mysql/tables/llx_facture_fourn_det.sql	49
llx_facture_fourn_det	供应商发票	28	fk_code_ventilation	integer	integer	NO	0	N	N	idx_facture_fourn_det_fk_code_ventilation				外部关联 ID（具体目标以外键或业务代码为准）（基于字段名推断）	htdocs/install/mysql/tables/llx_facture_fourn_det.sql	50
llx_facture_fourn_det	供应商发票	29	special_code	integer	integer	YES	0	N	N				code for special lines	代码/参考号字段；源码注释：code for special lines	htdocs/install/mysql/tables/llx_facture_fourn_det.sql	51
llx_facture_fourn_det	供应商发票	30	rang	integer	integer	YES	0	N	N					字段 rang（基于字段名推断）	htdocs/install/mysql/tables/llx_facture_fourn_det.sql	52
llx_facture_fourn_det	供应商发票	31	import_key	varchar(14)	varchar	YES		N	N					导入批次/外部导入键	htdocs/install/mysql/tables/llx_facture_fourn_det.sql	53
llx_facture_fourn_det	供应商发票	32	fk_unit	integer	integer	YES	NULL	N	N			llx_c_units.rowid		外部关联 ID（具体目标以外键或业务代码为准）（基于字段名推断）	htdocs/install/mysql/tables/llx_facture_fourn_det.sql	54
llx_facture_fourn_det	供应商发票	33	fk_multicurrency	integer	integer	YES		N	N					外部关联 ID（具体目标以外键或业务代码为准）（基于字段名推断）	htdocs/install/mysql/tables/llx_facture_fourn_det.sql	56
llx_facture_fourn_det	供应商发票	34	multicurrency_code	varchar(3)	varchar	YES		N	N					代码/参考号字段（基于字段名推断）	htdocs/install/mysql/tables/llx_facture_fourn_det.sql	57
llx_facture_fourn_det	供应商发票	35	multicurrency_subprice	double(24,8)	double	YES	0	N	N					金额、价格或税费字段（基于字段名推断）	htdocs/install/mysql/tables/llx_facture_fourn_det.sql	58
llx_facture_fourn_det	供应商发票	36	multicurrency_subprice_ttc	double(24,8)	double	YES	0	N	N					金额、价格或税费字段（基于字段名推断）	htdocs/install/mysql/tables/llx_facture_fourn_det.sql	59
llx_facture_fourn_det	供应商发票	37	multicurrency_total_ht	double(24,8)	double	YES	0	N	N					金额、价格或税费字段（基于字段名推断）	htdocs/install/mysql/tables/llx_facture_fourn_det.sql	60
llx_facture_fourn_det	供应商发票	38	multicurrency_total_tva	double(24,8)	double	YES	0	N	N					金额、价格或税费字段（基于字段名推断）	htdocs/install/mysql/tables/llx_facture_fourn_det.sql	61
llx_facture_fourn_det	供应商发票	39	multicurrency_total_ttc	double(24,8)	double	YES	0	N	N					金额、价格或税费字段（基于字段名推断）	htdocs/install/mysql/tables/llx_facture_fourn_det.sql	62
llx_facture_fourn_det	供应商发票	40	extraparams	varchar(255)	varchar	YES		N	N				to stock other parameters in json format	扩展参数/结构化文本；源码注释：to stock other parameters in json format	htdocs/install/mysql/tables/llx_facture_fourn_det.sql	63
llx_facture_fourn_det_extrafields	供应商发票	1	rowid	integer	integer	NO		Y	Y	PRIMARY	PRIMARY			主键行标识；通常为自增整数	htdocs/install/mysql/tables/llx_facture_fourn_det_extrafields.sql	21
llx_facture_fourn_det_extrafields	供应商发票	2	tms	timestamp	timestamp	YES	CURRENT_TIMESTAMP	N	N					最后修改时间戳	htdocs/install/mysql/tables/llx_facture_fourn_det_extrafields.sql	22
llx_facture_fourn_det_extrafields	供应商发票	3	fk_object	integer	integer	NO		N	N	uk_facture_fourn_det_extrafields	uk_facture_fourn_det_extrafields			外部关联 ID（具体目标以外键或业务代码为准）（基于字段名推断）	htdocs/install/mysql/tables/llx_facture_fourn_det_extrafields.sql	23
llx_facture_fourn_det_extrafields	供应商发票	4	import_key	varchar(14)	varchar	YES		N	N				import key	导入批次/外部导入键；源码注释：import key	htdocs/install/mysql/tables/llx_facture_fourn_det_extrafields.sql	24
llx_facture_fourn_det_rec	供应商发票	1	rowid	integer	integer	NO		Y	Y	PRIMARY	PRIMARY			主键行标识；通常为自增整数	htdocs/install/mysql/tables/llx_facture_fourn_det_rec.sql	20
llx_facture_fourn_det_rec	供应商发票	2	fk_facture_fourn	integer	integer	NO		N	N					外部关联 ID（具体目标以外键或业务代码为准）（基于字段名推断）	htdocs/install/mysql/tables/llx_facture_fourn_det_rec.sql	21
llx_facture_fourn_det_rec	供应商发票	3	fk_parent_line	integer	integer	YES		N	N					外部关联 ID（具体目标以外键或业务代码为准）（基于字段名推断）	htdocs/install/mysql/tables/llx_facture_fourn_det_rec.sql	22
llx_facture_fourn_det_rec	供应商发票	4	fk_product	integer	integer	YES		N	N					关联产品/服务 ID	htdocs/install/mysql/tables/llx_facture_fourn_det_rec.sql	23
llx_facture_fourn_det_rec	供应商发票	5	ref	varchar(50)	varchar	YES		N	N				supplier product ref	业务参考号/单号；源码注释：supplier product ref	htdocs/install/mysql/tables/llx_facture_fourn_det_rec.sql	24
llx_facture_fourn_det_rec	供应商发票	6	label	varchar(255)	varchar	YES	NULL	N	N					名称或标签	htdocs/install/mysql/tables/llx_facture_fourn_det_rec.sql	25
llx_facture_fourn_det_rec	供应商发票	7	description	text	text	YES		N	N					描述	htdocs/install/mysql/tables/llx_facture_fourn_det_rec.sql	26
llx_facture_fourn_det_rec	供应商发票	8	pu_ht	double(24,8)	double	YES		N	N				unit price excluding tax	字段 pu_ht；源码注释：unit price excluding tax	htdocs/install/mysql/tables/llx_facture_fourn_det_rec.sql	27
llx_facture_fourn_det_rec	供应商发票	9	pu_ttc	double(24,8)	double	YES		N	N				unit price with tax	字段 pu_ttc；源码注释：unit price with tax	htdocs/install/mysql/tables/llx_facture_fourn_det_rec.sql	28
llx_facture_fourn_det_rec	供应商发票	10	qty	real	real	YES		N	N				quantity of product/service	数量；源码注释：quantity of product/service	htdocs/install/mysql/tables/llx_facture_fourn_det_rec.sql	29
llx_facture_fourn_det_rec	供应商发票	11	remise_percent	real	real	YES	0	N	N				% de la remise ligne (exemple 20%)	比例/百分比字段；源码注释：% de la remise ligne (exemple 20%)	htdocs/install/mysql/tables/llx_facture_fourn_det_rec.sql	30
llx_facture_fourn_det_rec	供应商发票	12	fk_remise_except	integer	integer	YES		N	N				Lien vers table des remises fixes	外部关联 ID（具体目标以外键或业务代码为准）；源码注释：Lien vers table des remises fixes	htdocs/install/mysql/tables/llx_facture_fourn_det_rec.sql	31
llx_facture_fourn_det_rec	供应商发票	13	vat_src_code	varchar(10)	varchar	YES	''	N	N				Vat code used as source of vat fields. Not strict foreign key here.	代码/参考号字段；源码注释：Vat code used as source of vat fields. Not strict foreign key here.	htdocs/install/mysql/tables/llx_facture_fourn_det_rec.sql	32
llx_facture_fourn_det_rec	供应商发票	14	tva_tx	double(7,4)	double	YES		N	N				taux tva	字段 tva_tx；源码注释：taux tva	htdocs/install/mysql/tables/llx_facture_fourn_det_rec.sql	33
llx_facture_fourn_det_rec	供应商发票	15	localtax1_tx	double(7,4)	double	YES	0	N	N				localtax1 rate	金额、价格或税费字段；源码注释：localtax1 rate	htdocs/install/mysql/tables/llx_facture_fourn_det_rec.sql	34
llx_facture_fourn_det_rec	供应商发票	16	localtax1_type	varchar(10)	varchar	YES		N	N				localtax1 type	金额、价格或税费字段；源码注释：localtax1 type	htdocs/install/mysql/tables/llx_facture_fourn_det_rec.sql	35
llx_facture_fourn_det_rec	供应商发票	17	localtax2_tx	double(7,4)	double	YES	0	N	N				localtax2 rate	金额、价格或税费字段；源码注释：localtax2 rate	htdocs/install/mysql/tables/llx_facture_fourn_det_rec.sql	36
llx_facture_fourn_det_rec	供应商发票	18	localtax2_type	varchar(10)	varchar	YES		N	N				localtax2 type	金额、价格或税费字段；源码注释：localtax2 type	htdocs/install/mysql/tables/llx_facture_fourn_det_rec.sql	37
llx_facture_fourn_det_rec	供应商发票	19	total_ht	double(24,8)	double	YES		N	N				Total HT de la ligne toute quantity et incluant remise ligne et globale	未含税总额；源码注释：Total HT de la ligne toute quantity et incluant remise ligne et globale	htdocs/install/mysql/tables/llx_facture_fourn_det_rec.sql	38
llx_facture_fourn_det_rec	供应商发票	20	total_tva	double(24,8)	double	YES		N	N				Total TVA de la ligne toute quantity et incluant remise ligne et globale	税额总计；源码注释：Total TVA de la ligne toute quantity et incluant remise ligne et globale	htdocs/install/mysql/tables/llx_facture_fourn_det_rec.sql	39
llx_facture_fourn_det_rec	供应商发票	21	total_localtax1	double(24,8)	double	YES	0	N	N				Total LocalTax1 for total quantity of line	金额、价格或税费字段；源码注释：Total LocalTax1 for total quantity of line	htdocs/install/mysql/tables/llx_facture_fourn_det_rec.sql	40
llx_facture_fourn_det_rec	供应商发票	22	total_localtax2	double(24,8)	double	YES	0	N	N				total LocalTax2 for total quantity of line	金额、价格或税费字段；源码注释：total LocalTax2 for total quantity of line	htdocs/install/mysql/tables/llx_facture_fourn_det_rec.sql	41
llx_facture_fourn_det_rec	供应商发票	23	total_ttc	double(24,8)	double	YES		N	N				Total TTC de la ligne toute quantity et incluant remise ligne et globale	含税总额；源码注释：Total TTC de la ligne toute quantity et incluant remise ligne et globale	htdocs/install/mysql/tables/llx_facture_fourn_det_rec.sql	42
llx_facture_fourn_det_rec	供应商发票	24	product_type	integer	integer	YES	0	N	N					字段 product_type（基于字段名推断）	htdocs/install/mysql/tables/llx_facture_fourn_det_rec.sql	43
llx_facture_fourn_det_rec	供应商发票	25	date_start	integer	integer	YES	NULL	N	N				date debut si service	日期/时间字段；源码注释：date debut si service	htdocs/install/mysql/tables/llx_facture_fourn_det_rec.sql	44
llx_facture_fourn_det_rec	供应商发票	26	date_end	integer	integer	YES	NULL	N	N				date fin si service	日期/时间字段；源码注释：date fin si service	htdocs/install/mysql/tables/llx_facture_fourn_det_rec.sql	45
llx_facture_fourn_det_rec	供应商发票	27	info_bits	integer	integer	YES	0	N	N				TVA NPR ou non	字段 info_bits；源码注释：TVA NPR ou non	htdocs/install/mysql/tables/llx_facture_fourn_det_rec.sql	46
llx_facture_fourn_det_rec	供应商发票	28	special_code	integer	integer	YES	0	N	N				code for special lines	代码/参考号字段；源码注释：code for special lines	htdocs/install/mysql/tables/llx_facture_fourn_det_rec.sql	47
llx_facture_fourn_det_rec	供应商发票	29	rang	integer	integer	YES	0	N	N				ordre d'affichage	字段 rang；源码注释：ordre d'affichage	htdocs/install/mysql/tables/llx_facture_fourn_det_rec.sql	48
llx_facture_fourn_det_rec	供应商发票	30	fk_unit	integer	integer	YES	NULL	N	N			llx_c_units.rowid		外部关联 ID（具体目标以外键或业务代码为准）（基于字段名推断）	htdocs/install/mysql/tables/llx_facture_fourn_det_rec.sql	49
llx_facture_fourn_det_rec	供应商发票	31	import_key	varchar(14)	varchar	YES		N	N					导入批次/外部导入键	htdocs/install/mysql/tables/llx_facture_fourn_det_rec.sql	50
llx_facture_fourn_det_rec	供应商发票	32	fk_user_author	integer	integer	YES		N	N				user making creation	创建人/制单人用户 ID；源码注释：user making creation	htdocs/install/mysql/tables/llx_facture_fourn_det_rec.sql	52
llx_facture_fourn_det_rec	供应商发票	33	fk_user_modif	integer	integer	YES		N	N				user making last change	最后修改人用户 ID；源码注释：user making last change	htdocs/install/mysql/tables/llx_facture_fourn_det_rec.sql	53
llx_facture_fourn_det_rec	供应商发票	34	fk_multicurrency	integer	integer	YES		N	N					外部关联 ID（具体目标以外键或业务代码为准）（基于字段名推断）	htdocs/install/mysql/tables/llx_facture_fourn_det_rec.sql	55
llx_facture_fourn_det_rec	供应商发票	35	multicurrency_code	varchar(3)	varchar	YES		N	N					代码/参考号字段（基于字段名推断）	htdocs/install/mysql/tables/llx_facture_fourn_det_rec.sql	56
llx_facture_fourn_det_rec	供应商发票	36	multicurrency_subprice	double(24,8)	double	YES	0	N	N					金额、价格或税费字段（基于字段名推断）	htdocs/install/mysql/tables/llx_facture_fourn_det_rec.sql	57
llx_facture_fourn_det_rec	供应商发票	37	multicurrency_subprice_ttc	double(24,8)	double	YES	0	N	N					金额、价格或税费字段（基于字段名推断）	htdocs/install/mysql/tables/llx_facture_fourn_det_rec.sql	58
llx_facture_fourn_det_rec	供应商发票	38	multicurrency_total_ht	double(24,8)	double	YES	0	N	N					金额、价格或税费字段（基于字段名推断）	htdocs/install/mysql/tables/llx_facture_fourn_det_rec.sql	59
llx_facture_fourn_det_rec	供应商发票	39	multicurrency_total_tva	double(24,8)	double	YES	0	N	N					金额、价格或税费字段（基于字段名推断）	htdocs/install/mysql/tables/llx_facture_fourn_det_rec.sql	60
llx_facture_fourn_det_rec	供应商发票	40	multicurrency_total_ttc	double(24,8)	double	YES	0	N	N					金额、价格或税费字段（基于字段名推断）	htdocs/install/mysql/tables/llx_facture_fourn_det_rec.sql	61
llx_facture_fourn_det_rec	供应商发票	41	extraparams	varchar(255)	varchar	YES		N	N				to stock other parameters in json format	扩展参数/结构化文本；源码注释：to stock other parameters in json format	htdocs/install/mysql/tables/llx_facture_fourn_det_rec.sql	62
llx_facture_fourn_det_rec_extrafields	供应商发票	1	rowid	integer	integer	NO		Y	Y	PRIMARY	PRIMARY			主键行标识；通常为自增整数	htdocs/install/mysql/tables/llx_facture_fourn_det_rec_extrafields.sql	20
llx_facture_fourn_det_rec_extrafields	供应商发票	2	tms	timestamp	timestamp	YES	CURRENT_TIMESTAMP	N	N					最后修改时间戳	htdocs/install/mysql/tables/llx_facture_fourn_det_rec_extrafields.sql	21
llx_facture_fourn_det_rec_extrafields	供应商发票	3	fk_object	integer	integer	NO		N	N	llx_facture_fourn_det_rec_extrafields			object id	外部关联 ID（具体目标以外键或业务代码为准）；源码注释：object id	htdocs/install/mysql/tables/llx_facture_fourn_det_rec_extrafields.sql	22
llx_facture_fourn_det_rec_extrafields	供应商发票	4	import_key	varchar(14)	varchar	YES		N	N				import key	导入批次/外部导入键；源码注释：import key	htdocs/install/mysql/tables/llx_facture_fourn_det_rec_extrafields.sql	23
llx_facture_fourn_extrafields	供应商发票	1	rowid	integer	integer	NO		Y	Y	PRIMARY	PRIMARY			主键行标识；通常为自增整数	htdocs/install/mysql/tables/llx_facture_fourn_extrafields.sql	21
llx_facture_fourn_extrafields	供应商发票	2	tms	timestamp	timestamp	YES	CURRENT_TIMESTAMP	N	N					最后修改时间戳	htdocs/install/mysql/tables/llx_facture_fourn_extrafields.sql	22
llx_facture_fourn_extrafields	供应商发票	3	fk_object	integer	integer	NO		N	N	uk_facture_fourn_extrafields	uk_facture_fourn_extrafields			外部关联 ID（具体目标以外键或业务代码为准）（基于字段名推断）	htdocs/install/mysql/tables/llx_facture_fourn_extrafields.sql	23
llx_facture_fourn_extrafields	供应商发票	4	import_key	varchar(14)	varchar	YES		N	N				import key	导入批次/外部导入键；源码注释：import key	htdocs/install/mysql/tables/llx_facture_fourn_extrafields.sql	24
llx_facture_fourn_rec	供应商发票	1	rowid	integer	integer	NO		Y	Y	PRIMARY	PRIMARY			主键行标识；通常为自增整数	htdocs/install/mysql/tables/llx_facture_fourn_rec.sql	20
llx_facture_fourn_rec	供应商发票	2	titre	varchar(200)	varchar	NO		N	N	uk_facture_fourn_rec_ref	uk_facture_fourn_rec_ref			字段 titre（基于字段名推断）	htdocs/install/mysql/tables/llx_facture_fourn_rec.sql	21
llx_facture_fourn_rec	供应商发票	3	ref_supplier	varchar(180)	varchar	NO		N	N					代码/参考号字段（基于字段名推断）	htdocs/install/mysql/tables/llx_facture_fourn_rec.sql	22
llx_facture_fourn_rec	供应商发票	4	entity	integer	integer	NO	1	N	N	uk_facture_fourn_rec_ref	uk_facture_fourn_rec_ref		multi company id	多实体/多公司隔离标识；源码注释：multi company id	htdocs/install/mysql/tables/llx_facture_fourn_rec.sql	23
llx_facture_fourn_rec	供应商发票	5	subtype	smallint	smallint	YES	NULL	N	N				subtype of invoice (some countries need a subtype to classify invoices)	字段 subtype；源码注释：subtype of invoice (some countries need a subtype to classify invoices)	htdocs/install/mysql/tables/llx_facture_fourn_rec.sql	24
llx_facture_fourn_rec	供应商发票	6	fk_soc	integer	integer	NO		N	N	idx_facture_fourn_rec_fk_soc		llx_societe.rowid		关联第三方企业 ID	htdocs/install/mysql/tables/llx_facture_fourn_rec.sql	25
llx_facture_fourn_rec	供应商发票	7	datec	datetime	datetime	YES		N	N				date de creation	创建日期/时间；源码注释：date de creation	htdocs/install/mysql/tables/llx_facture_fourn_rec.sql	27
llx_facture_fourn_rec	供应商发票	8	tms	timestamp	timestamp	YES	CURRENT_TIMESTAMP	N	N				last modification date	最后修改时间戳；源码注释：last modification date	htdocs/install/mysql/tables/llx_facture_fourn_rec.sql	28
llx_facture_fourn_rec	供应商发票	9	suspended	integer	integer	YES	0	N	N				1=suspended	字段 suspended；源码注释：1=suspended	htdocs/install/mysql/tables/llx_facture_fourn_rec.sql	30
llx_facture_fourn_rec	供应商发票	10	libelle	varchar(255)	varchar	YES		N	N					字段 libelle（基于字段名推断）	htdocs/install/mysql/tables/llx_facture_fourn_rec.sql	32
llx_facture_fourn_rec	供应商发票	11	amount	double(24, 8)	double	NO	0	N	N					金额	htdocs/install/mysql/tables/llx_facture_fourn_rec.sql	33
llx_facture_fourn_rec	供应商发票	12	remise	real	real	YES	0	N	N					字段 remise（基于字段名推断）	htdocs/install/mysql/tables/llx_facture_fourn_rec.sql	34
llx_facture_fourn_rec	供应商发票	13	vat_src_code	varchar(10)	varchar	YES	''	N	N				Vat code used as source of vat fields. Not strict foreign key here.	代码/参考号字段；源码注释：Vat code used as source of vat fields. Not strict foreign key here.	htdocs/install/mysql/tables/llx_facture_fourn_rec.sql	36
llx_facture_fourn_rec	供应商发票	14	localtax1	double(24,8)	double	YES	0	N	N					金额、价格或税费字段（基于字段名推断）	htdocs/install/mysql/tables/llx_facture_fourn_rec.sql	37
llx_facture_fourn_rec	供应商发票	15	localtax2	double(24,8)	double	YES	0	N	N					金额、价格或税费字段（基于字段名推断）	htdocs/install/mysql/tables/llx_facture_fourn_rec.sql	38
llx_facture_fourn_rec	供应商发票	16	total_ht	double(24,8)	double	YES	0	N	N					未含税总额	htdocs/install/mysql/tables/llx_facture_fourn_rec.sql	39
llx_facture_fourn_rec	供应商发票	17	total_tva	double(24,8)	double	YES	0	N	N					税额总计	htdocs/install/mysql/tables/llx_facture_fourn_rec.sql	40
llx_facture_fourn_rec	供应商发票	18	total_ttc	double(24,8)	double	YES	0	N	N					含税总额	htdocs/install/mysql/tables/llx_facture_fourn_rec.sql	41
llx_facture_fourn_rec	供应商发票	19	fk_user_author	integer	integer	YES		N	N	idx_facture_fourn_rec_fk_user_author		llx_user.rowid	user creating	创建人/制单人用户 ID；源码注释：user creating	htdocs/install/mysql/tables/llx_facture_fourn_rec.sql	43
llx_facture_fourn_rec	供应商发票	20	fk_user_modif	integer	integer	YES		N	N				user making last change	最后修改人用户 ID；源码注释：user making last change	htdocs/install/mysql/tables/llx_facture_fourn_rec.sql	44
llx_facture_fourn_rec	供应商发票	21	fk_projet	integer	integer	YES		N	N	idx_facture_fourn_rec_fk_projet		llx_projet.rowid	projet auquel est associe la facture	关联项目 ID；源码注释：projet auquel est associe la facture	htdocs/install/mysql/tables/llx_facture_fourn_rec.sql	46
llx_facture_fourn_rec	供应商发票	22	fk_account	integer	integer	YES		N	N				bank account	关联银行账户 ID；源码注释：bank account	htdocs/install/mysql/tables/llx_facture_fourn_rec.sql	48
llx_facture_fourn_rec	供应商发票	23	fk_cond_reglement	integer	integer	YES		N	N				condition de reglement (30 jours, fin de mois ...)	外部关联 ID（具体目标以外键或业务代码为准）；源码注释：condition de reglement (30 jours, fin de mois ...)	htdocs/install/mysql/tables/llx_facture_fourn_rec.sql	49
llx_facture_fourn_rec	供应商发票	24	fk_mode_reglement	integer	integer	YES		N	N				mode de reglement (CHQ, VIR, ...)	外部关联 ID（具体目标以外键或业务代码为准）；源码注释：mode de reglement (CHQ, VIR, ...)	htdocs/install/mysql/tables/llx_facture_fourn_rec.sql	50
llx_facture_fourn_rec	供应商发票	25	date_lim_reglement	date	date	YES		N	N				date limite de reglement	日期/时间字段；源码注释：date limite de reglement	htdocs/install/mysql/tables/llx_facture_fourn_rec.sql	51
llx_facture_fourn_rec	供应商发票	26	note_private	text	text	YES		N	N					内部备注	htdocs/install/mysql/tables/llx_facture_fourn_rec.sql	53
llx_facture_fourn_rec	供应商发票	27	note_public	text	text	YES		N	N					公开备注	htdocs/install/mysql/tables/llx_facture_fourn_rec.sql	54
llx_facture_fourn_rec	供应商发票	28	modelpdf	varchar(255)	varchar	YES		N	N					字段 modelpdf（基于字段名推断）	htdocs/install/mysql/tables/llx_facture_fourn_rec.sql	55
llx_facture_fourn_rec	供应商发票	29	fk_multicurrency	integer	integer	YES		N	N					外部关联 ID（具体目标以外键或业务代码为准）（基于字段名推断）	htdocs/install/mysql/tables/llx_facture_fourn_rec.sql	57
llx_facture_fourn_rec	供应商发票	30	multicurrency_code	varchar(3)	varchar	YES		N	N					代码/参考号字段（基于字段名推断）	htdocs/install/mysql/tables/llx_facture_fourn_rec.sql	58
llx_facture_fourn_rec	供应商发票	31	multicurrency_tx	double(24,8)	double	YES	1	N	N					字段 multicurrency_tx（基于字段名推断）	htdocs/install/mysql/tables/llx_facture_fourn_rec.sql	59
llx_facture_fourn_rec	供应商发票	32	multicurrency_total_ht	double(24,8)	double	YES	0	N	N					金额、价格或税费字段（基于字段名推断）	htdocs/install/mysql/tables/llx_facture_fourn_rec.sql	60
llx_facture_fourn_rec	供应商发票	33	multicurrency_total_tva	double(24,8)	double	YES	0	N	N					金额、价格或税费字段（基于字段名推断）	htdocs/install/mysql/tables/llx_facture_fourn_rec.sql	61
llx_facture_fourn_rec	供应商发票	34	multicurrency_total_ttc	double(24,8)	double	YES	0	N	N					金额、价格或税费字段（基于字段名推断）	htdocs/install/mysql/tables/llx_facture_fourn_rec.sql	62
llx_facture_fourn_rec	供应商发票	35	usenewprice	integer	integer	YES	0	N	N				update invoice with current price of product instead of recorded price	金额、价格或税费字段；源码注释：update invoice with current price of product instead of recorded price	htdocs/install/mysql/tables/llx_facture_fourn_rec.sql	67
llx_facture_fourn_rec	供应商发票	36	usenewcurrencyrate	integer	integer	YES	0	N	N				update invoice with last currency rate instead of recorded rate	比例/百分比字段；源码注释：update invoice with last currency rate instead of recorded rate	htdocs/install/mysql/tables/llx_facture_fourn_rec.sql	68
llx_facture_fourn_rec	供应商发票	37	frequency	integer	integer	YES		N	N				frequency (for example: 3 for every 3 month)	字段 frequency；源码注释：frequency (for example: 3 for every 3 month)	htdocs/install/mysql/tables/llx_facture_fourn_rec.sql	69
llx_facture_fourn_rec	供应商发票	38	unit_frequency	varchar(2)	varchar	YES	'm'	N	N				'm' for month (date_when must be a day <= 28), 'y' for year, ...	字段 unit_frequency；源码注释：'m' for month (date_when must be a day <= 28), 'y' for year, ...	htdocs/install/mysql/tables/llx_facture_fourn_rec.sql	70
llx_facture_fourn_rec	供应商发票	39	date_when	datetime	datetime	YES	NULL	N	N				date for next gen (when an invoice is generated, this field must be updated with next date)	日期/时间字段；源码注释：date for next gen (when an invoice is generated, this field must be updated with next date)	htdocs/install/mysql/tables/llx_facture_fourn_rec.sql	72
llx_facture_fourn_rec	供应商发票	40	date_last_gen	datetime	datetime	YES	NULL	N	N				date for last gen (date with last successfull generation of invoice)	日期/时间字段；源码注释：date for last gen (date with last successfull generation of invoice)	htdocs/install/mysql/tables/llx_facture_fourn_rec.sql	73
llx_facture_fourn_rec	供应商发票	41	nb_gen_done	integer	integer	YES	NULL	N	N				nb of generation done (when an invoice is generated, this field must incremented)	字段 nb_gen_done；源码注释：nb of generation done (when an invoice is generated, this field must incremented)	htdocs/install/mysql/tables/llx_facture_fourn_rec.sql	74
llx_facture_fourn_rec	供应商发票	42	nb_gen_max	integer	integer	YES	NULL	N	N				maximum number of generation	字段 nb_gen_max；源码注释：maximum number of generation	htdocs/install/mysql/tables/llx_facture_fourn_rec.sql	75
llx_facture_fourn_rec	供应商发票	43	auto_validate	integer	integer	YES	0	N	N				0 to create in draft, 1 to create and validate the new invoice	日期/时间字段；源码注释：0 to create in draft, 1 to create and validate the new invoice	htdocs/install/mysql/tables/llx_facture_fourn_rec.sql	76
llx_facture_fourn_rec	供应商发票	44	generate_pdf	integer	integer	YES	1	N	N				0 disable pdf, 1 to generate pdf	比例/百分比字段；源码注释：0 disable pdf, 1 to generate pdf	htdocs/install/mysql/tables/llx_facture_fourn_rec.sql	77
llx_facture_fourn_rec_extrafields	供应商发票	1	rowid	integer	integer	NO		Y	Y	PRIMARY	PRIMARY			主键行标识；通常为自增整数	htdocs/install/mysql/tables/llx_facture_fourn_rec_extrafields.sql	3
llx_facture_fourn_rec_extrafields	供应商发票	2	tms	timestamp	timestamp	YES	CURRENT_TIMESTAMP	N	N					最后修改时间戳	htdocs/install/mysql/tables/llx_facture_fourn_rec_extrafields.sql	4
llx_facture_fourn_rec_extrafields	供应商发票	3	fk_object	integer	integer	NO		N	N	uk_facture_fourn_rec_extrafields	uk_facture_fourn_rec_extrafields			外部关联 ID（具体目标以外键或业务代码为准）（基于字段名推断）	htdocs/install/mysql/tables/llx_facture_fourn_rec_extrafields.sql	5
llx_facture_fourn_rec_extrafields	供应商发票	4	import_key	varchar(14)	varchar	YES		N	N				import key	导入批次/外部导入键；源码注释：import key	htdocs/install/mysql/tables/llx_facture_fourn_rec_extrafields.sql	6
llx_facture_rec	客户发票	1	rowid	integer	integer	NO		Y	Y	PRIMARY	PRIMARY			主键行标识；通常为自增整数	htdocs/install/mysql/tables/llx_facture_rec.sql	24
llx_facture_rec	客户发票	2	titre	varchar(200)	varchar	NO		N	N	idx_facture_rec_uk_titre	idx_facture_rec_uk_titre			字段 titre（基于字段名推断）	htdocs/install/mysql/tables/llx_facture_rec.sql	25
llx_facture_rec	客户发票	3	entity	integer	integer	NO	1	N	N	idx_facture_rec_uk_titre	idx_facture_rec_uk_titre		multi company id	多实体/多公司隔离标识；源码注释：multi company id	htdocs/install/mysql/tables/llx_facture_rec.sql	26
llx_facture_rec	客户发票	4	subtype	smallint	smallint	YES	NULL	N	N				subtype of invoice (some countries need a subtype to classify invoices)	字段 subtype；源码注释：subtype of invoice (some countries need a subtype to classify invoices)	htdocs/install/mysql/tables/llx_facture_rec.sql	27
llx_facture_rec	客户发票	5	fk_soc	integer	integer	NO		N	N	idx_facture_rec_fk_soc		llx_societe.rowid		关联第三方企业 ID	htdocs/install/mysql/tables/llx_facture_rec.sql	28
llx_facture_rec	客户发票	6	datec	datetime	datetime	YES		N	N	idx_facture_rec_datec			date de creation	创建日期/时间；源码注释：date de creation	htdocs/install/mysql/tables/llx_facture_rec.sql	29
llx_facture_rec	客户发票	7	tms	timestamp	timestamp	YES	CURRENT_TIMESTAMP	N	N				last modification date	最后修改时间戳；源码注释：last modification date	htdocs/install/mysql/tables/llx_facture_rec.sql	30
llx_facture_rec	客户发票	8	suspended	integer	integer	YES	0	N	N				1=suspended	字段 suspended；源码注释：1=suspended	htdocs/install/mysql/tables/llx_facture_rec.sql	32
llx_facture_rec	客户发票	9	amount	double(24,8)	double	NO	0	N	N					金额	htdocs/install/mysql/tables/llx_facture_rec.sql	34
llx_facture_rec	客户发票	10	remise	real	real	YES	0	N	N				deprecated (not used)	字段 remise；源码注释：deprecated (not used)	htdocs/install/mysql/tables/llx_facture_rec.sql	36
llx_facture_rec	客户发票	11	remise_percent	real	real	YES	0	N	N				deprecated (not used)	比例/百分比字段；源码注释：deprecated (not used)	htdocs/install/mysql/tables/llx_facture_rec.sql	37
llx_facture_rec	客户发票	12	remise_absolue	real	real	YES	0	N	N				deprecated (not used)	字段 remise_absolue；源码注释：deprecated (not used)	htdocs/install/mysql/tables/llx_facture_rec.sql	38
llx_facture_rec	客户发票	13	vat_src_code	varchar(10)	varchar	YES	''	N	N				deprecated TODO Remove this. Field is inside the table of lines	代码/参考号字段；源码注释：deprecated TODO Remove this. Field is inside the table of lines	htdocs/install/mysql/tables/llx_facture_rec.sql	40
llx_facture_rec	客户发票	14	total_tva	double(24,8)	double	YES	0	N	N					税额总计	htdocs/install/mysql/tables/llx_facture_rec.sql	42
llx_facture_rec	客户发票	15	localtax1	double(24,8)	double	YES	0	N	N				amount localtax1	金额、价格或税费字段；源码注释：amount localtax1	htdocs/install/mysql/tables/llx_facture_rec.sql	43
llx_facture_rec	客户发票	16	localtax2	double(24,8)	double	YES	0	N	N				amount localtax2	金额、价格或税费字段；源码注释：amount localtax2	htdocs/install/mysql/tables/llx_facture_rec.sql	44
llx_facture_rec	客户发票	17	revenuestamp	double(24,8)	double	YES	0	N	N				amount total revenuestamp	字段 revenuestamp；源码注释：amount total revenuestamp	htdocs/install/mysql/tables/llx_facture_rec.sql	45
llx_facture_rec	客户发票	18	total_ht	double(24,8)	double	YES	0	N	N					未含税总额	htdocs/install/mysql/tables/llx_facture_rec.sql	46
llx_facture_rec	客户发票	19	total_ttc	double(24,8)	double	YES	0	N	N					含税总额	htdocs/install/mysql/tables/llx_facture_rec.sql	47
llx_facture_rec	客户发票	20	fk_user_author	integer	integer	YES		N	N	idx_facture_rec_fk_user_author		llx_user.rowid	user creating	创建人/制单人用户 ID；源码注释：user creating	htdocs/install/mysql/tables/llx_facture_rec.sql	49
llx_facture_rec	客户发票	21	fk_user_modif	integer	integer	YES		N	N				user making last change	最后修改人用户 ID；源码注释：user making last change	htdocs/install/mysql/tables/llx_facture_rec.sql	50
llx_facture_rec	客户发票	22	fk_projet	integer	integer	YES		N	N	idx_facture_rec_fk_projet		llx_projet.rowid	projet auquel est associe la facture	关联项目 ID；源码注释：projet auquel est associe la facture	htdocs/install/mysql/tables/llx_facture_rec.sql	52
llx_facture_rec	客户发票	23	fk_cond_reglement	integer	integer	NO	1	N	N				condition de reglement	外部关联 ID（具体目标以外键或业务代码为准）；源码注释：condition de reglement	htdocs/install/mysql/tables/llx_facture_rec.sql	54
llx_facture_rec	客户发票	24	fk_mode_reglement	integer	integer	YES	0	N	N				mode de reglement (Virement, Prelevement)	外部关联 ID（具体目标以外键或业务代码为准）；源码注释：mode de reglement (Virement, Prelevement)	htdocs/install/mysql/tables/llx_facture_rec.sql	55
llx_facture_rec	客户发票	25	date_lim_reglement	date	date	YES		N	N				date limite de reglement	日期/时间字段；源码注释：date limite de reglement	htdocs/install/mysql/tables/llx_facture_rec.sql	56
llx_facture_rec	客户发票	26	fk_account	integer	integer	YES		N	N				bank account id	关联银行账户 ID；源码注释：bank account id	htdocs/install/mysql/tables/llx_facture_rec.sql	57
llx_facture_rec	客户发票	27	fk_societe_rib	integer	integer	YES		N	N					外部关联 ID（具体目标以外键或业务代码为准）（基于字段名推断）	htdocs/install/mysql/tables/llx_facture_rec.sql	58
llx_facture_rec	客户发票	28	note_private	text	text	YES		N	N					内部备注	htdocs/install/mysql/tables/llx_facture_rec.sql	59
llx_facture_rec	客户发票	29	note_public	text	text	YES		N	N					公开备注	htdocs/install/mysql/tables/llx_facture_rec.sql	60
llx_facture_rec	客户发票	30	modelpdf	varchar(255)	varchar	YES		N	N					字段 modelpdf（基于字段名推断）	htdocs/install/mysql/tables/llx_facture_rec.sql	61
llx_facture_rec	客户发票	31	fk_multicurrency	integer	integer	YES		N	N					外部关联 ID（具体目标以外键或业务代码为准）（基于字段名推断）	htdocs/install/mysql/tables/llx_facture_rec.sql	63
llx_facture_rec	客户发票	32	multicurrency_code	varchar(3)	varchar	YES		N	N					代码/参考号字段（基于字段名推断）	htdocs/install/mysql/tables/llx_facture_rec.sql	64
llx_facture_rec	客户发票	33	multicurrency_tx	double(24,8)	double	YES	1	N	N					字段 multicurrency_tx（基于字段名推断）	htdocs/install/mysql/tables/llx_facture_rec.sql	65
llx_facture_rec	客户发票	34	multicurrency_total_ht	double(24,8)	double	YES	0	N	N					金额、价格或税费字段（基于字段名推断）	htdocs/install/mysql/tables/llx_facture_rec.sql	66
llx_facture_rec	客户发票	35	multicurrency_total_tva	double(24,8)	double	YES	0	N	N					金额、价格或税费字段（基于字段名推断）	htdocs/install/mysql/tables/llx_facture_rec.sql	67
llx_facture_rec	客户发票	36	multicurrency_total_ttc	double(24,8)	double	YES	0	N	N					金额、价格或税费字段（基于字段名推断）	htdocs/install/mysql/tables/llx_facture_rec.sql	68
llx_facture_rec	客户发票	37	usenewprice	integer	integer	YES	0	N	N				update invoice with current price of product instead of recorded price	金额、价格或税费字段；源码注释：update invoice with current price of product instead of recorded price	htdocs/install/mysql/tables/llx_facture_rec.sql	70
llx_facture_rec	客户发票	38	usenewcurrencyrate	integer	integer	YES	0	N	N				update invoice with last currency rate instead of recorded rate	比例/百分比字段；源码注释：update invoice with last currency rate instead of recorded rate	htdocs/install/mysql/tables/llx_facture_rec.sql	71
llx_facture_rec	客户发票	39	frequency	integer	integer	YES		N	N				frequency (for example: 3 for every 3 month)	字段 frequency；源码注释：frequency (for example: 3 for every 3 month)	htdocs/install/mysql/tables/llx_facture_rec.sql	72
llx_facture_rec	客户发票	40	unit_frequency	varchar(2)	varchar	YES	'm'	N	N				'm' for month (date_when must be a day <= 28), 'y' for year, ...	字段 unit_frequency；源码注释：'m' for month (date_when must be a day <= 28), 'y' for year, ...	htdocs/install/mysql/tables/llx_facture_rec.sql	73
llx_facture_rec	客户发票	41	rule_for_lines_dates	varchar(255)	varchar	YES	'prepaid'	N	N					日期/时间字段（基于字段名推断）	htdocs/install/mysql/tables/llx_facture_rec.sql	74
llx_facture_rec	客户发票	42	date_when	datetime	datetime	YES	NULL	N	N				date for next gen (when an invoice is generated, this field must be updated with next date)	日期/时间字段；源码注释：date for next gen (when an invoice is generated, this field must be updated with next date)	htdocs/install/mysql/tables/llx_facture_rec.sql	76
llx_facture_rec	客户发票	43	date_last_gen	datetime	datetime	YES	NULL	N	N				date for last gen (date with last successfull generation of invoice)	日期/时间字段；源码注释：date for last gen (date with last successfull generation of invoice)	htdocs/install/mysql/tables/llx_facture_rec.sql	77
llx_facture_rec	客户发票	44	nb_gen_done	integer	integer	YES	NULL	N	N				nb of generation done (when an invoice is generated, this field must incremented)	字段 nb_gen_done；源码注释：nb of generation done (when an invoice is generated, this field must incremented)	htdocs/install/mysql/tables/llx_facture_rec.sql	78
llx_facture_rec	客户发票	45	nb_gen_max	integer	integer	YES	NULL	N	N				maximum number of generation	字段 nb_gen_max；源码注释：maximum number of generation	htdocs/install/mysql/tables/llx_facture_rec.sql	79
llx_facture_rec	客户发票	46	auto_validate	integer	integer	YES	0	N	N				0 to create in draft, 1 to create and validate the new invoice, 2 to create+validate and send	日期/时间字段；源码注释：0 to create in draft, 1 to create and validate the new invoice, 2 to create+validate and send	htdocs/install/mysql/tables/llx_facture_rec.sql	80
llx_facture_rec	客户发票	47	fk_email_template	integer	integer	YES	NULL	N	N				email template for automatic sending	外部关联 ID（具体目标以外键或业务代码为准）；源码注释：email template for automatic sending	htdocs/install/mysql/tables/llx_facture_rec.sql	81
llx_facture_rec	客户发票	48	generate_pdf	integer	integer	YES	1	N	N				0 disable pdf, 1 to generate pdf	比例/百分比字段；源码注释：0 disable pdf, 1 to generate pdf	htdocs/install/mysql/tables/llx_facture_rec.sql	82
llx_facture_rec_extrafields	客户发票	1	rowid	integer	integer	NO		Y	Y	PRIMARY	PRIMARY			主键行标识；通常为自增整数	htdocs/install/mysql/tables/llx_facture_rec_extrafields.sql	21
llx_facture_rec_extrafields	客户发票	2	tms	timestamp	timestamp	YES	CURRENT_TIMESTAMP	N	N					最后修改时间戳	htdocs/install/mysql/tables/llx_facture_rec_extrafields.sql	22
llx_facture_rec_extrafields	客户发票	3	fk_object	integer	integer	NO		N	N	uk_facture_rec_extrafields	uk_facture_rec_extrafields			外部关联 ID（具体目标以外键或业务代码为准）（基于字段名推断）	htdocs/install/mysql/tables/llx_facture_rec_extrafields.sql	23
llx_facture_rec_extrafields	客户发票	4	import_key	varchar(14)	varchar	YES		N	N				import key	导入批次/外部导入键；源码注释：import key	htdocs/install/mysql/tables/llx_facture_rec_extrafields.sql	24
llx_facturedet	客户发票	1	rowid	integer	integer	NO		Y	Y	PRIMARY	PRIMARY			主键行标识；通常为自增整数	htdocs/install/mysql/tables/llx_facturedet.sql	27
llx_facturedet	客户发票	2	fk_facture	integer	integer	NO		N	N	idx_facturedet_fk_facture, uk_fk_remise_except	uk_fk_remise_except	llx_facture.rowid		外部关联 ID（具体目标以外键或业务代码为准）（基于字段名推断）	htdocs/install/mysql/tables/llx_facturedet.sql	28
llx_facturedet	客户发票	3	fk_parent_line	integer	integer	YES		N	N				ID of source line when line was generated from another object	外部关联 ID（具体目标以外键或业务代码为准）；源码注释：ID of source line when line was generated from another object	htdocs/install/mysql/tables/llx_facturedet.sql	29
llx_facturedet	客户发票	4	fk_product	integer	integer	YES		N	N	idx_facturedet_fk_product			could be null for lines without products	关联产品/服务 ID；源码注释：could be null for lines without products	htdocs/install/mysql/tables/llx_facturedet.sql	30
llx_facturedet	客户发票	5	label	varchar(255)	varchar	YES	NULL	N	N					名称或标签	htdocs/install/mysql/tables/llx_facturedet.sql	31
llx_facturedet	客户发票	6	description	text	text	YES		N	N					描述	htdocs/install/mysql/tables/llx_facturedet.sql	32
llx_facturedet	客户发票	7	vat_src_code	varchar(10)	varchar	YES	''	N	N				Vat code used as source of vat fields. Not strict foreign key here.	代码/参考号字段；源码注释：Vat code used as source of vat fields. Not strict foreign key here.	htdocs/install/mysql/tables/llx_facturedet.sql	33
llx_facturedet	客户发票	8	tva_tx	double(7,4)	double	YES		N	N				Vat rate (example 20%)	字段 tva_tx；源码注释：Vat rate (example 20%)	htdocs/install/mysql/tables/llx_facturedet.sql	34
llx_facturedet	客户发票	9	localtax1_tx	double(7,4)	double	YES	0	N	N				localtax1 rate	金额、价格或税费字段；源码注释：localtax1 rate	htdocs/install/mysql/tables/llx_facturedet.sql	35
llx_facturedet	客户发票	10	localtax1_type	varchar(10)	varchar	YES		N	N				localtax1 type	金额、价格或税费字段；源码注释：localtax1 type	htdocs/install/mysql/tables/llx_facturedet.sql	36
llx_facturedet	客户发票	11	localtax2_tx	double(7,4)	double	YES	0	N	N				localtax2 rate	金额、价格或税费字段；源码注释：localtax2 rate	htdocs/install/mysql/tables/llx_facturedet.sql	37
llx_facturedet	客户发票	12	localtax2_type	varchar(10)	varchar	YES		N	N				localtax2 type	金额、价格或税费字段；源码注释：localtax2 type	htdocs/install/mysql/tables/llx_facturedet.sql	38
llx_facturedet	客户发票	13	qty	real	real	YES		N	N				Quantity (example 2). Note: for credit note, the price is negative, not the quantity. Like for discount, price is negative, not quantity.	数量；源码注释：Quantity (example 2). Note: for credit note, the price is negative, not the quantity. Like for discount, price is negative, not quantity.	htdocs/install/mysql/tables/llx_facturedet.sql	39
llx_facturedet	客户发票	14	remise_percent	real	real	YES	0	N	N				% of discount on line (example 20%)	比例/百分比字段；源码注释：% of discount on line (example 20%)	htdocs/install/mysql/tables/llx_facturedet.sql	41
llx_facturedet	客户发票	15	remise	real	real	YES	0	N	N				Deprecated (Do, not use)	字段 remise；源码注释：Deprecated (Do, not use)	htdocs/install/mysql/tables/llx_facturedet.sql	42
llx_facturedet	客户发票	16	fk_remise_except	integer	integer	YES		N	N	uk_fk_remise_except	uk_fk_remise_except		Link to table of flat discounts	外部关联 ID（具体目标以外键或业务代码为准）；源码注释：Link to table of flat discounts	htdocs/install/mysql/tables/llx_facturedet.sql	43
llx_facturedet	客户发票	17	subprice	double(24,8)	double	YES		N	N				unit price HT (example 100) - discount not included - ratio of situation invoices not included	金额、价格或税费字段；源码注释：unit price HT (example 100) - discount not included - ratio of situation invoices not included	htdocs/install/mysql/tables/llx_facturedet.sql	44
llx_facturedet	客户发票	18	subprice_ttc	double(24,8)	double	YES	0	N	N				unit price if price was entered including tax - discount not included - ratio of situation invoices not included	金额、价格或税费字段；源码注释：unit price if price was entered including tax - discount not included - ratio of situation invoices not included	htdocs/install/mysql/tables/llx_facturedet.sql	45
llx_facturedet	客户发票	19	price	double(24,8)	double	YES		N	N				Deprecated (Do not use)	价格；源码注释：Deprecated (Do not use)	htdocs/install/mysql/tables/llx_facturedet.sql	46
llx_facturedet	客户发票	20	total_ht	double(24,8)	double	YES		N	N				Total HT de la ligne toute quantite et incluant remise ligne et globale	未含税总额；源码注释：Total HT de la ligne toute quantite et incluant remise ligne et globale	htdocs/install/mysql/tables/llx_facturedet.sql	47
llx_facturedet	客户发票	21	total_tva	double(24,8)	double	YES		N	N				Total TVA de la ligne toute quantite et incluant remise ligne et globale	税额总计；源码注释：Total TVA de la ligne toute quantite et incluant remise ligne et globale	htdocs/install/mysql/tables/llx_facturedet.sql	48
llx_facturedet	客户发票	22	total_localtax1	double(24,8)	double	YES	0	N	N				Total LocalTax1 for total quantity of line	金额、价格或税费字段；源码注释：Total LocalTax1 for total quantity of line	htdocs/install/mysql/tables/llx_facturedet.sql	49
llx_facturedet	客户发票	23	total_localtax2	double(24,8)	double	YES	0	N	N				Total LocalTax2 for total quantity of line	金额、价格或税费字段；源码注释：Total LocalTax2 for total quantity of line	htdocs/install/mysql/tables/llx_facturedet.sql	50
llx_facturedet	客户发票	24	total_ttc	double(24,8)	double	YES		N	N				Total TTC de la ligne toute quantite et incluant remise ligne et globale	含税总额；源码注释：Total TTC de la ligne toute quantite et incluant remise ligne et globale	htdocs/install/mysql/tables/llx_facturedet.sql	51
llx_facturedet	客户发票	25	product_type	integer	integer	YES	0	N	N				0 or 1. Value 9 may be used by some modules (amount of line may not be included into generated discount if value is 9).	字段 product_type；源码注释：0 or 1. Value 9 may be used by some modules (amount of line may not be included into generated discount if value is 9).	htdocs/install/mysql/tables/llx_facturedet.sql	52
llx_facturedet	客户发票	26	date_start	datetime	datetime	YES	NULL	N	N				date start if service	日期/时间字段；源码注释：date start if service	htdocs/install/mysql/tables/llx_facturedet.sql	53
llx_facturedet	客户发票	27	date_end	datetime	datetime	YES	NULL	N	N				date end if service	日期/时间字段；源码注释：date end if service	htdocs/install/mysql/tables/llx_facturedet.sql	54
llx_facturedet	客户发票	28	info_bits	integer	integer	YES	0	N	N				VAT NPR or not (for france only)	字段 info_bits；源码注释：VAT NPR or not (for france only)	htdocs/install/mysql/tables/llx_facturedet.sql	55
llx_facturedet	客户发票	29	buy_price_ht	double(24,8)	double	YES	0	N	N				buying price. Note: this value is saved as an always positive value, even on credit notes (it is price we bought the product before selling it).	金额、价格或税费字段；源码注释：buying price. Note: this value is saved as an always positive value, even on credit notes (it is price we bought the product before selling it).	htdocs/install/mysql/tables/llx_facturedet.sql	57
llx_facturedet	客户发票	30	fk_product_fournisseur_price	integer	integer	YES	NULL	N	N				reference of supplier price when line was added (may be used to update buy_price_ht current price when future invoice will be created)	外部关联 ID（具体目标以外键或业务代码为准）；源码注释：reference of supplier price when line was added (may be used to update buy_price_ht current price when future invoice will be created)	htdocs/install/mysql/tables/llx_facturedet.sql	58
llx_facturedet	客户发票	31	batch	varchar(128)	varchar	YES		N	N				To store the batch to consume in stock when using a POS module	字段 batch；源码注释：To store the batch to consume in stock when using a POS module	htdocs/install/mysql/tables/llx_facturedet.sql	60
llx_facturedet	客户发票	32	fk_warehouse	integer	integer	YES		N	N				To store the warehouse where to consume stock when using a POS module	关联仓库 ID；源码注释：To store the warehouse where to consume stock when using a POS module	htdocs/install/mysql/tables/llx_facturedet.sql	61
llx_facturedet	客户发票	33	special_code	integer	integer	YES	0	N	N				code for special lines (may be 1=transport, 2=ecotax, 3=option, moduleid=...)	代码/参考号字段；源码注释：code for special lines (may be 1=transport, 2=ecotax, 3=option, moduleid=...)	htdocs/install/mysql/tables/llx_facturedet.sql	63
llx_facturedet	客户发票	34	rang	integer	integer	YES	0	N	N				position of line	字段 rang；源码注释：position of line	htdocs/install/mysql/tables/llx_facturedet.sql	64
llx_facturedet	客户发票	35	fk_contract_line	integer	integer	YES		N	N				id of contract line when invoice comes from contract lines	外部关联 ID（具体目标以外键或业务代码为准）；源码注释：id of contract line when invoice comes from contract lines	htdocs/install/mysql/tables/llx_facturedet.sql	65
llx_facturedet	客户发票	36	fk_unit	integer	integer	YES	NULL	N	N			llx_c_units.rowid	id of the unit code	外部关联 ID（具体目标以外键或业务代码为准）；源码注释：id of the unit code	htdocs/install/mysql/tables/llx_facturedet.sql	66
llx_facturedet	客户发票	37	import_key	varchar(14)	varchar	YES		N	N					导入批次/外部导入键	htdocs/install/mysql/tables/llx_facturedet.sql	67
llx_facturedet	客户发票	38	fk_code_ventilation	integer	integer	NO	0	N	N	idx_facturedet_fk_code_ventilation			Id in table llx_accounting_bookeeping to know accounting account for product line	外部关联 ID（具体目标以外键或业务代码为准）；源码注释：Id in table llx_accounting_bookeeping to know accounting account for product line	htdocs/install/mysql/tables/llx_facturedet.sql	69
llx_facturedet	客户发票	39	situation_percent	real	real	YES	100	N	N				% progression of lines invoicing	比例/百分比字段；源码注释：% progression of lines invoicing	htdocs/install/mysql/tables/llx_facturedet.sql	71
llx_facturedet	客户发票	40	fk_prev_id	integer	integer	YES		N	N	idx_facturedet_fk_prev_id			id of the line in the previous situation	外部关联 ID（具体目标以外键或业务代码为准）；源码注释：id of the line in the previous situation	htdocs/install/mysql/tables/llx_facturedet.sql	72
llx_facturedet	客户发票	41	fk_user_author	integer	integer	YES		N	N				user making creation	创建人/制单人用户 ID；源码注释：user making creation	htdocs/install/mysql/tables/llx_facturedet.sql	74
llx_facturedet	客户发票	42	fk_user_modif	integer	integer	YES		N	N				user making last change	最后修改人用户 ID；源码注释：user making last change	htdocs/install/mysql/tables/llx_facturedet.sql	75
llx_facturedet	客户发票	43	fk_multicurrency	integer	integer	YES		N	N					外部关联 ID（具体目标以外键或业务代码为准）（基于字段名推断）	htdocs/install/mysql/tables/llx_facturedet.sql	77
llx_facturedet	客户发票	44	multicurrency_code	varchar(3)	varchar	YES		N	N					代码/参考号字段（基于字段名推断）	htdocs/install/mysql/tables/llx_facturedet.sql	78
llx_facturedet	客户发票	45	multicurrency_subprice	double(24,8)	double	YES	0	N	N					金额、价格或税费字段（基于字段名推断）	htdocs/install/mysql/tables/llx_facturedet.sql	79
llx_facturedet	客户发票	46	multicurrency_subprice_ttc	double(24,8)	double	YES	0	N	N					金额、价格或税费字段（基于字段名推断）	htdocs/install/mysql/tables/llx_facturedet.sql	80
llx_facturedet	客户发票	47	multicurrency_total_ht	double(24,8)	double	YES	0	N	N					金额、价格或税费字段（基于字段名推断）	htdocs/install/mysql/tables/llx_facturedet.sql	81
llx_facturedet	客户发票	48	multicurrency_total_tva	double(24,8)	double	YES	0	N	N					金额、价格或税费字段（基于字段名推断）	htdocs/install/mysql/tables/llx_facturedet.sql	82
llx_facturedet	客户发票	49	multicurrency_total_ttc	double(24,8)	double	YES	0	N	N					金额、价格或税费字段（基于字段名推断）	htdocs/install/mysql/tables/llx_facturedet.sql	83
llx_facturedet	客户发票	50	ref_ext	varchar(255)	varchar	YES	NULL	N	N					代码/参考号字段（基于字段名推断）	htdocs/install/mysql/tables/llx_facturedet.sql	84
llx_facturedet	客户发票	51	extraparams	varchar(255)	varchar	YES		N	N				to stock other parameters in json format	扩展参数/结构化文本；源码注释：to stock other parameters in json format	htdocs/install/mysql/tables/llx_facturedet.sql	85
llx_facturedet_extrafields	客户发票	1	rowid	integer	integer	NO		Y	Y	PRIMARY	PRIMARY			主键行标识；通常为自增整数	htdocs/install/mysql/tables/llx_facturedet_extrafields.sql	21
llx_facturedet_extrafields	客户发票	2	tms	timestamp	timestamp	YES	CURRENT_TIMESTAMP	N	N					最后修改时间戳	htdocs/install/mysql/tables/llx_facturedet_extrafields.sql	22
llx_facturedet_extrafields	客户发票	3	fk_object	integer	integer	NO		N	N	uk_facturedet_extrafields	uk_facturedet_extrafields		object id	外部关联 ID（具体目标以外键或业务代码为准）；源码注释：object id	htdocs/install/mysql/tables/llx_facturedet_extrafields.sql	23
llx_facturedet_extrafields	客户发票	4	import_key	varchar(14)	varchar	YES		N	N				import key	导入批次/外部导入键；源码注释：import key	htdocs/install/mysql/tables/llx_facturedet_extrafields.sql	24
llx_facturedet_rec	客户发票	1	rowid	integer	integer	NO		Y	Y	PRIMARY	PRIMARY			主键行标识；通常为自增整数	htdocs/install/mysql/tables/llx_facturedet_rec.sql	25
llx_facturedet_rec	客户发票	2	fk_facture	integer	integer	NO		N	N					外部关联 ID（具体目标以外键或业务代码为准）（基于字段名推断）	htdocs/install/mysql/tables/llx_facturedet_rec.sql	26
llx_facturedet_rec	客户发票	3	fk_parent_line	integer	integer	YES		N	N					外部关联 ID（具体目标以外键或业务代码为准）（基于字段名推断）	htdocs/install/mysql/tables/llx_facturedet_rec.sql	27
llx_facturedet_rec	客户发票	4	fk_product	integer	integer	YES		N	N					关联产品/服务 ID	htdocs/install/mysql/tables/llx_facturedet_rec.sql	28
llx_facturedet_rec	客户发票	5	product_type	integer	integer	YES	0	N	N					字段 product_type（基于字段名推断）	htdocs/install/mysql/tables/llx_facturedet_rec.sql	29
llx_facturedet_rec	客户发票	6	label	varchar(255)	varchar	YES	NULL	N	N					名称或标签	htdocs/install/mysql/tables/llx_facturedet_rec.sql	30
llx_facturedet_rec	客户发票	7	description	text	text	YES		N	N					描述	htdocs/install/mysql/tables/llx_facturedet_rec.sql	31
llx_facturedet_rec	客户发票	8	vat_src_code	varchar(10)	varchar	YES	''	N	N				Vat code used as source of vat fields. Not strict foreign key here.	代码/参考号字段；源码注释：Vat code used as source of vat fields. Not strict foreign key here.	htdocs/install/mysql/tables/llx_facturedet_rec.sql	32
llx_facturedet_rec	客户发票	9	tva_tx	double(7,4)	double	YES		N	N				taux tva	字段 tva_tx；源码注释：taux tva	htdocs/install/mysql/tables/llx_facturedet_rec.sql	33
llx_facturedet_rec	客户发票	10	localtax1_tx	double(7,4)	double	YES	0	N	N				localtax1 rate	金额、价格或税费字段；源码注释：localtax1 rate	htdocs/install/mysql/tables/llx_facturedet_rec.sql	34
llx_facturedet_rec	客户发票	11	localtax1_type	varchar(10)	varchar	YES		N	N				localtax1 type	金额、价格或税费字段；源码注释：localtax1 type	htdocs/install/mysql/tables/llx_facturedet_rec.sql	35
llx_facturedet_rec	客户发票	12	localtax2_tx	double(7,4)	double	YES	0	N	N				localtax2 rate	金额、价格或税费字段；源码注释：localtax2 rate	htdocs/install/mysql/tables/llx_facturedet_rec.sql	36
llx_facturedet_rec	客户发票	13	localtax2_type	varchar(10)	varchar	YES		N	N				localtax2 type	金额、价格或税费字段；源码注释：localtax2 type	htdocs/install/mysql/tables/llx_facturedet_rec.sql	37
llx_facturedet_rec	客户发票	14	qty	real	real	YES		N	N				quantity	数量；源码注释：quantity	htdocs/install/mysql/tables/llx_facturedet_rec.sql	38
llx_facturedet_rec	客户发票	15	remise_percent	real	real	YES	0	N	N				pourcentage de remise	比例/百分比字段；源码注释：pourcentage de remise	htdocs/install/mysql/tables/llx_facturedet_rec.sql	39
llx_facturedet_rec	客户发票	16	remise	real	real	YES	0	N	N				montant de la remise	字段 remise；源码注释：montant de la remise	htdocs/install/mysql/tables/llx_facturedet_rec.sql	40
llx_facturedet_rec	客户发票	17	subprice	double(24,8)	double	NO	0	N	N				unit price HT (example 100)	金额、价格或税费字段；源码注释：unit price HT (example 100)	htdocs/install/mysql/tables/llx_facturedet_rec.sql	41
llx_facturedet_rec	客户发票	18	subprice_ttc	double(24,8)	double	YES	0	N	N				unit price if price was entered including tax	金额、价格或税费字段；源码注释：unit price if price was entered including tax	htdocs/install/mysql/tables/llx_facturedet_rec.sql	42
llx_facturedet_rec	客户发票	19	price	double(24,8)	double	YES		N	N				prix final (deprecated)	价格；源码注释：prix final (deprecated)	htdocs/install/mysql/tables/llx_facturedet_rec.sql	43
llx_facturedet_rec	客户发票	20	total_ht	double(24,8)	double	YES		N	N				Total HT de la ligne toute quantity et incluant remise ligne et globale	未含税总额；源码注释：Total HT de la ligne toute quantity et incluant remise ligne et globale	htdocs/install/mysql/tables/llx_facturedet_rec.sql	44
llx_facturedet_rec	客户发票	21	total_tva	double(24,8)	double	YES		N	N				Total TVA de la ligne toute quantity et incluant remise ligne et globale	税额总计；源码注释：Total TVA de la ligne toute quantity et incluant remise ligne et globale	htdocs/install/mysql/tables/llx_facturedet_rec.sql	45
llx_facturedet_rec	客户发票	22	total_localtax1	double(24,8)	double	YES	0	N	N				Total LocalTax1 for total quantity of line	金额、价格或税费字段；源码注释：Total LocalTax1 for total quantity of line	htdocs/install/mysql/tables/llx_facturedet_rec.sql	46
llx_facturedet_rec	客户发票	23	total_localtax2	double(24,8)	double	YES	0	N	N				total LocalTax2 for total quantity of line	金额、价格或税费字段；源码注释：total LocalTax2 for total quantity of line	htdocs/install/mysql/tables/llx_facturedet_rec.sql	47
llx_facturedet_rec	客户发票	24	total_ttc	double(24,8)	double	YES		N	N				Total TTC de la ligne toute quantity et incluant remise ligne et globale	含税总额；源码注释：Total TTC de la ligne toute quantity et incluant remise ligne et globale	htdocs/install/mysql/tables/llx_facturedet_rec.sql	48
llx_facturedet_rec	客户发票	25	date_start_fill	integer	integer	YES	0	N	N				1=autofill the date_start of invoice with __INVOICE_DATE_NEXT_INVOICE_BEFORE_GEN__	日期/时间字段；源码注释：1=autofill the date_start of invoice with __INVOICE_DATE_NEXT_INVOICE_BEFORE_GEN__	htdocs/install/mysql/tables/llx_facturedet_rec.sql	49
llx_facturedet_rec	客户发票	26	date_end_fill	integer	integer	YES	0	N	N				1=autofill the date_start of invoice with __INVOICE_PREVIOUS_DATE_NEXT_INVOICE_AFTER_GEN__	日期/时间字段；源码注释：1=autofill the date_start of invoice with __INVOICE_PREVIOUS_DATE_NEXT_INVOICE_AFTER_GEN__	htdocs/install/mysql/tables/llx_facturedet_rec.sql	50
llx_facturedet_rec	客户发票	27	info_bits	integer	integer	YES	0	N	N				TVA NPR ou non	字段 info_bits；源码注释：TVA NPR ou non	htdocs/install/mysql/tables/llx_facturedet_rec.sql	51
llx_facturedet_rec	客户发票	28	buy_price_ht	double(24,8)	double	YES	0	N	N				buying price. Note: this value is saved as an always positive value, even on credit notes (it is price we bought the product before selling it).	金额、价格或税费字段；源码注释：buying price. Note: this value is saved as an always positive value, even on credit notes (it is price we bought the product before selling it).	htdocs/install/mysql/tables/llx_facturedet_rec.sql	53
llx_facturedet_rec	客户发票	29	fk_product_fournisseur_price	integer	integer	YES	NULL	N	N				reference of supplier price when line was added (may be used to update buy_price_ht current price when future invoice will be created)	外部关联 ID（具体目标以外键或业务代码为准）；源码注释：reference of supplier price when line was added (may be used to update buy_price_ht current price when future invoice will be created)	htdocs/install/mysql/tables/llx_facturedet_rec.sql	54
llx_facturedet_rec	客户发票	30	special_code	integer	integer	YES	0	N	N				code for special lines	代码/参考号字段；源码注释：code for special lines	htdocs/install/mysql/tables/llx_facturedet_rec.sql	56
llx_facturedet_rec	客户发票	31	rang	integer	integer	YES	0	N	N				ordre d'affichage	字段 rang；源码注释：ordre d'affichage	htdocs/install/mysql/tables/llx_facturedet_rec.sql	57
llx_facturedet_rec	客户发票	32	fk_contract_line	integer	integer	YES		N	N				id of contract line when template invoice comes from contract lines	外部关联 ID（具体目标以外键或业务代码为准）；源码注释：id of contract line when template invoice comes from contract lines	htdocs/install/mysql/tables/llx_facturedet_rec.sql	58
llx_facturedet_rec	客户发票	33	fk_unit	integer	integer	YES	NULL	N	N			llx_c_units.rowid		外部关联 ID（具体目标以外键或业务代码为准）（基于字段名推断）	htdocs/install/mysql/tables/llx_facturedet_rec.sql	59
llx_facturedet_rec	客户发票	34	import_key	varchar(14)	varchar	YES		N	N					导入批次/外部导入键	htdocs/install/mysql/tables/llx_facturedet_rec.sql	60
llx_facturedet_rec	客户发票	35	fk_user_author	integer	integer	YES		N	N				user making creation	创建人/制单人用户 ID；源码注释：user making creation	htdocs/install/mysql/tables/llx_facturedet_rec.sql	62
llx_facturedet_rec	客户发票	36	fk_user_modif	integer	integer	YES		N	N				user making last change	最后修改人用户 ID；源码注释：user making last change	htdocs/install/mysql/tables/llx_facturedet_rec.sql	63
llx_facturedet_rec	客户发票	37	fk_multicurrency	integer	integer	YES		N	N					外部关联 ID（具体目标以外键或业务代码为准）（基于字段名推断）	htdocs/install/mysql/tables/llx_facturedet_rec.sql	65
llx_facturedet_rec	客户发票	38	multicurrency_code	varchar(3)	varchar	YES		N	N					代码/参考号字段（基于字段名推断）	htdocs/install/mysql/tables/llx_facturedet_rec.sql	66
llx_facturedet_rec	客户发票	39	multicurrency_subprice	double(24,8)	double	YES	0	N	N					金额、价格或税费字段（基于字段名推断）	htdocs/install/mysql/tables/llx_facturedet_rec.sql	67
llx_facturedet_rec	客户发票	40	multicurrency_subprice_ttc	double(24,8)	double	YES	0	N	N					金额、价格或税费字段（基于字段名推断）	htdocs/install/mysql/tables/llx_facturedet_rec.sql	68
llx_facturedet_rec	客户发票	41	multicurrency_total_ht	double(24,8)	double	YES	0	N	N					金额、价格或税费字段（基于字段名推断）	htdocs/install/mysql/tables/llx_facturedet_rec.sql	69
llx_facturedet_rec	客户发票	42	multicurrency_total_tva	double(24,8)	double	YES	0	N	N					金额、价格或税费字段（基于字段名推断）	htdocs/install/mysql/tables/llx_facturedet_rec.sql	70
llx_facturedet_rec	客户发票	43	multicurrency_total_ttc	double(24,8)	double	YES	0	N	N					金额、价格或税费字段（基于字段名推断）	htdocs/install/mysql/tables/llx_facturedet_rec.sql	71
llx_facturedet_rec	客户发票	44	extraparams	varchar(255)	varchar	YES		N	N				to stock other parameters in json format	扩展参数/结构化文本；源码注释：to stock other parameters in json format	htdocs/install/mysql/tables/llx_facturedet_rec.sql	72
llx_facturedet_rec_extrafields	客户发票	1	rowid	integer	integer	NO		Y	Y	PRIMARY	PRIMARY			主键行标识；通常为自增整数	htdocs/install/mysql/tables/llx_facturedet_rec_extrafields.sql	21
llx_facturedet_rec_extrafields	客户发票	2	tms	timestamp	timestamp	YES	CURRENT_TIMESTAMP	N	N					最后修改时间戳	htdocs/install/mysql/tables/llx_facturedet_rec_extrafields.sql	22
llx_facturedet_rec_extrafields	客户发票	3	fk_object	integer	integer	NO		N	N	uk_facturedet_rec_extrafields	uk_facturedet_rec_extrafields		object id	外部关联 ID（具体目标以外键或业务代码为准）；源码注释：object id	htdocs/install/mysql/tables/llx_facturedet_rec_extrafields.sql	23
llx_facturedet_rec_extrafields	客户发票	4	import_key	varchar(14)	varchar	YES		N	N				import key	导入批次/外部导入键；源码注释：import key	htdocs/install/mysql/tables/llx_facturedet_rec_extrafields.sql	24
llx_fichinter	干预/工单	1	rowid	integer	integer	NO		Y	Y	PRIMARY	PRIMARY			主键行标识；通常为自增整数	htdocs/install/mysql/tables/llx_fichinter.sql	22
llx_fichinter	干预/工单	2	fk_soc	integer	integer	NO		N	N	idx_fichinter_fk_soc		llx_societe.rowid		关联第三方企业 ID	htdocs/install/mysql/tables/llx_fichinter.sql	23
llx_fichinter	干预/工单	3	fk_projet	integer	integer	YES	0	N	N				projet auquel est rattache la fiche	关联项目 ID；源码注释：projet auquel est rattache la fiche	htdocs/install/mysql/tables/llx_fichinter.sql	24
llx_fichinter	干预/工单	4	fk_contrat	integer	integer	YES	0	N	N				contrat auquel est rattache la fiche	外部关联 ID（具体目标以外键或业务代码为准）；源码注释：contrat auquel est rattache la fiche	htdocs/install/mysql/tables/llx_fichinter.sql	25
llx_fichinter	干预/工单	5	ref	varchar(30)	varchar	NO		N	N	uk_fichinter_ref	uk_fichinter_ref		number	业务参考号/单号；源码注释：number	htdocs/install/mysql/tables/llx_fichinter.sql	26
llx_fichinter	干预/工单	6	ref_ext	varchar(255)	varchar	YES		N	N					代码/参考号字段（基于字段名推断）	htdocs/install/mysql/tables/llx_fichinter.sql	27
llx_fichinter	干预/工单	7	ref_client	varchar(255)	varchar	YES		N	N				customer intervention number	代码/参考号字段；源码注释：customer intervention number	htdocs/install/mysql/tables/llx_fichinter.sql	28
llx_fichinter	干预/工单	8	entity	integer	integer	NO	1	N	N	uk_fichinter_ref	uk_fichinter_ref		multi company id	多实体/多公司隔离标识；源码注释：multi company id	htdocs/install/mysql/tables/llx_fichinter.sql	29
llx_fichinter	干预/工单	9	tms	timestamp	timestamp	YES	CURRENT_TIMESTAMP	N	N					最后修改时间戳	htdocs/install/mysql/tables/llx_fichinter.sql	30
llx_fichinter	干预/工单	10	datec	datetime	datetime	YES		N	N				date of creation	创建日期/时间；源码注释：date of creation	htdocs/install/mysql/tables/llx_fichinter.sql	31
llx_fichinter	干预/工单	11	date_valid	datetime	datetime	YES		N	N				date of validation	审核/生效日期；源码注释：date of validation	htdocs/install/mysql/tables/llx_fichinter.sql	32
llx_fichinter	干预/工单	12	datei	date	date	YES		N	N				date of delivery of the intervention receipt	日期/时间字段；源码注释：date of delivery of the intervention receipt	htdocs/install/mysql/tables/llx_fichinter.sql	33
llx_fichinter	干预/工单	13	fk_user_author	integer	integer	YES		N	N				user making creation	创建人/制单人用户 ID；源码注释：user making creation	htdocs/install/mysql/tables/llx_fichinter.sql	34
llx_fichinter	干预/工单	14	fk_user_modif	integer	integer	YES		N	N				user making last change	最后修改人用户 ID；源码注释：user making last change	htdocs/install/mysql/tables/llx_fichinter.sql	35
llx_fichinter	干预/工单	15	fk_user_valid	integer	integer	YES		N	N				user validating record	审核/验证人用户 ID；源码注释：user validating record	htdocs/install/mysql/tables/llx_fichinter.sql	36
llx_fichinter	干预/工单	16	fk_statut	smallint	smallint	YES	0	N	N					状态码	htdocs/install/mysql/tables/llx_fichinter.sql	37
llx_fichinter	干预/工单	17	dateo	date	date	YES		N	N				date start intervention	日期/时间字段；源码注释：date start intervention	htdocs/install/mysql/tables/llx_fichinter.sql	38
llx_fichinter	干预/工单	18	datee	date	date	YES		N	N				date end intervention	日期/时间字段；源码注释：date end intervention	htdocs/install/mysql/tables/llx_fichinter.sql	39
llx_fichinter	干预/工单	19	datet	date	date	YES		N	N				date end intervention	日期/时间字段；源码注释：date end intervention	htdocs/install/mysql/tables/llx_fichinter.sql	40
llx_fichinter	干预/工单	20	duree	real	real	YES		N	N				duration total of  intervention	字段 duree；源码注释：duration total of  intervention	htdocs/install/mysql/tables/llx_fichinter.sql	41
llx_fichinter	干预/工单	21	description	text	text	YES		N	N					描述	htdocs/install/mysql/tables/llx_fichinter.sql	42
llx_fichinter	干预/工单	22	signed_status	smallint	smallint	YES	NULL	N	N				signed status NULL - 0 or 1	字段 signed_status；源码注释：signed status NULL - 0 or 1	htdocs/install/mysql/tables/llx_fichinter.sql	44
llx_fichinter	干预/工单	23	online_sign_ip	varchar(48)	varchar	YES		N	N					字段 online_sign_ip（基于字段名推断）	htdocs/install/mysql/tables/llx_fichinter.sql	45
llx_fichinter	干预/工单	24	online_sign_name	varchar(64)	varchar	YES		N	N					名称/标题字段（基于字段名推断）	htdocs/install/mysql/tables/llx_fichinter.sql	46
llx_fichinter	干预/工单	25	note_private	text	text	YES		N	N					内部备注	htdocs/install/mysql/tables/llx_fichinter.sql	48
llx_fichinter	干预/工单	26	note_public	text	text	YES		N	N					公开备注	htdocs/install/mysql/tables/llx_fichinter.sql	49
llx_fichinter	干预/工单	27	model_pdf	varchar(255)	varchar	YES		N	N					字段 model_pdf（基于字段名推断）	htdocs/install/mysql/tables/llx_fichinter.sql	51
llx_fichinter	干预/工单	28	last_main_doc	varchar(255)	varchar	YES		N	N				relative filepath+filename of last main generated document	字段 last_main_doc；源码注释：relative filepath+filename of last main generated document	htdocs/install/mysql/tables/llx_fichinter.sql	52
llx_fichinter	干预/工单	29	import_key	varchar(14)	varchar	YES		N	N					导入批次/外部导入键	htdocs/install/mysql/tables/llx_fichinter.sql	54
llx_fichinter	干预/工单	30	extraparams	varchar(255)	varchar	YES		N	N				for other parameters with json format	扩展参数/结构化文本；源码注释：for other parameters with json format	htdocs/install/mysql/tables/llx_fichinter.sql	55
llx_fichinter_extrafields	干预/工单	1	rowid	integer	integer	NO		Y	Y	PRIMARY	PRIMARY			主键行标识；通常为自增整数	htdocs/install/mysql/tables/llx_fichinter_extrafields.sql	21
llx_fichinter_extrafields	干预/工单	2	tms	timestamp	timestamp	YES	CURRENT_TIMESTAMP	N	N					最后修改时间戳	htdocs/install/mysql/tables/llx_fichinter_extrafields.sql	22
llx_fichinter_extrafields	干预/工单	3	fk_object	integer	integer	NO		N	N	uk_ficheinter_extrafields	uk_ficheinter_extrafields			外部关联 ID（具体目标以外键或业务代码为准）（基于字段名推断）	htdocs/install/mysql/tables/llx_fichinter_extrafields.sql	23
llx_fichinter_extrafields	干预/工单	4	import_key	varchar(14)	varchar	YES		N	N				import key	导入批次/外部导入键；源码注释：import key	htdocs/install/mysql/tables/llx_fichinter_extrafields.sql	24
llx_fichinter_rec	干预/工单	1	rowid	integer	integer	NO		Y	Y	PRIMARY	PRIMARY			主键行标识；通常为自增整数	htdocs/install/mysql/tables/llx_fichinter_rec.sql	25
llx_fichinter_rec	干预/工单	2	title	varchar(50)	varchar	NO		N	N	idx_fichinter_rec_uk_titre	idx_fichinter_rec_uk_titre			名称/标题字段（基于字段名推断）	htdocs/install/mysql/tables/llx_fichinter_rec.sql	26
llx_fichinter_rec	干预/工单	3	entity	integer	integer	NO	1	N	N	idx_fichinter_rec_uk_titre	idx_fichinter_rec_uk_titre		multi company id	多实体/多公司隔离标识；源码注释：multi company id	htdocs/install/mysql/tables/llx_fichinter_rec.sql	27
llx_fichinter_rec	干预/工单	4	fk_soc	integer	integer	YES	NULL	N	N	idx_fichinter_rec_fk_soc				关联第三方企业 ID	htdocs/install/mysql/tables/llx_fichinter_rec.sql	28
llx_fichinter_rec	干预/工单	5	datec	datetime	datetime	YES		N	N				date de creation	创建日期/时间；源码注释：date de creation	htdocs/install/mysql/tables/llx_fichinter_rec.sql	29
llx_fichinter_rec	干预/工单	6	fk_contrat	integer	integer	YES	0	N	N				contrat auquel est rattache la fiche	外部关联 ID（具体目标以外键或业务代码为准）；源码注释：contrat auquel est rattache la fiche	htdocs/install/mysql/tables/llx_fichinter_rec.sql	31
llx_fichinter_rec	干预/工单	7	fk_user_author	integer	integer	YES		N	N	idx_fichinter_rec_fk_user_author		llx_user.rowid	createur	创建人/制单人用户 ID；源码注释：createur	htdocs/install/mysql/tables/llx_fichinter_rec.sql	32
llx_fichinter_rec	干预/工单	8	fk_projet	integer	integer	YES		N	N	idx_fichinter_rec_fk_projet		llx_projet.rowid	projet auquel est associe la facture	关联项目 ID；源码注释：projet auquel est associe la facture	htdocs/install/mysql/tables/llx_fichinter_rec.sql	33
llx_fichinter_rec	干预/工单	9	duree	real	real	YES		N	N				duree totale de l'intervention	字段 duree；源码注释：duree totale de l'intervention	htdocs/install/mysql/tables/llx_fichinter_rec.sql	34
llx_fichinter_rec	干预/工单	10	description	text	text	YES		N	N					描述	htdocs/install/mysql/tables/llx_fichinter_rec.sql	35
llx_fichinter_rec	干预/工单	11	modelpdf	varchar(255)	varchar	YES		N	N					字段 modelpdf（基于字段名推断）	htdocs/install/mysql/tables/llx_fichinter_rec.sql	36
llx_fichinter_rec	干预/工单	12	note_private	text	text	YES		N	N					内部备注	htdocs/install/mysql/tables/llx_fichinter_rec.sql	37
llx_fichinter_rec	干预/工单	13	note_public	text	text	YES		N	N					公开备注	htdocs/install/mysql/tables/llx_fichinter_rec.sql	38
llx_fichinter_rec	干预/工单	14	frequency	integer	integer	YES		N	N				frequency (for example: 3 for every 3 month)	字段 frequency；源码注释：frequency (for example: 3 for every 3 month)	htdocs/install/mysql/tables/llx_fichinter_rec.sql	40
llx_fichinter_rec	干预/工单	15	unit_frequency	varchar(2)	varchar	YES	'm'	N	N				'm' for month (date_when must be a day <= 28), 'y' for year, ...	字段 unit_frequency；源码注释：'m' for month (date_when must be a day <= 28), 'y' for year, ...	htdocs/install/mysql/tables/llx_fichinter_rec.sql	41
llx_fichinter_rec	干预/工单	16	date_when	datetime	datetime	YES	NULL	N	N				date for next gen (when an invoice is generated, this field must be updated with next date)	日期/时间字段；源码注释：date for next gen (when an invoice is generated, this field must be updated with next date)	htdocs/install/mysql/tables/llx_fichinter_rec.sql	42
llx_fichinter_rec	干预/工单	17	date_last_gen	datetime	datetime	YES	NULL	N	N				date for last gen (date with last successfull generation of invoice)	日期/时间字段；源码注释：date for last gen (date with last successfull generation of invoice)	htdocs/install/mysql/tables/llx_fichinter_rec.sql	43
llx_fichinter_rec	干预/工单	18	nb_gen_done	integer	integer	YES	NULL	N	N				nb of generation done (when an invoice is generated, this field must incremented)	字段 nb_gen_done；源码注释：nb of generation done (when an invoice is generated, this field must incremented)	htdocs/install/mysql/tables/llx_fichinter_rec.sql	44
llx_fichinter_rec	干预/工单	19	nb_gen_max	integer	integer	YES	NULL	N	N				maximum number of generation	字段 nb_gen_max；源码注释：maximum number of generation	htdocs/install/mysql/tables/llx_fichinter_rec.sql	45
llx_fichinter_rec	干预/工单	20	auto_validate	integer	integer	YES	NULL	N	N				status of the generated intervention	日期/时间字段；源码注释：status of the generated intervention	htdocs/install/mysql/tables/llx_fichinter_rec.sql	46
llx_fichinter_rec	干预/工单	21	status	smallint	smallint	YES	0	N	N				status of the model	状态标识；源码注释：status of the model	htdocs/install/mysql/tables/llx_fichinter_rec.sql	47
llx_fichinterdet	干预/工单	1	rowid	integer	integer	NO		Y	Y	PRIMARY	PRIMARY			主键行标识；通常为自增整数	htdocs/install/mysql/tables/llx_fichinterdet.sql	22
llx_fichinterdet	干预/工单	2	fk_fichinter	integer	integer	YES		N	N	idx_fichinterdet_fk_fichinter		llx_fichinter.rowid		外部关联 ID（具体目标以外键或业务代码为准）（基于字段名推断）	htdocs/install/mysql/tables/llx_fichinterdet.sql	23
llx_fichinterdet	干预/工单	3	fk_parent_line	integer	integer	YES		N	N					外部关联 ID（具体目标以外键或业务代码为准）（基于字段名推断）	htdocs/install/mysql/tables/llx_fichinterdet.sql	24
llx_fichinterdet	干预/工单	4	special_code	integer	integer	YES	0	N	N				code for special lines (may be 1=transport, 2=ecotax, 3=option, moduleid=...)	代码/参考号字段；源码注释：code for special lines (may be 1=transport, 2=ecotax, 3=option, moduleid=...)	htdocs/install/mysql/tables/llx_fichinterdet.sql	25
llx_fichinterdet	干预/工单	5	product_type	integer	integer	YES	0	N	N					字段 product_type（基于字段名推断）	htdocs/install/mysql/tables/llx_fichinterdet.sql	26
llx_fichinterdet	干预/工单	6	date	datetime	datetime	YES		N	N				date de la ligne d'intervention	日期/时间字段；源码注释：date de la ligne d'intervention	htdocs/install/mysql/tables/llx_fichinterdet.sql	27
llx_fichinterdet	干预/工单	7	description	text	text	YES		N	N				description de la ligne d'intervention	描述；源码注释：description de la ligne d'intervention	htdocs/install/mysql/tables/llx_fichinterdet.sql	28
llx_fichinterdet	干预/工单	8	duree	integer	integer	YES		N	N				duree de la ligne d'intervention	字段 duree；源码注释：duree de la ligne d'intervention	htdocs/install/mysql/tables/llx_fichinterdet.sql	29
llx_fichinterdet	干预/工单	9	rang	integer	integer	YES	0	N	N				ordre affichage sur la fiche	字段 rang；源码注释：ordre affichage sur la fiche	htdocs/install/mysql/tables/llx_fichinterdet.sql	30
llx_fichinterdet	干预/工单	10	extraparams	varchar(255)	varchar	YES		N	N				to stock other parameters in json format	扩展参数/结构化文本；源码注释：to stock other parameters in json format	htdocs/install/mysql/tables/llx_fichinterdet.sql	31
llx_fichinterdet_extrafields	干预/工单	1	rowid	integer	integer	NO		Y	Y	PRIMARY	PRIMARY			主键行标识；通常为自增整数	htdocs/install/mysql/tables/llx_fichinterdet_extrafields.sql	21
llx_fichinterdet_extrafields	干预/工单	2	tms	timestamp	timestamp	YES	CURRENT_TIMESTAMP	N	N					最后修改时间戳	htdocs/install/mysql/tables/llx_fichinterdet_extrafields.sql	22
llx_fichinterdet_extrafields	干预/工单	3	fk_object	integer	integer	NO		N	N	uk_ficheinterdet_extrafields	uk_ficheinterdet_extrafields			外部关联 ID（具体目标以外键或业务代码为准）（基于字段名推断）	htdocs/install/mysql/tables/llx_fichinterdet_extrafields.sql	23
llx_fichinterdet_extrafields	干预/工单	4	import_key	varchar(14)	varchar	YES		N	N				import key	导入批次/外部导入键；源码注释：import key	htdocs/install/mysql/tables/llx_fichinterdet_extrafields.sql	24
llx_fichinterdet_rec	干预/工单	1	rowid	integer	integer	NO		Y	Y	PRIMARY	PRIMARY			主键行标识；通常为自增整数	htdocs/install/mysql/tables/llx_fichinterdet_rec.sql	26
llx_fichinterdet_rec	干预/工单	2	fk_fichinter	integer	integer	NO		N	N					外部关联 ID（具体目标以外键或业务代码为准）（基于字段名推断）	htdocs/install/mysql/tables/llx_fichinterdet_rec.sql	27
llx_fichinterdet_rec	干预/工单	3	date	datetime	datetime	YES		N	N				date de la ligne d'intervention	日期/时间字段；源码注释：date de la ligne d'intervention	htdocs/install/mysql/tables/llx_fichinterdet_rec.sql	28
llx_fichinterdet_rec	干预/工单	4	description	text	text	YES		N	N				description de la ligne d'intervention	描述；源码注释：description de la ligne d'intervention	htdocs/install/mysql/tables/llx_fichinterdet_rec.sql	29
llx_fichinterdet_rec	干预/工单	5	duree	integer	integer	YES		N	N				duree de la ligne d'intervention	字段 duree；源码注释：duree de la ligne d'intervention	htdocs/install/mysql/tables/llx_fichinterdet_rec.sql	30
llx_fichinterdet_rec	干预/工单	6	rang	integer	integer	YES	0	N	N				ordre affichage sur la fiche	字段 rang；源码注释：ordre affichage sur la fiche	htdocs/install/mysql/tables/llx_fichinterdet_rec.sql	31
llx_fichinterdet_rec	干预/工单	7	total_ht	DOUBLE(24, 8)	double	YES	NULL	N	N					未含税总额	htdocs/install/mysql/tables/llx_fichinterdet_rec.sql	32
llx_fichinterdet_rec	干预/工单	8	subprice	DOUBLE(24, 8)	double	YES	NULL	N	N				unit price without tax	金额、价格或税费字段；源码注释：unit price without tax	htdocs/install/mysql/tables/llx_fichinterdet_rec.sql	33
llx_fichinterdet_rec	干预/工单	9	subprice_ttc	double(24,8)	double	YES	0	N	N				unit price if price was entered including tax	金额、价格或税费字段；源码注释：unit price if price was entered including tax	htdocs/install/mysql/tables/llx_fichinterdet_rec.sql	34
llx_fichinterdet_rec	干预/工单	10	fk_parent_line	integer	integer	YES	NULL	N	N					外部关联 ID（具体目标以外键或业务代码为准）（基于字段名推断）	htdocs/install/mysql/tables/llx_fichinterdet_rec.sql	35
llx_fichinterdet_rec	干预/工单	11	fk_product	integer	integer	YES	NULL	N	N					关联产品/服务 ID	htdocs/install/mysql/tables/llx_fichinterdet_rec.sql	36
llx_fichinterdet_rec	干预/工单	12	label	varchar(255)	varchar	YES	NULL	N	N					名称或标签	htdocs/install/mysql/tables/llx_fichinterdet_rec.sql	37
llx_fichinterdet_rec	干预/工单	13	tva_tx	DOUBLE(6, 3)	double	YES	NULL	N	N					字段 tva_tx（基于字段名推断）	htdocs/install/mysql/tables/llx_fichinterdet_rec.sql	38
llx_fichinterdet_rec	干预/工单	14	localtax1_tx	DOUBLE(6, 3)	double	YES	0	N	N					金额、价格或税费字段（基于字段名推断）	htdocs/install/mysql/tables/llx_fichinterdet_rec.sql	39
llx_fichinterdet_rec	干预/工单	15	localtax1_type	VARCHAR(1)	varchar	YES	NULL	N	N					金额、价格或税费字段（基于字段名推断）	htdocs/install/mysql/tables/llx_fichinterdet_rec.sql	40
llx_fichinterdet_rec	干预/工单	16	localtax2_tx	DOUBLE(6, 3)	double	YES	0	N	N					金额、价格或税费字段（基于字段名推断）	htdocs/install/mysql/tables/llx_fichinterdet_rec.sql	41
llx_fichinterdet_rec	干预/工单	17	localtax2_type	VARCHAR(1)	varchar	YES	NULL	N	N					金额、价格或税费字段（基于字段名推断）	htdocs/install/mysql/tables/llx_fichinterdet_rec.sql	42
llx_fichinterdet_rec	干预/工单	18	qty	double	double	YES	NULL	N	N					数量	htdocs/install/mysql/tables/llx_fichinterdet_rec.sql	43
llx_fichinterdet_rec	干预/工单	19	remise_percent	double	double	YES	0	N	N					比例/百分比字段（基于字段名推断）	htdocs/install/mysql/tables/llx_fichinterdet_rec.sql	44
llx_fichinterdet_rec	干预/工单	20	fk_remise_except	integer	integer	YES	NULL	N	N					外部关联 ID（具体目标以外键或业务代码为准）（基于字段名推断）	htdocs/install/mysql/tables/llx_fichinterdet_rec.sql	45
llx_fichinterdet_rec	干预/工单	21	price	DOUBLE(24, 8)	double	YES	NULL	N	N					价格	htdocs/install/mysql/tables/llx_fichinterdet_rec.sql	46
llx_fichinterdet_rec	干预/工单	22	total_tva	DOUBLE(24, 8)	double	YES	NULL	N	N					税额总计	htdocs/install/mysql/tables/llx_fichinterdet_rec.sql	47
llx_fichinterdet_rec	干预/工单	23	total_localtax1	DOUBLE(24, 8)	double	YES	0	N	N					金额、价格或税费字段（基于字段名推断）	htdocs/install/mysql/tables/llx_fichinterdet_rec.sql	48
llx_fichinterdet_rec	干预/工单	24	total_localtax2	DOUBLE(24, 8)	double	YES	0	N	N					金额、价格或税费字段（基于字段名推断）	htdocs/install/mysql/tables/llx_fichinterdet_rec.sql	49
llx_fichinterdet_rec	干预/工单	25	total_ttc	DOUBLE(24, 8)	double	YES	NULL	N	N					含税总额	htdocs/install/mysql/tables/llx_fichinterdet_rec.sql	50
llx_fichinterdet_rec	干预/工单	26	product_type	INTEGER	integer	YES	0	N	N					字段 product_type（基于字段名推断）	htdocs/install/mysql/tables/llx_fichinterdet_rec.sql	51
llx_fichinterdet_rec	干预/工单	27	date_start	datetime	datetime	YES	NULL	N	N					日期/时间字段（基于字段名推断）	htdocs/install/mysql/tables/llx_fichinterdet_rec.sql	52
llx_fichinterdet_rec	干预/工单	28	date_end	datetime	datetime	YES	NULL	N	N					日期/时间字段（基于字段名推断）	htdocs/install/mysql/tables/llx_fichinterdet_rec.sql	53
llx_fichinterdet_rec	干预/工单	29	info_bits	INTEGER	integer	YES	0	N	N					字段 info_bits（基于字段名推断）	htdocs/install/mysql/tables/llx_fichinterdet_rec.sql	54
llx_fichinterdet_rec	干预/工单	30	buy_price_ht	DOUBLE(24, 8)	double	YES	0	N	N					金额、价格或税费字段（基于字段名推断）	htdocs/install/mysql/tables/llx_fichinterdet_rec.sql	55
llx_fichinterdet_rec	干预/工单	31	fk_product_fournisseur_price	integer	integer	YES	NULL	N	N					外部关联 ID（具体目标以外键或业务代码为准）（基于字段名推断）	htdocs/install/mysql/tables/llx_fichinterdet_rec.sql	56
llx_fichinterdet_rec	干预/工单	32	fk_code_ventilation	integer	integer	NO	0	N	N					外部关联 ID（具体目标以外键或业务代码为准）（基于字段名推断）	htdocs/install/mysql/tables/llx_fichinterdet_rec.sql	57
llx_fichinterdet_rec	干预/工单	33	special_code	integer	integer	YES	0	N	N					代码/参考号字段（基于字段名推断）	htdocs/install/mysql/tables/llx_fichinterdet_rec.sql	58
llx_fichinterdet_rec	干预/工单	34	fk_unit	integer	integer	YES	NULL	N	N					外部关联 ID（具体目标以外键或业务代码为准）（基于字段名推断）	htdocs/install/mysql/tables/llx_fichinterdet_rec.sql	59
llx_fichinterdet_rec	干预/工单	35	import_key	varchar(14)	varchar	YES	NULL	N	N					导入批次/外部导入键	htdocs/install/mysql/tables/llx_fichinterdet_rec.sql	60
llx_fichinterdet_rec	干预/工单	36	extraparams	varchar(255)	varchar	YES		N	N				to stock other parameters in json format	扩展参数/结构化文本；源码注释：to stock other parameters in json format	htdocs/install/mysql/tables/llx_fichinterdet_rec.sql	61
llx_holiday	休假	1	rowid	integer	integer	NO		Y	Y	PRIMARY	PRIMARY			主键行标识；通常为自增整数	htdocs/install/mysql/tables/llx_holiday.sql	21
llx_holiday	休假	2	ref	varchar(30)	varchar	NO		N	N					业务参考号/单号	htdocs/install/mysql/tables/llx_holiday.sql	22
llx_holiday	休假	3	ref_ext	varchar(255)	varchar	YES		N	N					代码/参考号字段（基于字段名推断）	htdocs/install/mysql/tables/llx_holiday.sql	23
llx_holiday	休假	4	entity	integer	integer	NO	1	N	N	idx_holiday_entity			Multi company id	多实体/多公司隔离标识；源码注释：Multi company id	htdocs/install/mysql/tables/llx_holiday.sql	24
llx_holiday	休假	5	fk_user	integer	integer	NO		N	N	idx_holiday_fk_user				外部关联 ID（具体目标以外键或业务代码为准）（基于字段名推断）	htdocs/install/mysql/tables/llx_holiday.sql	25
llx_holiday	休假	6	fk_user_create	integer	integer	YES		N	N	idx_holiday_fk_user_create				外部关联 ID（具体目标以外键或业务代码为准）（基于字段名推断）	htdocs/install/mysql/tables/llx_holiday.sql	26
llx_holiday	休假	7	fk_user_modif	integer	integer	YES		N	N					最后修改人用户 ID	htdocs/install/mysql/tables/llx_holiday.sql	27
llx_holiday	休假	8	fk_type	integer	integer	NO		N	N					外部关联 ID（具体目标以外键或业务代码为准）（基于字段名推断）	htdocs/install/mysql/tables/llx_holiday.sql	28
llx_holiday	休假	9	date_create	DATETIME	datetime	NO		N	N	idx_holiday_date_create				日期/时间字段（基于字段名推断）	htdocs/install/mysql/tables/llx_holiday.sql	29
llx_holiday	休假	10	description	VARCHAR( 255 )	varchar	NO		N	N					描述	htdocs/install/mysql/tables/llx_holiday.sql	30
llx_holiday	休假	11	date_debut	DATE	date	NO		N	N	idx_holiday_date_debut				日期/时间字段（基于字段名推断）	htdocs/install/mysql/tables/llx_holiday.sql	31
llx_holiday	休假	12	date_fin	DATE	date	NO		N	N	idx_holiday_date_fin				日期/时间字段（基于字段名推断）	htdocs/install/mysql/tables/llx_holiday.sql	32
llx_holiday	休假	13	halfday	integer	integer	YES	0	N	N				0=start morning and end afternoon, -1=start afternoon end afternoon, 1=start morning and end morning, 2=start afternoon and end morning	字段 halfday；源码注释：0=start morning and end afternoon, -1=start afternoon end afternoon, 1=start morning and end morning, 2=start afternoon and end morning	htdocs/install/mysql/tables/llx_holiday.sql	33
llx_holiday	休假	14	nb_open_day	double(24,8)	double	YES	NULL	N	N				DENORMALIZED FIELD. number of open days of holiday. Not always set. More reliable to re-calculated with num_open_days(date_debut, date_fin, halfday, user->country_id).	字段 nb_open_day；源码注释：DENORMALIZED FIELD. number of open days of holiday. Not always set. More reliable to re-calculated with num_open_days(date_debut, date_fin, halfday, user->country_id).	htdocs/install/mysql/tables/llx_holiday.sql	34
llx_holiday	休假	15	statut	integer	integer	NO	1	N	N				status of leave request	状态标识；源码注释：status of leave request	htdocs/install/mysql/tables/llx_holiday.sql	35
llx_holiday	休假	16	fk_validator	integer	integer	NO		N	N	idx_holiday_fk_validator			who should approve the leave	外部关联 ID（具体目标以外键或业务代码为准）；源码注释：who should approve the leave	htdocs/install/mysql/tables/llx_holiday.sql	36
llx_holiday	休假	17	date_valid	DATETIME	datetime	YES	NULL	N	N				date validation	审核/生效日期；源码注释：date validation	htdocs/install/mysql/tables/llx_holiday.sql	37
llx_holiday	休假	18	fk_user_valid	integer	integer	YES	NULL	N	N				user validation	审核/验证人用户 ID；源码注释：user validation	htdocs/install/mysql/tables/llx_holiday.sql	38
llx_holiday	休假	19	date_approval	DATETIME	datetime	YES	NULL	N	N				date approval	日期/时间字段；源码注释：date approval	htdocs/install/mysql/tables/llx_holiday.sql	39
llx_holiday	休假	20	fk_user_approve	integer	integer	YES	NULL	N	N				user approval	外部关联 ID（具体目标以外键或业务代码为准）；源码注释：user approval	htdocs/install/mysql/tables/llx_holiday.sql	40
llx_holiday	休假	21	date_refuse	DATETIME	datetime	YES	NULL	N	N					日期/时间字段（基于字段名推断）	htdocs/install/mysql/tables/llx_holiday.sql	41
llx_holiday	休假	22	fk_user_refuse	integer	integer	YES	NULL	N	N					外部关联 ID（具体目标以外键或业务代码为准）（基于字段名推断）	htdocs/install/mysql/tables/llx_holiday.sql	42
llx_holiday	休假	23	date_cancel	DATETIME	datetime	YES	NULL	N	N					日期/时间字段（基于字段名推断）	htdocs/install/mysql/tables/llx_holiday.sql	43
llx_holiday	休假	24	fk_user_cancel	integer	integer	YES	NULL	N	N					外部关联 ID（具体目标以外键或业务代码为准）（基于字段名推断）	htdocs/install/mysql/tables/llx_holiday.sql	44
llx_holiday	休假	25	detail_refuse	varchar( 250 )	varchar	YES	NULL	N	N					字段 detail_refuse（基于字段名推断）	htdocs/install/mysql/tables/llx_holiday.sql	45
llx_holiday	休假	26	note_private	text	text	YES		N	N					内部备注	htdocs/install/mysql/tables/llx_holiday.sql	46
llx_holiday	休假	27	note_public	text	text	YES		N	N					公开备注	htdocs/install/mysql/tables/llx_holiday.sql	47
llx_holiday	休假	28	tms	timestamp	timestamp	YES	CURRENT_TIMESTAMP	N	N					最后修改时间戳	htdocs/install/mysql/tables/llx_holiday.sql	48
llx_holiday	休假	29	import_key	varchar(14)	varchar	YES		N	N					导入批次/外部导入键	htdocs/install/mysql/tables/llx_holiday.sql	49
llx_holiday	休假	30	extraparams	varchar(255)	varchar	YES		N	N				for other parameters with json format	扩展参数/结构化文本；源码注释：for other parameters with json format	htdocs/install/mysql/tables/llx_holiday.sql	50
llx_holiday_config	休假	1	rowid	integer	integer	NO		Y	Y	PRIMARY	PRIMARY			主键行标识；通常为自增整数	htdocs/install/mysql/tables/llx_holiday_config.sql	21
llx_holiday_config	休假	2	entity	integer	integer	NO	1	N	N	idx_holiday_config	idx_holiday_config		Multi company id	多实体/多公司隔离标识；源码注释：Multi company id	htdocs/install/mysql/tables/llx_holiday_config.sql	22
llx_holiday_config	休假	3	name	VARCHAR(128)	varchar	NO		N	N	idx_holiday_config	idx_holiday_config			名称/标题字段（基于字段名推断）	htdocs/install/mysql/tables/llx_holiday_config.sql	23
llx_holiday_config	休假	4	value	TEXT	text	YES		N	N					字段 value（基于字段名推断）	htdocs/install/mysql/tables/llx_holiday_config.sql	24
llx_holiday_extrafields	休假	1	rowid	integer	integer	NO		Y	Y	PRIMARY	PRIMARY			主键行标识；通常为自增整数	htdocs/install/mysql/tables/llx_holiday_extrafields.sql	24
llx_holiday_extrafields	休假	2	tms	timestamp	timestamp	YES	CURRENT_TIMESTAMP	N	N					最后修改时间戳	htdocs/install/mysql/tables/llx_holiday_extrafields.sql	25
llx_holiday_extrafields	休假	3	fk_object	integer	integer	NO		N	N	uk_holiday_extrafields	uk_holiday_extrafields			外部关联 ID（具体目标以外键或业务代码为准）（基于字段名推断）	htdocs/install/mysql/tables/llx_holiday_extrafields.sql	26
llx_holiday_extrafields	休假	4	import_key	varchar(14)	varchar	YES		N	N				import key	导入批次/外部导入键；源码注释：import key	htdocs/install/mysql/tables/llx_holiday_extrafields.sql	27
llx_holiday_logs	休假	1	rowid	integer	integer	NO		Y	Y	PRIMARY	PRIMARY			主键行标识；通常为自增整数	htdocs/install/mysql/tables/llx_holiday_logs.sql	21
llx_holiday_logs	休假	2	date_action	DATETIME	datetime	NO		N	N					日期/时间字段（基于字段名推断）	htdocs/install/mysql/tables/llx_holiday_logs.sql	22
llx_holiday_logs	休假	3	fk_user_action	integer	integer	NO		N	N					外部关联 ID（具体目标以外键或业务代码为准）（基于字段名推断）	htdocs/install/mysql/tables/llx_holiday_logs.sql	23
llx_holiday_logs	休假	4	fk_user_update	integer	integer	NO		N	N					外部关联 ID（具体目标以外键或业务代码为准）（基于字段名推断）	htdocs/install/mysql/tables/llx_holiday_logs.sql	24
llx_holiday_logs	休假	5	fk_type	integer	integer	NO		N	N					外部关联 ID（具体目标以外键或业务代码为准）（基于字段名推断）	htdocs/install/mysql/tables/llx_holiday_logs.sql	25
llx_holiday_logs	休假	6	type_action	VARCHAR( 255 )	varchar	NO		N	N					字段 type_action（基于字段名推断）	htdocs/install/mysql/tables/llx_holiday_logs.sql	26
llx_holiday_logs	休假	7	prev_solde	VARCHAR( 255 )	varchar	NO		N	N					字段 prev_solde（基于字段名推断）	htdocs/install/mysql/tables/llx_holiday_logs.sql	27
llx_holiday_logs	休假	8	new_solde	VARCHAR( 255 )	varchar	NO		N	N					字段 new_solde（基于字段名推断）	htdocs/install/mysql/tables/llx_holiday_logs.sql	28
llx_holiday_users	休假	1	fk_user	integer	integer	NO		N	N	uk_holiday_users	uk_holiday_users			外部关联 ID（具体目标以外键或业务代码为准）（基于字段名推断）	htdocs/install/mysql/tables/llx_holiday_users.sql	22
llx_holiday_users	休假	2	fk_type	integer	integer	NO		N	N	uk_holiday_users	uk_holiday_users			外部关联 ID（具体目标以外键或业务代码为准）（基于字段名推断）	htdocs/install/mysql/tables/llx_holiday_users.sql	23
llx_holiday_users	休假	3	nb_holiday	real	real	NO	0	N	N					字段 nb_holiday（基于字段名推断）	htdocs/install/mysql/tables/llx_holiday_users.sql	24
llx_holiday_users	休假	4	import_key	varchar(14)	varchar	YES		N	N					导入批次/外部导入键	htdocs/install/mysql/tables/llx_holiday_users.sql	25
llx_hrm_evaluation	人力资源	1	rowid	integer	integer	NO		Y	Y	PRIMARY, idx_hrm_evaluation_rowid	PRIMARY			主键行标识；通常为自增整数	htdocs/install/mysql/tables/llx_hrm_evaluation-hrm.sql	21
llx_hrm_evaluation	人力资源	2	entity	INTEGER	integer	NO	1	N	N				multi company id	多实体/多公司隔离标识；源码注释：multi company id	htdocs/install/mysql/tables/llx_hrm_evaluation-hrm.sql	22
llx_hrm_evaluation	人力资源	3	ref	varchar(128)	varchar	NO	'(PROV)'	N	N	idx_hrm_evaluation_ref				业务参考号/单号	htdocs/install/mysql/tables/llx_hrm_evaluation-hrm.sql	23
llx_hrm_evaluation	人力资源	4	label	varchar(255)	varchar	YES		N	N					名称或标签	htdocs/install/mysql/tables/llx_hrm_evaluation-hrm.sql	24
llx_hrm_evaluation	人力资源	5	description	text	text	YES		N	N					描述	htdocs/install/mysql/tables/llx_hrm_evaluation-hrm.sql	25
llx_hrm_evaluation	人力资源	6	note_public	text	text	YES		N	N					公开备注	htdocs/install/mysql/tables/llx_hrm_evaluation-hrm.sql	26
llx_hrm_evaluation	人力资源	7	note_private	text	text	YES		N	N					内部备注	htdocs/install/mysql/tables/llx_hrm_evaluation-hrm.sql	27
llx_hrm_evaluation	人力资源	8	model_pdf	varchar(255)	varchar	YES		N	N					字段 model_pdf（基于字段名推断）	htdocs/install/mysql/tables/llx_hrm_evaluation-hrm.sql	28
llx_hrm_evaluation	人力资源	9	last_main_doc	varchar(255)	varchar	YES		N	N					字段 last_main_doc（基于字段名推断）	htdocs/install/mysql/tables/llx_hrm_evaluation-hrm.sql	29
llx_hrm_evaluation	人力资源	10	date_creation	datetime	datetime	NO		N	N					日期/时间字段（基于字段名推断）	htdocs/install/mysql/tables/llx_hrm_evaluation-hrm.sql	30
llx_hrm_evaluation	人力资源	11	tms	timestamp	timestamp	YES	CURRENT_TIMESTAMP	N	N					最后修改时间戳	htdocs/install/mysql/tables/llx_hrm_evaluation-hrm.sql	31
llx_hrm_evaluation	人力资源	12	fk_user_creat	integer	integer	NO		N	N			llx_user.rowid		创建人用户 ID	htdocs/install/mysql/tables/llx_hrm_evaluation-hrm.sql	32
llx_hrm_evaluation	人力资源	13	fk_user_modif	integer	integer	YES		N	N					最后修改人用户 ID	htdocs/install/mysql/tables/llx_hrm_evaluation-hrm.sql	33
llx_hrm_evaluation	人力资源	14	import_key	varchar(14)	varchar	YES		N	N					导入批次/外部导入键	htdocs/install/mysql/tables/llx_hrm_evaluation-hrm.sql	34
llx_hrm_evaluation	人力资源	15	status	smallint	smallint	NO		N	N	idx_hrm_evaluation_status				状态标识	htdocs/install/mysql/tables/llx_hrm_evaluation-hrm.sql	35
llx_hrm_evaluation	人力资源	16	date_eval	date	date	YES		N	N					日期/时间字段（基于字段名推断）	htdocs/install/mysql/tables/llx_hrm_evaluation-hrm.sql	36
llx_hrm_evaluation	人力资源	17	fk_user	integer	integer	NO		N	N					外部关联 ID（具体目标以外键或业务代码为准）（基于字段名推断）	htdocs/install/mysql/tables/llx_hrm_evaluation-hrm.sql	37
llx_hrm_evaluation	人力资源	18	fk_job	integer	integer	NO		N	N					外部关联 ID（具体目标以外键或业务代码为准）（基于字段名推断）	htdocs/install/mysql/tables/llx_hrm_evaluation-hrm.sql	38
llx_hrm_evaluation_extrafields	人力资源	1	rowid	integer	integer	NO		Y	Y	PRIMARY	PRIMARY			主键行标识；通常为自增整数	htdocs/install/mysql/tables/llx_hrm_evaluation_extrafields-hrm.sql	20
llx_hrm_evaluation_extrafields	人力资源	2	tms	timestamp	timestamp	YES	CURRENT_TIMESTAMP	N	N					最后修改时间戳	htdocs/install/mysql/tables/llx_hrm_evaluation_extrafields-hrm.sql	21
llx_hrm_evaluation_extrafields	人力资源	3	fk_object	integer	integer	NO		N	N	uk_evaluation_fk_object	uk_evaluation_fk_object			外部关联 ID（具体目标以外键或业务代码为准）（基于字段名推断）	htdocs/install/mysql/tables/llx_hrm_evaluation_extrafields-hrm.sql	22
llx_hrm_evaluation_extrafields	人力资源	4	import_key	varchar(14)	varchar	YES		N	N				import key	导入批次/外部导入键；源码注释：import key	htdocs/install/mysql/tables/llx_hrm_evaluation_extrafields-hrm.sql	23
llx_hrm_evaluationdet	人力资源	1	rowid	integer	integer	NO		Y	Y	PRIMARY, idx_hrm_evaluationdet_rowid	PRIMARY			主键行标识；通常为自增整数	htdocs/install/mysql/tables/llx_hrm_evaluationdet-hrm.sql	21
llx_hrm_evaluationdet	人力资源	2	date_creation	datetime	datetime	NO		N	N					日期/时间字段（基于字段名推断）	htdocs/install/mysql/tables/llx_hrm_evaluationdet-hrm.sql	22
llx_hrm_evaluationdet	人力资源	3	tms	timestamp	timestamp	YES	CURRENT_TIMESTAMP	N	N					最后修改时间戳	htdocs/install/mysql/tables/llx_hrm_evaluationdet-hrm.sql	23
llx_hrm_evaluationdet	人力资源	4	fk_user_creat	integer	integer	NO		N	N			llx_user.rowid		创建人用户 ID	htdocs/install/mysql/tables/llx_hrm_evaluationdet-hrm.sql	24
llx_hrm_evaluationdet	人力资源	5	fk_user_modif	integer	integer	YES		N	N					最后修改人用户 ID	htdocs/install/mysql/tables/llx_hrm_evaluationdet-hrm.sql	25
llx_hrm_evaluationdet	人力资源	6	fk_skill	integer	integer	NO		N	N	idx_hrm_evaluationdet_fk_skill				外部关联 ID（具体目标以外键或业务代码为准）（基于字段名推断）	htdocs/install/mysql/tables/llx_hrm_evaluationdet-hrm.sql	26
llx_hrm_evaluationdet	人力资源	7	fk_evaluation	integer	integer	NO		N	N	idx_hrm_evaluationdet_fk_evaluation		llx_hrm_evaluation.rowid		外部关联 ID（具体目标以外键或业务代码为准）（基于字段名推断）	htdocs/install/mysql/tables/llx_hrm_evaluationdet-hrm.sql	27
llx_hrm_evaluationdet	人力资源	8	rankorder	integer	integer	NO		N	N					字段 rankorder（基于字段名推断）	htdocs/install/mysql/tables/llx_hrm_evaluationdet-hrm.sql	28
llx_hrm_evaluationdet	人力资源	9	required_rank	integer	integer	NO		N	N					字段 required_rank（基于字段名推断）	htdocs/install/mysql/tables/llx_hrm_evaluationdet-hrm.sql	29
llx_hrm_evaluationdet	人力资源	10	comment	text	text	YES		N	N					备注/说明字段（基于字段名推断）	htdocs/install/mysql/tables/llx_hrm_evaluationdet-hrm.sql	30
llx_hrm_evaluationdet	人力资源	11	import_key	varchar(14)	varchar	YES		N	N					导入批次/外部导入键	htdocs/install/mysql/tables/llx_hrm_evaluationdet-hrm.sql	31
llx_hrm_evaluationdet_extrafields	人力资源	1	rowid	integer	integer	NO		Y	Y	PRIMARY	PRIMARY			主键行标识；通常为自增整数	htdocs/install/mysql/tables/llx_hrm_evaluationdet_extrafields-hrm.sql	20
llx_hrm_evaluationdet_extrafields	人力资源	2	tms	timestamp	timestamp	YES	CURRENT_TIMESTAMP	N	N					最后修改时间戳	htdocs/install/mysql/tables/llx_hrm_evaluationdet_extrafields-hrm.sql	21
llx_hrm_evaluationdet_extrafields	人力资源	3	fk_object	integer	integer	NO		N	N	uk_evaluationdet_fk_object	uk_evaluationdet_fk_object			外部关联 ID（具体目标以外键或业务代码为准）（基于字段名推断）	htdocs/install/mysql/tables/llx_hrm_evaluationdet_extrafields-hrm.sql	22
llx_hrm_evaluationdet_extrafields	人力资源	4	import_key	varchar(14)	varchar	YES		N	N				import key	导入批次/外部导入键；源码注释：import key	htdocs/install/mysql/tables/llx_hrm_evaluationdet_extrafields-hrm.sql	23
llx_hrm_job	人力资源	1	rowid	integer	integer	NO		Y	Y	PRIMARY, idx_hrm_job_rowid	PRIMARY			主键行标识；通常为自增整数	htdocs/install/mysql/tables/llx_hrm_job-hrm.sql	21
llx_hrm_job	人力资源	2	label	varchar(255)	varchar	NO		N	N	idx_hrm_job_label				名称或标签	htdocs/install/mysql/tables/llx_hrm_job-hrm.sql	22
llx_hrm_job	人力资源	3	description	text	text	YES		N	N					描述	htdocs/install/mysql/tables/llx_hrm_job-hrm.sql	23
llx_hrm_job	人力资源	4	date_creation	datetime	datetime	NO		N	N					日期/时间字段（基于字段名推断）	htdocs/install/mysql/tables/llx_hrm_job-hrm.sql	24
llx_hrm_job	人力资源	5	tms	timestamp	timestamp	YES	CURRENT_TIMESTAMP	N	N					最后修改时间戳	htdocs/install/mysql/tables/llx_hrm_job-hrm.sql	25
llx_hrm_job	人力资源	6	deplacement	varchar(255)	varchar	YES		N	N					字段 deplacement（基于字段名推断）	htdocs/install/mysql/tables/llx_hrm_job-hrm.sql	26
llx_hrm_job	人力资源	7	note_public	text	text	YES		N	N					公开备注	htdocs/install/mysql/tables/llx_hrm_job-hrm.sql	27
llx_hrm_job	人力资源	8	note_private	text	text	YES		N	N					内部备注	htdocs/install/mysql/tables/llx_hrm_job-hrm.sql	28
llx_hrm_job	人力资源	9	fk_user_creat	integer	integer	YES		N	N					创建人用户 ID	htdocs/install/mysql/tables/llx_hrm_job-hrm.sql	29
llx_hrm_job	人力资源	10	fk_user_modif	integer	integer	YES		N	N					最后修改人用户 ID	htdocs/install/mysql/tables/llx_hrm_job-hrm.sql	30
llx_hrm_job_extrafields	人力资源	1	rowid	integer	integer	NO		Y	Y	PRIMARY	PRIMARY			主键行标识；通常为自增整数	htdocs/install/mysql/tables/llx_hrm_job_extrafields-hrm.sql	20
llx_hrm_job_extrafields	人力资源	2	tms	timestamp	timestamp	YES	CURRENT_TIMESTAMP	N	N					最后修改时间戳	htdocs/install/mysql/tables/llx_hrm_job_extrafields-hrm.sql	21
llx_hrm_job_extrafields	人力资源	3	fk_object	integer	integer	NO		N	N	uk_job_fk_object	uk_job_fk_object			外部关联 ID（具体目标以外键或业务代码为准）（基于字段名推断）	htdocs/install/mysql/tables/llx_hrm_job_extrafields-hrm.sql	22
llx_hrm_job_extrafields	人力资源	4	import_key	varchar(14)	varchar	YES		N	N				import key	导入批次/外部导入键；源码注释：import key	htdocs/install/mysql/tables/llx_hrm_job_extrafields-hrm.sql	23
llx_hrm_job_user	人力资源	1	rowid	integer	integer	NO		Y	Y	PRIMARY, idx_hrm_job_user_rowid	PRIMARY			主键行标识；通常为自增整数	htdocs/install/mysql/tables/llx_hrm_job_user-hrm.sql	20
llx_hrm_job_user	人力资源	2	description	text	text	YES		N	N					描述	htdocs/install/mysql/tables/llx_hrm_job_user-hrm.sql	22
llx_hrm_job_user	人力资源	3	date_creation	datetime	datetime	NO		N	N					日期/时间字段（基于字段名推断）	htdocs/install/mysql/tables/llx_hrm_job_user-hrm.sql	23
llx_hrm_job_user	人力资源	4	tms	timestamp	timestamp	YES	CURRENT_TIMESTAMP	N	N					最后修改时间戳	htdocs/install/mysql/tables/llx_hrm_job_user-hrm.sql	24
llx_hrm_job_user	人力资源	5	fk_contrat	integer	integer	YES		N	N					外部关联 ID（具体目标以外键或业务代码为准）（基于字段名推断）	htdocs/install/mysql/tables/llx_hrm_job_user-hrm.sql	25
llx_hrm_job_user	人力资源	6	fk_user	integer	integer	YES		N	N					外部关联 ID（具体目标以外键或业务代码为准）（基于字段名推断）	htdocs/install/mysql/tables/llx_hrm_job_user-hrm.sql	26
llx_hrm_job_user	人力资源	7	fk_job	integer	integer	NO		N	N					外部关联 ID（具体目标以外键或业务代码为准）（基于字段名推断）	htdocs/install/mysql/tables/llx_hrm_job_user-hrm.sql	27
llx_hrm_job_user	人力资源	8	date_start	datetime	datetime	YES		N	N					日期/时间字段（基于字段名推断）	htdocs/install/mysql/tables/llx_hrm_job_user-hrm.sql	28
llx_hrm_job_user	人力资源	9	date_end	datetime	datetime	YES		N	N					日期/时间字段（基于字段名推断）	htdocs/install/mysql/tables/llx_hrm_job_user-hrm.sql	29
llx_hrm_job_user	人力资源	10	abort_comment	varchar(255)	varchar	YES		N	N					备注/说明字段（基于字段名推断）	htdocs/install/mysql/tables/llx_hrm_job_user-hrm.sql	30
llx_hrm_job_user	人力资源	11	note_public	text	text	YES		N	N					公开备注	htdocs/install/mysql/tables/llx_hrm_job_user-hrm.sql	31
llx_hrm_job_user	人力资源	12	note_private	text	text	YES		N	N					内部备注	htdocs/install/mysql/tables/llx_hrm_job_user-hrm.sql	32
llx_hrm_job_user	人力资源	13	fk_user_creat	integer	integer	YES		N	N					创建人用户 ID	htdocs/install/mysql/tables/llx_hrm_job_user-hrm.sql	33
llx_hrm_job_user	人力资源	14	fk_user_modif	integer	integer	YES		N	N					最后修改人用户 ID	htdocs/install/mysql/tables/llx_hrm_job_user-hrm.sql	34
llx_hrm_skill	人力资源	1	rowid	integer	integer	NO		Y	Y	PRIMARY, idx_hrm_skill_rowid	PRIMARY			主键行标识；通常为自增整数	htdocs/install/mysql/tables/llx_hrm_skill-hrm.sql	21
llx_hrm_skill	人力资源	2	label	varchar(255)	varchar	YES		N	N					名称或标签	htdocs/install/mysql/tables/llx_hrm_skill-hrm.sql	22
llx_hrm_skill	人力资源	3	description	text	text	YES		N	N					描述	htdocs/install/mysql/tables/llx_hrm_skill-hrm.sql	23
llx_hrm_skill	人力资源	4	date_creation	datetime	datetime	NO		N	N					日期/时间字段（基于字段名推断）	htdocs/install/mysql/tables/llx_hrm_skill-hrm.sql	24
llx_hrm_skill	人力资源	5	tms	timestamp	timestamp	YES	CURRENT_TIMESTAMP	N	N					最后修改时间戳	htdocs/install/mysql/tables/llx_hrm_skill-hrm.sql	25
llx_hrm_skill	人力资源	6	fk_user_creat	integer	integer	NO		N	N			llx_user.rowid		创建人用户 ID	htdocs/install/mysql/tables/llx_hrm_skill-hrm.sql	26
llx_hrm_skill	人力资源	7	fk_user_modif	integer	integer	YES		N	N					最后修改人用户 ID	htdocs/install/mysql/tables/llx_hrm_skill-hrm.sql	27
llx_hrm_skill	人力资源	8	required_level	integer	integer	NO		N	N					字段 required_level（基于字段名推断）	htdocs/install/mysql/tables/llx_hrm_skill-hrm.sql	28
llx_hrm_skill	人力资源	9	date_validite	integer	integer	NO		N	N					日期/时间字段（基于字段名推断）	htdocs/install/mysql/tables/llx_hrm_skill-hrm.sql	29
llx_hrm_skill	人力资源	10	temps_theorique	double(24,8)	double	NO		N	N					字段 temps_theorique（基于字段名推断）	htdocs/install/mysql/tables/llx_hrm_skill-hrm.sql	30
llx_hrm_skill	人力资源	11	skill_type	integer	integer	NO		N	N	idx_hrm_skill_skill_type				字段 skill_type（基于字段名推断）	htdocs/install/mysql/tables/llx_hrm_skill-hrm.sql	31
llx_hrm_skill	人力资源	12	note_public	text	text	YES		N	N					公开备注	htdocs/install/mysql/tables/llx_hrm_skill-hrm.sql	32
llx_hrm_skill	人力资源	13	note_private	text	text	YES		N	N					内部备注	htdocs/install/mysql/tables/llx_hrm_skill-hrm.sql	33
llx_hrm_skill_extrafields	人力资源	1	rowid	integer	integer	NO		Y	Y	PRIMARY	PRIMARY			主键行标识；通常为自增整数	htdocs/install/mysql/tables/llx_hrm_skill_extrafields-hrm.sql	20
llx_hrm_skill_extrafields	人力资源	2	tms	timestamp	timestamp	YES	CURRENT_TIMESTAMP	N	N					最后修改时间戳	htdocs/install/mysql/tables/llx_hrm_skill_extrafields-hrm.sql	21
llx_hrm_skill_extrafields	人力资源	3	fk_object	integer	integer	NO		N	N	idx_skill_fk_object				外部关联 ID（具体目标以外键或业务代码为准）（基于字段名推断）	htdocs/install/mysql/tables/llx_hrm_skill_extrafields-hrm.sql	22
llx_hrm_skill_extrafields	人力资源	4	import_key	varchar(14)	varchar	YES		N	N				import key	导入批次/外部导入键；源码注释：import key	htdocs/install/mysql/tables/llx_hrm_skill_extrafields-hrm.sql	23
llx_hrm_skilldet	人力资源	1	rowid	integer	integer	NO		Y	Y	PRIMARY, idx_hrm_skilldet_rowid	PRIMARY			主键行标识；通常为自增整数	htdocs/install/mysql/tables/llx_hrm_skilldet-hrm.sql	20
llx_hrm_skilldet	人力资源	2	fk_skill	integer	integer	NO		N	N			llx_hrm_skill.rowid		外部关联 ID（具体目标以外键或业务代码为准）（基于字段名推断）	htdocs/install/mysql/tables/llx_hrm_skilldet-hrm.sql	21
llx_hrm_skilldet	人力资源	3	rankorder	integer	integer	NO	'1'	N	N					字段 rankorder（基于字段名推断）	htdocs/install/mysql/tables/llx_hrm_skilldet-hrm.sql	22
llx_hrm_skilldet	人力资源	4	description	text	text	YES		N	N					描述	htdocs/install/mysql/tables/llx_hrm_skilldet-hrm.sql	23
llx_hrm_skilldet	人力资源	5	fk_user_creat	integer	integer	NO		N	N			llx_user.rowid		创建人用户 ID	htdocs/install/mysql/tables/llx_hrm_skilldet-hrm.sql	24
llx_hrm_skilldet	人力资源	6	fk_user_modif	integer	integer	YES		N	N					最后修改人用户 ID	htdocs/install/mysql/tables/llx_hrm_skilldet-hrm.sql	25
llx_hrm_skillrank	人力资源	1	rowid	integer	integer	NO		Y	Y	PRIMARY, idx_hrm_skillrank_rowid	PRIMARY			主键行标识；通常为自增整数	htdocs/install/mysql/tables/llx_hrm_skillrank-hrm.sql	20
llx_hrm_skillrank	人力资源	2	fk_skill	integer	integer	NO		N	N	idx_hrm_skillrank_fk_skill		llx_hrm_skill.rowid		外部关联 ID（具体目标以外键或业务代码为准）（基于字段名推断）	htdocs/install/mysql/tables/llx_hrm_skillrank-hrm.sql	21
llx_hrm_skillrank	人力资源	3	rankorder	integer	integer	NO		N	N					字段 rankorder（基于字段名推断）	htdocs/install/mysql/tables/llx_hrm_skillrank-hrm.sql	22
llx_hrm_skillrank	人力资源	4	fk_object	integer	integer	NO		N	N					外部关联 ID（具体目标以外键或业务代码为准）（基于字段名推断）	htdocs/install/mysql/tables/llx_hrm_skillrank-hrm.sql	23
llx_hrm_skillrank	人力资源	5	date_creation	datetime	datetime	NO		N	N					日期/时间字段（基于字段名推断）	htdocs/install/mysql/tables/llx_hrm_skillrank-hrm.sql	24
llx_hrm_skillrank	人力资源	6	tms	timestamp	timestamp	YES	CURRENT_TIMESTAMP	N	N					最后修改时间戳	htdocs/install/mysql/tables/llx_hrm_skillrank-hrm.sql	25
llx_hrm_skillrank	人力资源	7	fk_user_creat	integer	integer	NO		N	N			llx_user.rowid		创建人用户 ID	htdocs/install/mysql/tables/llx_hrm_skillrank-hrm.sql	26
llx_hrm_skillrank	人力资源	8	fk_user_modif	integer	integer	YES		N	N					最后修改人用户 ID	htdocs/install/mysql/tables/llx_hrm_skillrank-hrm.sql	27
llx_hrm_skillrank	人力资源	9	objecttype	varchar(128)	varchar	NO		N	N					字段 objecttype（基于字段名推断）	htdocs/install/mysql/tables/llx_hrm_skillrank-hrm.sql	28
llx_import_model	核心/系统	1	rowid	integer	integer	NO		Y	Y	PRIMARY	PRIMARY			主键行标识；通常为自增整数	htdocs/install/mysql/tables/llx_import_model.sql	23
llx_import_model	核心/系统	2	entity	integer	integer	NO	0	N	N				by default on all entities for compatibility	多实体/多公司隔离标识；源码注释：by default on all entities for compatibility	htdocs/install/mysql/tables/llx_import_model.sql	24
llx_import_model	核心/系统	3	fk_user	integer	integer	NO	0	N	N					外部关联 ID（具体目标以外键或业务代码为准）（基于字段名推断）	htdocs/install/mysql/tables/llx_import_model.sql	25
llx_import_model	核心/系统	4	label	varchar(50)	varchar	NO		N	N	uk_import_model	uk_import_model			名称或标签	htdocs/install/mysql/tables/llx_import_model.sql	26
llx_import_model	核心/系统	5	type	varchar(64)	varchar	NO		N	N	uk_import_model	uk_import_model			字段 type（基于字段名推断）	htdocs/install/mysql/tables/llx_import_model.sql	27
llx_import_model	核心/系统	6	field	text	text	NO		N	N					字段 field（基于字段名推断）	htdocs/install/mysql/tables/llx_import_model.sql	28
llx_intracommreport	核心/系统	1	rowid	integer	integer	NO		Y	Y	PRIMARY	PRIMARY			主键行标识；通常为自增整数	htdocs/install/mysql/tables/llx_intracommreport-intracommreport.sql	22
llx_intracommreport	核心/系统	2	ref	varchar(30)	varchar	NO		N	N				report reference number	业务参考号/单号；源码注释：report reference number	htdocs/install/mysql/tables/llx_intracommreport-intracommreport.sql	23
llx_intracommreport	核心/系统	3	entity	integer	integer	NO	1	N	N				multi company id	多实体/多公司隔离标识；源码注释：multi company id	htdocs/install/mysql/tables/llx_intracommreport-intracommreport.sql	24
llx_intracommreport	核心/系统	4	type_declaration	varchar(32)	varchar	YES		N	N					比例/百分比字段（基于字段名推断）	htdocs/install/mysql/tables/llx_intracommreport-intracommreport.sql	25
llx_intracommreport	核心/系统	5	periods	varchar(32)	varchar	YES		N	N					字段 periods（基于字段名推断）	htdocs/install/mysql/tables/llx_intracommreport-intracommreport.sql	26
llx_intracommreport	核心/系统	6	mode	varchar(32)	varchar	YES		N	N					字段 mode（基于字段名推断）	htdocs/install/mysql/tables/llx_intracommreport-intracommreport.sql	27
llx_intracommreport	核心/系统	7	content_xml	text	text	YES		N	N					字段 content_xml（基于字段名推断）	htdocs/install/mysql/tables/llx_intracommreport-intracommreport.sql	28
llx_intracommreport	核心/系统	8	type_export	varchar(10)	varchar	YES		N	N					字段 type_export（基于字段名推断）	htdocs/install/mysql/tables/llx_intracommreport-intracommreport.sql	29
llx_intracommreport	核心/系统	9	datec	datetime	datetime	YES		N	N					创建日期/时间	htdocs/install/mysql/tables/llx_intracommreport-intracommreport.sql	30
llx_intracommreport	核心/系统	10	tms	timestamp	timestamp	YES	CURRENT_TIMESTAMP	N	N					最后修改时间戳	htdocs/install/mysql/tables/llx_intracommreport-intracommreport.sql	31
llx_inventory	库存	1	rowid	integer	integer	NO		Y	Y	PRIMARY	PRIMARY			主键行标识；通常为自增整数	htdocs/install/mysql/tables/llx_inventory-stock.sql	22
llx_inventory	库存	2	entity	integer	integer	YES	0	N	N	uk_inventory_ref	uk_inventory_ref			多实体/多公司隔离标识	htdocs/install/mysql/tables/llx_inventory-stock.sql	23
llx_inventory	库存	3	ref	varchar(48)	varchar	YES		N	N	uk_inventory_ref	uk_inventory_ref		We will also use this code as inventory code	业务参考号/单号；源码注释：We will also use this code as inventory code	htdocs/install/mysql/tables/llx_inventory-stock.sql	24
llx_inventory	库存	4	date_creation	datetime	datetime	YES	NULL	N	N	idx_inventory_date_creation				日期/时间字段（基于字段名推断）	htdocs/install/mysql/tables/llx_inventory-stock.sql	25
llx_inventory	库存	5	tms	timestamp	timestamp	YES	CURRENT_TIMESTAMP	N	N	idx_inventory_tms				最后修改时间戳	htdocs/install/mysql/tables/llx_inventory-stock.sql	26
llx_inventory	库存	6	fk_user_creat	integer	integer	YES		N	N				user making creation	创建人用户 ID；源码注释：user making creation	htdocs/install/mysql/tables/llx_inventory-stock.sql	27
llx_inventory	库存	7	fk_user_modif	integer	integer	YES		N	N				user making last change	最后修改人用户 ID；源码注释：user making last change	htdocs/install/mysql/tables/llx_inventory-stock.sql	28
llx_inventory	库存	8	fk_user_valid	integer	integer	YES		N	N				valideur de la fiche	审核/验证人用户 ID；源码注释：valideur de la fiche	htdocs/install/mysql/tables/llx_inventory-stock.sql	29
llx_inventory	库存	9	fk_warehouse	integer	integer	YES	NULL	N	N					关联仓库 ID	htdocs/install/mysql/tables/llx_inventory-stock.sql	30
llx_inventory	库存	10	fk_product	integer	integer	YES	NULL	N	N					关联产品/服务 ID	htdocs/install/mysql/tables/llx_inventory-stock.sql	31
llx_inventory	库存	11	categories_product	varchar(255)	varchar	YES	NULL	N	N				product categories id separated by comma	字段 categories_product；源码注释：product categories id separated by comma	htdocs/install/mysql/tables/llx_inventory-stock.sql	32
llx_inventory	库存	12	status	integer	integer	YES	0	N	N					状态标识	htdocs/install/mysql/tables/llx_inventory-stock.sql	33
llx_inventory	库存	13	title	varchar(255)	varchar	NO		N	N					名称/标题字段（基于字段名推断）	htdocs/install/mysql/tables/llx_inventory-stock.sql	34
llx_inventory	库存	14	date_inventory	datetime	datetime	YES	NULL	N	N					日期/时间字段（基于字段名推断）	htdocs/install/mysql/tables/llx_inventory-stock.sql	35
llx_inventory	库存	15	date_validation	datetime	datetime	YES	NULL	N	N					日期/时间字段（基于字段名推断）	htdocs/install/mysql/tables/llx_inventory-stock.sql	36
llx_inventory	库存	16	last_main_doc	varchar(255)	varchar	YES	NULL	N	N				relative filepath+filename of last main generated document	字段 last_main_doc；源码注释：relative filepath+filename of last main generated document	htdocs/install/mysql/tables/llx_inventory-stock.sql	37
llx_inventory	库存	17	import_key	varchar(14)	varchar	YES		N	N				import key	导入批次/外部导入键；源码注释：import key	htdocs/install/mysql/tables/llx_inventory-stock.sql	38
llx_inventory_extrafields	库存	1	rowid	integer	integer	NO		Y	Y	PRIMARY	PRIMARY			主键行标识；通常为自增整数	htdocs/install/mysql/tables/llx_inventory_extrafields-stock.sql	22
llx_inventory_extrafields	库存	2	tms	timestamp	timestamp	YES	CURRENT_TIMESTAMP	N	N					最后修改时间戳	htdocs/install/mysql/tables/llx_inventory_extrafields-stock.sql	23
llx_inventory_extrafields	库存	3	fk_object	integer	integer	NO		N	N	idx_inventory_extrafields				外部关联 ID（具体目标以外键或业务代码为准）（基于字段名推断）	htdocs/install/mysql/tables/llx_inventory_extrafields-stock.sql	24
llx_inventory_extrafields	库存	4	import_key	varchar(14)	varchar	YES		N	N				import key	导入批次/外部导入键；源码注释：import key	htdocs/install/mysql/tables/llx_inventory_extrafields-stock.sql	25
llx_inventorydet	库存	1	rowid	integer	integer	NO		Y	Y	PRIMARY	PRIMARY			主键行标识；通常为自增整数	htdocs/install/mysql/tables/llx_inventorydet-stock.sql	22
llx_inventorydet	库存	2	datec	datetime	datetime	YES	NULL	N	N	idx_inventorydet_datec				创建日期/时间	htdocs/install/mysql/tables/llx_inventorydet-stock.sql	23
llx_inventorydet	库存	3	tms	timestamp	timestamp	YES	CURRENT_TIMESTAMP	N	N	idx_inventorydet_tms				最后修改时间戳	htdocs/install/mysql/tables/llx_inventorydet-stock.sql	24
llx_inventorydet	库存	4	fk_inventory	integer	integer	YES	0	N	N	idx_inventorydet_fk_inventory				外部关联 ID（具体目标以外键或业务代码为准）（基于字段名推断）	htdocs/install/mysql/tables/llx_inventorydet-stock.sql	25
llx_inventorydet	库存	5	fk_warehouse	integer	integer	YES	0	N	N					关联仓库 ID	htdocs/install/mysql/tables/llx_inventorydet-stock.sql	26
llx_inventorydet	库存	6	fk_product	integer	integer	YES	0	N	N					关联产品/服务 ID	htdocs/install/mysql/tables/llx_inventorydet-stock.sql	27
llx_inventorydet	库存	7	batch	varchar(128)	varchar	YES	NULL	N	N				Lot or serial number	字段 batch；源码注释：Lot or serial number	htdocs/install/mysql/tables/llx_inventorydet-stock.sql	28
llx_inventorydet	库存	8	qty_stock	double	double	YES	NULL	N	N				Value or real stock we have, when we start the inventory (may be updated during intermediary steps).	字段 qty_stock；源码注释：Value or real stock we have, when we start the inventory (may be updated during intermediary steps).	htdocs/install/mysql/tables/llx_inventorydet-stock.sql	29
llx_inventorydet	库存	9	qty_view	double	double	YES	NULL	N	N				Quantity found during inventory. It is the targeted value, filled during edition of inventory.	字段 qty_view；源码注释：Quantity found during inventory. It is the targeted value, filled during edition of inventory.	htdocs/install/mysql/tables/llx_inventorydet-stock.sql	30
llx_inventorydet	库存	10	qty_regulated	double	double	YES	NULL	N	N				Never used. Deprecated because we already have the fk_movement now.	字段 qty_regulated；源码注释：Never used. Deprecated because we already have the fk_movement now.	htdocs/install/mysql/tables/llx_inventorydet-stock.sql	31
llx_inventorydet	库存	11	pmp_real	double	double	YES	NULL	N	N					字段 pmp_real（基于字段名推断）	htdocs/install/mysql/tables/llx_inventorydet-stock.sql	32
llx_inventorydet	库存	12	pmp_expected	double	double	YES	NULL	N	N					字段 pmp_expected（基于字段名推断）	htdocs/install/mysql/tables/llx_inventorydet-stock.sql	33
llx_inventorydet	库存	13	fk_movement	integer	integer	YES		N	N				can contain the id of stock movement we recorded to make the inventory regulation of this line	外部关联 ID（具体目标以外键或业务代码为准）；源码注释：can contain the id of stock movement we recorded to make the inventory regulation of this line	htdocs/install/mysql/tables/llx_inventorydet-stock.sql	34
llx_knowledgemanagement_knowledgerecord	知识管理	1	rowid	integer	integer	NO		Y	Y	PRIMARY, idx_knowledgemanagement_knowledgerecord_rowid	PRIMARY			主键行标识；通常为自增整数	htdocs/install/mysql/tables/llx_knowledgemanagement_knowledgerecord-knowledgemanagement.sql	19
llx_knowledgemanagement_knowledgerecord	知识管理	2	entity	integer	integer	NO	1	N	N				multi company id	多实体/多公司隔离标识；源码注释：multi company id	htdocs/install/mysql/tables/llx_knowledgemanagement_knowledgerecord-knowledgemanagement.sql	20
llx_knowledgemanagement_knowledgerecord	知识管理	3	ref	varchar(128)	varchar	NO		N	N	idx_knowledgemanagement_knowledgerecord_ref				业务参考号/单号	htdocs/install/mysql/tables/llx_knowledgemanagement_knowledgerecord-knowledgemanagement.sql	21
llx_knowledgemanagement_knowledgerecord	知识管理	4	date_creation	datetime	datetime	NO		N	N					日期/时间字段（基于字段名推断）	htdocs/install/mysql/tables/llx_knowledgemanagement_knowledgerecord-knowledgemanagement.sql	22
llx_knowledgemanagement_knowledgerecord	知识管理	5	tms	timestamp	timestamp	YES	CURRENT_TIMESTAMP	N	N					最后修改时间戳	htdocs/install/mysql/tables/llx_knowledgemanagement_knowledgerecord-knowledgemanagement.sql	23
llx_knowledgemanagement_knowledgerecord	知识管理	6	last_main_doc	varchar(255)	varchar	YES		N	N					字段 last_main_doc（基于字段名推断）	htdocs/install/mysql/tables/llx_knowledgemanagement_knowledgerecord-knowledgemanagement.sql	24
llx_knowledgemanagement_knowledgerecord	知识管理	7	lang	varchar(6)	varchar	YES		N	N					字段 lang（基于字段名推断）	htdocs/install/mysql/tables/llx_knowledgemanagement_knowledgerecord-knowledgemanagement.sql	25
llx_knowledgemanagement_knowledgerecord	知识管理	8	fk_user_creat	integer	integer	NO		N	N			llx_user.rowid		创建人用户 ID	htdocs/install/mysql/tables/llx_knowledgemanagement_knowledgerecord-knowledgemanagement.sql	26
llx_knowledgemanagement_knowledgerecord	知识管理	9	fk_user_modif	integer	integer	YES		N	N					最后修改人用户 ID	htdocs/install/mysql/tables/llx_knowledgemanagement_knowledgerecord-knowledgemanagement.sql	27
llx_knowledgemanagement_knowledgerecord	知识管理	10	fk_user_valid	integer	integer	YES		N	N					审核/验证人用户 ID	htdocs/install/mysql/tables/llx_knowledgemanagement_knowledgerecord-knowledgemanagement.sql	28
llx_knowledgemanagement_knowledgerecord	知识管理	11	import_key	varchar(14)	varchar	YES		N	N					导入批次/外部导入键	htdocs/install/mysql/tables/llx_knowledgemanagement_knowledgerecord-knowledgemanagement.sql	29
llx_knowledgemanagement_knowledgerecord	知识管理	12	model_pdf	varchar(255)	varchar	YES		N	N					字段 model_pdf（基于字段名推断）	htdocs/install/mysql/tables/llx_knowledgemanagement_knowledgerecord-knowledgemanagement.sql	30
llx_knowledgemanagement_knowledgerecord	知识管理	13	question	text	text	NO		N	N					字段 question（基于字段名推断）	htdocs/install/mysql/tables/llx_knowledgemanagement_knowledgerecord-knowledgemanagement.sql	31
llx_knowledgemanagement_knowledgerecord	知识管理	14	answer	longtext	longtext	YES		N	N					字段 answer（基于字段名推断）	htdocs/install/mysql/tables/llx_knowledgemanagement_knowledgerecord-knowledgemanagement.sql	32
llx_knowledgemanagement_knowledgerecord	知识管理	15	url	varchar(255)	varchar	YES		N	N					字段 url（基于字段名推断）	htdocs/install/mysql/tables/llx_knowledgemanagement_knowledgerecord-knowledgemanagement.sql	33
llx_knowledgemanagement_knowledgerecord	知识管理	16	fk_ticket	integer	integer	YES		N	N					外部关联 ID（具体目标以外键或业务代码为准）（基于字段名推断）	htdocs/install/mysql/tables/llx_knowledgemanagement_knowledgerecord-knowledgemanagement.sql	34
llx_knowledgemanagement_knowledgerecord	知识管理	17	fk_c_ticket_category	integer	integer	YES		N	N					外部关联 ID（具体目标以外键或业务代码为准）（基于字段名推断）	htdocs/install/mysql/tables/llx_knowledgemanagement_knowledgerecord-knowledgemanagement.sql	35
llx_knowledgemanagement_knowledgerecord	知识管理	18	status	integer	integer	NO		N	N	idx_knowledgemanagement_knowledgerecord_status				状态标识	htdocs/install/mysql/tables/llx_knowledgemanagement_knowledgerecord-knowledgemanagement.sql	36
llx_knowledgemanagement_knowledgerecord_extrafields	知识管理	1	rowid	integer	integer	NO		Y	Y	PRIMARY	PRIMARY			主键行标识；通常为自增整数	htdocs/install/mysql/tables/llx_knowledgemanagement_knowledgerecord_extrafields-knowledgemanagement.sql	18
llx_knowledgemanagement_knowledgerecord_extrafields	知识管理	2	tms	timestamp	timestamp	YES	CURRENT_TIMESTAMP	N	N					最后修改时间戳	htdocs/install/mysql/tables/llx_knowledgemanagement_knowledgerecord_extrafields-knowledgemanagement.sql	19
llx_knowledgemanagement_knowledgerecord_extrafields	知识管理	3	fk_object	integer	integer	NO		N	N	uk_knowledgerecord_fk_object	uk_knowledgerecord_fk_object			外部关联 ID（具体目标以外键或业务代码为准）（基于字段名推断）	htdocs/install/mysql/tables/llx_knowledgemanagement_knowledgerecord_extrafields-knowledgemanagement.sql	20
llx_knowledgemanagement_knowledgerecord_extrafields	知识管理	4	import_key	varchar(14)	varchar	YES		N	N				import key	导入批次/外部导入键；源码注释：import key	htdocs/install/mysql/tables/llx_knowledgemanagement_knowledgerecord_extrafields-knowledgemanagement.sql	21
llx_links	核心/系统	1	rowid	INTEGER	integer	NO		Y	Y	PRIMARY	PRIMARY			主键行标识；通常为自增整数	htdocs/install/mysql/tables/llx_links.sql	23
llx_links	核心/系统	2	entity	INTEGER	integer	NO	1	N	N				multi company id	多实体/多公司隔离标识；源码注释：multi company id	htdocs/install/mysql/tables/llx_links.sql	24
llx_links	核心/系统	3	datea	DATETIME	datetime	NO		N	N				date start	日期/时间字段；源码注释：date start	htdocs/install/mysql/tables/llx_links.sql	25
llx_links	核心/系统	4	url	VARCHAR(255)	varchar	NO		N	N				link url	字段 url；源码注释：link url	htdocs/install/mysql/tables/llx_links.sql	26
llx_links	核心/系统	5	label	VARCHAR(255)	varchar	NO		N	N	uk_links	uk_links		link label	名称或标签；源码注释：link label	htdocs/install/mysql/tables/llx_links.sql	27
llx_links	核心/系统	6	objecttype	VARCHAR(255)	varchar	NO		N	N	uk_links	uk_links		object type in Dolibarr	字段 objecttype；源码注释：object type in Dolibarr	htdocs/install/mysql/tables/llx_links.sql	28
llx_links	核心/系统	7	objectid	INTEGER	integer	NO		N	N	uk_links	uk_links			字段 objectid（基于字段名推断）	htdocs/install/mysql/tables/llx_links.sql	29
llx_links	核心/系统	8	share	varchar(128)	varchar	YES		N	N				contains hash for file sharing	字段 share；源码注释：contains hash for file sharing	htdocs/install/mysql/tables/llx_links.sql	30
llx_links	核心/系统	9	share_pass	varchar(32)	varchar	YES		N	N				password to access the file (encoded with dolEncrypt)	字段 share_pass；源码注释：password to access the file (encoded with dolEncrypt)	htdocs/install/mysql/tables/llx_links.sql	31
llx_links_extrafields	核心/系统	1	rowid	integer	integer	NO		Y	Y	PRIMARY	PRIMARY			主键行标识；通常为自增整数	htdocs/install/mysql/tables/llx_links_extrafields.sql	21
llx_links_extrafields	核心/系统	2	tms	timestamp	timestamp	YES	CURRENT_TIMESTAMP	N	N					最后修改时间戳	htdocs/install/mysql/tables/llx_links_extrafields.sql	22
llx_links_extrafields	核心/系统	3	fk_object	integer	integer	NO		N	N	uk_links_extrafields	uk_links_extrafields			外部关联 ID（具体目标以外键或业务代码为准）（基于字段名推断）	htdocs/install/mysql/tables/llx_links_extrafields.sql	23
llx_links_extrafields	核心/系统	4	import_key	varchar(14)	varchar	YES		N	N				import key	导入批次/外部导入键；源码注释：import key	htdocs/install/mysql/tables/llx_links_extrafields.sql	24
llx_loan	借款	1	rowid	integer	integer	NO		Y	Y	PRIMARY	PRIMARY			主键行标识；通常为自增整数	htdocs/install/mysql/tables/llx_loan-loan.sql	22
llx_loan	借款	2	entity	integer	integer	NO	1	N	N					多实体/多公司隔离标识	htdocs/install/mysql/tables/llx_loan-loan.sql	23
llx_loan	借款	3	datec	datetime	datetime	YES		N	N					创建日期/时间	htdocs/install/mysql/tables/llx_loan-loan.sql	24
llx_loan	借款	4	tms	timestamp	timestamp	YES	CURRENT_TIMESTAMP	N	N					最后修改时间戳	htdocs/install/mysql/tables/llx_loan-loan.sql	25
llx_loan	借款	5	label	varchar(80)	varchar	NO		N	N					名称或标签	htdocs/install/mysql/tables/llx_loan-loan.sql	27
llx_loan	借款	6	fk_bank	integer	integer	YES		N	N					外部关联 ID（具体目标以外键或业务代码为准）（基于字段名推断）	htdocs/install/mysql/tables/llx_loan-loan.sql	28
llx_loan	借款	7	capital	double(24,8)	double	NO	0	N	N					字段 capital（基于字段名推断）	htdocs/install/mysql/tables/llx_loan-loan.sql	30
llx_loan	借款	8	insurance_amount	double(24,8)	double	YES	0	N	N					金额、价格或税费字段（基于字段名推断）	htdocs/install/mysql/tables/llx_loan-loan.sql	31
llx_loan	借款	9	datestart	date	date	YES		N	N					日期/时间字段（基于字段名推断）	htdocs/install/mysql/tables/llx_loan-loan.sql	33
llx_loan	借款	10	dateend	date	date	YES		N	N					日期/时间字段（基于字段名推断）	htdocs/install/mysql/tables/llx_loan-loan.sql	34
llx_loan	借款	11	nbterm	real	real	YES		N	N					字段 nbterm（基于字段名推断）	htdocs/install/mysql/tables/llx_loan-loan.sql	35
llx_loan	借款	12	rate	double	double	NO		N	N					比例/百分比字段（基于字段名推断）	htdocs/install/mysql/tables/llx_loan-loan.sql	36
llx_loan	借款	13	note_private	text	text	YES		N	N					内部备注	htdocs/install/mysql/tables/llx_loan-loan.sql	38
llx_loan	借款	14	note_public	text	text	YES		N	N					公开备注	htdocs/install/mysql/tables/llx_loan-loan.sql	39
llx_loan	借款	15	capital_position	double(24,8)	double	YES	0	N	N				If not a new loan, just have the position of capital	字段 capital_position；源码注释：If not a new loan, just have the position of capital	htdocs/install/mysql/tables/llx_loan-loan.sql	41
llx_loan	借款	16	date_position	date	date	YES		N	N					日期/时间字段（基于字段名推断）	htdocs/install/mysql/tables/llx_loan-loan.sql	42
llx_loan	借款	17	paid	smallint	smallint	NO	0	N	N					字段 paid（基于字段名推断）	htdocs/install/mysql/tables/llx_loan-loan.sql	44
llx_loan	借款	18	accountancy_account_capital	varchar(32)	varchar	YES		N	N					字段 accountancy_account_capital（基于字段名推断）	htdocs/install/mysql/tables/llx_loan-loan.sql	46
llx_loan	借款	19	accountancy_account_insurance	varchar(32)	varchar	YES		N	N					字段 accountancy_account_insurance（基于字段名推断）	htdocs/install/mysql/tables/llx_loan-loan.sql	47
llx_loan	借款	20	accountancy_account_interest	varchar(32)	varchar	YES		N	N					字段 accountancy_account_interest（基于字段名推断）	htdocs/install/mysql/tables/llx_loan-loan.sql	48
llx_loan	借款	21	fk_projet	integer	integer	YES	NULL	N	N					关联项目 ID	htdocs/install/mysql/tables/llx_loan-loan.sql	50
llx_loan	借款	22	fk_user_author	integer	integer	YES	NULL	N	N					创建人/制单人用户 ID	htdocs/install/mysql/tables/llx_loan-loan.sql	52
llx_loan	借款	23	fk_user_modif	integer	integer	YES	NULL	N	N					最后修改人用户 ID	htdocs/install/mysql/tables/llx_loan-loan.sql	53
llx_loan	借款	24	active	tinyint	tinyint	NO	1	N	N					启用标识（通常 1=启用，0=停用）	htdocs/install/mysql/tables/llx_loan-loan.sql	54
llx_loan_schedule	借款	1	rowid	integer	integer	NO		Y	Y	PRIMARY	PRIMARY			主键行标识；通常为自增整数	htdocs/install/mysql/tables/llx_loan_schedule-loan.sql	22
llx_loan_schedule	借款	2	fk_loan	integer	integer	YES		N	N	uk_loan_schedule_ref	uk_loan_schedule_ref			外部关联 ID（具体目标以外键或业务代码为准）（基于字段名推断）	htdocs/install/mysql/tables/llx_loan_schedule-loan.sql	23
llx_loan_schedule	借款	3	datec	datetime	datetime	YES		N	N				creation date	创建日期/时间；源码注释：creation date	htdocs/install/mysql/tables/llx_loan_schedule-loan.sql	24
llx_loan_schedule	借款	4	tms	timestamp	timestamp	YES	CURRENT_TIMESTAMP	N	N					最后修改时间戳	htdocs/install/mysql/tables/llx_loan_schedule-loan.sql	25
llx_loan_schedule	借款	5	datep	datetime	datetime	YES		N	N	uk_loan_schedule_ref	uk_loan_schedule_ref		payment date expected	日期/时间字段；源码注释：payment date expected	htdocs/install/mysql/tables/llx_loan_schedule-loan.sql	26
llx_loan_schedule	借款	6	amount_capital	double(24,8)	double	YES	0	N	N					金额、价格或税费字段（基于字段名推断）	htdocs/install/mysql/tables/llx_loan_schedule-loan.sql	27
llx_loan_schedule	借款	7	amount_insurance	double(24,8)	double	YES	0	N	N					金额、价格或税费字段（基于字段名推断）	htdocs/install/mysql/tables/llx_loan_schedule-loan.sql	28
llx_loan_schedule	借款	8	amount_interest	double(24,8)	double	YES	0	N	N					金额、价格或税费字段（基于字段名推断）	htdocs/install/mysql/tables/llx_loan_schedule-loan.sql	29
llx_loan_schedule	借款	9	fk_typepayment	integer	integer	NO		N	N					外部关联 ID（具体目标以外键或业务代码为准）（基于字段名推断）	htdocs/install/mysql/tables/llx_loan_schedule-loan.sql	30
llx_loan_schedule	借款	10	num_payment	varchar(50)	varchar	YES		N	N					字段 num_payment（基于字段名推断）	htdocs/install/mysql/tables/llx_loan_schedule-loan.sql	31
llx_loan_schedule	借款	11	note_private	text	text	YES		N	N					内部备注	htdocs/install/mysql/tables/llx_loan_schedule-loan.sql	32
llx_loan_schedule	借款	12	note_public	text	text	YES		N	N					公开备注	htdocs/install/mysql/tables/llx_loan_schedule-loan.sql	33
llx_loan_schedule	借款	13	fk_bank	integer	integer	NO		N	N					外部关联 ID（具体目标以外键或业务代码为准）（基于字段名推断）	htdocs/install/mysql/tables/llx_loan_schedule-loan.sql	34
llx_loan_schedule	借款	14	fk_payment_loan	integer	integer	YES		N	N					外部关联 ID（具体目标以外键或业务代码为准）（基于字段名推断）	htdocs/install/mysql/tables/llx_loan_schedule-loan.sql	35
llx_loan_schedule	借款	15	fk_user_creat	integer	integer	YES		N	N				creation user	创建人用户 ID；源码注释：creation user	htdocs/install/mysql/tables/llx_loan_schedule-loan.sql	36
llx_loan_schedule	借款	16	fk_user_modif	integer	integer	YES		N	N				last modification user	最后修改人用户 ID；源码注释：last modification user	htdocs/install/mysql/tables/llx_loan_schedule-loan.sql	37
llx_localtax	核心/系统	1	rowid	integer	integer	NO		Y	Y	PRIMARY	PRIMARY			主键行标识；通常为自增整数	htdocs/install/mysql/tables/llx_localtax.sql	22
llx_localtax	核心/系统	2	entity	integer	integer	NO	1	N	N					多实体/多公司隔离标识	htdocs/install/mysql/tables/llx_localtax.sql	23
llx_localtax	核心/系统	3	localtaxtype	tinyint	tinyint	YES		N	N					金额、价格或税费字段（基于字段名推断）	htdocs/install/mysql/tables/llx_localtax.sql	24
llx_localtax	核心/系统	4	tms	timestamp	timestamp	YES	CURRENT_TIMESTAMP	N	N					最后修改时间戳	htdocs/install/mysql/tables/llx_localtax.sql	25
llx_localtax	核心/系统	5	datep	date	date	YES		N	N				date of payment	日期/时间字段；源码注释：date of payment	htdocs/install/mysql/tables/llx_localtax.sql	26
llx_localtax	核心/系统	6	datev	date	date	YES		N	N				date of value	日期/时间字段；源码注释：date of value	htdocs/install/mysql/tables/llx_localtax.sql	27
llx_localtax	核心/系统	7	amount	double	double	YES		N	N					金额	htdocs/install/mysql/tables/llx_localtax.sql	28
llx_localtax	核心/系统	8	label	varchar(255)	varchar	YES		N	N					名称或标签	htdocs/install/mysql/tables/llx_localtax.sql	29
llx_localtax	核心/系统	9	note	text	text	YES		N	N					备注/说明字段（基于字段名推断）	htdocs/install/mysql/tables/llx_localtax.sql	30
llx_localtax	核心/系统	10	fk_bank	integer	integer	YES		N	N					外部关联 ID（具体目标以外键或业务代码为准）（基于字段名推断）	htdocs/install/mysql/tables/llx_localtax.sql	31
llx_localtax	核心/系统	11	fk_user_creat	integer	integer	YES		N	N					创建人用户 ID	htdocs/install/mysql/tables/llx_localtax.sql	32
llx_localtax	核心/系统	12	fk_user_modif	integer	integer	YES		N	N					最后修改人用户 ID	htdocs/install/mysql/tables/llx_localtax.sql	33
llx_mailing	群发邮件	1	rowid	integer	integer	NO		Y	Y	PRIMARY	PRIMARY			主键行标识；通常为自增整数	htdocs/install/mysql/tables/llx_mailing-mailing.sql	23
llx_mailing	群发邮件	2	messtype	varchar(16)	varchar	YES	'email'	N	N				'email' or 'sms' or ...	字段 messtype；源码注释：'email' or 'sms' or ...	htdocs/install/mysql/tables/llx_mailing-mailing.sql	24
llx_mailing	群发邮件	3	titre	varchar(128)	varchar	YES		N	N				Ref of mailing	字段 titre；源码注释：Ref of mailing	htdocs/install/mysql/tables/llx_mailing-mailing.sql	25
llx_mailing	群发邮件	4	entity	integer	integer	NO	1	N	N				multi company id	多实体/多公司隔离标识；源码注释：multi company id	htdocs/install/mysql/tables/llx_mailing-mailing.sql	26
llx_mailing	群发邮件	5	sujet	varchar(128)	varchar	YES		N	N				Sujet of mailing	字段 sujet；源码注释：Sujet of mailing	htdocs/install/mysql/tables/llx_mailing-mailing.sql	27
llx_mailing	群发邮件	6	body	mediumtext	mediumtext	YES		N	N					字段 body（基于字段名推断）	htdocs/install/mysql/tables/llx_mailing-mailing.sql	28
llx_mailing	群发邮件	7	bgcolor	varchar(8)	varchar	YES		N	N				Backgroud color of mailing	字段 bgcolor；源码注释：Backgroud color of mailing	htdocs/install/mysql/tables/llx_mailing-mailing.sql	29
llx_mailing	群发邮件	8	bgimage	varchar(255)	varchar	YES		N	N				Backgroud image of mailing	字段 bgimage；源码注释：Backgroud image of mailing	htdocs/install/mysql/tables/llx_mailing-mailing.sql	30
llx_mailing	群发邮件	9	evenunsubscribe	smallint	smallint	YES	0	N	N				If 1, email will be send event if recipient has opt-out to emailings	字段 evenunsubscribe；源码注释：If 1, email will be send event if recipient has opt-out to emailings	htdocs/install/mysql/tables/llx_mailing-mailing.sql	31
llx_mailing	群发邮件	10	cible	varchar(60)	varchar	YES		N	N				???	字段 cible；源码注释：???	htdocs/install/mysql/tables/llx_mailing-mailing.sql	32
llx_mailing	群发邮件	11	nbemail	integer	integer	YES		N	N					字段 nbemail（基于字段名推断）	htdocs/install/mysql/tables/llx_mailing-mailing.sql	33
llx_mailing	群发邮件	12	email_from	varchar(160)	varchar	YES		N	N				Email address or Phone of sender	字段 email_from；源码注释：Email address or Phone of sender	htdocs/install/mysql/tables/llx_mailing-mailing.sql	34
llx_mailing	群发邮件	13	name_from	varchar(128)	varchar	YES		N	N				Name to show of sender	名称/标题字段；源码注释：Name to show of sender	htdocs/install/mysql/tables/llx_mailing-mailing.sql	35
llx_mailing	群发邮件	14	email_replyto	varchar(160)	varchar	YES		N	N				Email address for reply	字段 email_replyto；源码注释：Email address for reply	htdocs/install/mysql/tables/llx_mailing-mailing.sql	36
llx_mailing	群发邮件	15	email_errorsto	varchar(160)	varchar	YES		N	N				Email addresse for errors	字段 email_errorsto；源码注释：Email addresse for errors	htdocs/install/mysql/tables/llx_mailing-mailing.sql	37
llx_mailing	群发邮件	16	tag	varchar(128)	varchar	YES		N	N					字段 tag（基于字段名推断）	htdocs/install/mysql/tables/llx_mailing-mailing.sql	38
llx_mailing	群发邮件	17	date_creat	datetime	datetime	YES		N	N				creation date	日期/时间字段；源码注释：creation date	htdocs/install/mysql/tables/llx_mailing-mailing.sql	39
llx_mailing	群发邮件	18	date_valid	datetime	datetime	YES		N	N					审核/生效日期	htdocs/install/mysql/tables/llx_mailing-mailing.sql	40
llx_mailing	群发邮件	19	date_appro	datetime	datetime	YES		N	N					日期/时间字段（基于字段名推断）	htdocs/install/mysql/tables/llx_mailing-mailing.sql	41
llx_mailing	群发邮件	20	date_envoi	datetime	datetime	YES		N	N				date d'envoi	日期/时间字段；源码注释：date d'envoi	htdocs/install/mysql/tables/llx_mailing-mailing.sql	42
llx_mailing	群发邮件	21	tms	timestamp	timestamp	YES	CURRENT_TIMESTAMP	N	N					最后修改时间戳	htdocs/install/mysql/tables/llx_mailing-mailing.sql	43
llx_mailing	群发邮件	22	fk_user_creat	integer	integer	YES		N	N				user creator	创建人用户 ID；源码注释：user creator	htdocs/install/mysql/tables/llx_mailing-mailing.sql	44
llx_mailing	群发邮件	23	fk_user_modif	integer	integer	YES		N	N				user of last modification	最后修改人用户 ID；源码注释：user of last modification	htdocs/install/mysql/tables/llx_mailing-mailing.sql	45
llx_mailing	群发邮件	24	fk_user_valid	integer	integer	YES		N	N				user validator	审核/验证人用户 ID；源码注释：user validator	htdocs/install/mysql/tables/llx_mailing-mailing.sql	46
llx_mailing	群发邮件	25	fk_user_appro	integer	integer	YES		N	N				not used	外部关联 ID（具体目标以外键或业务代码为准）；源码注释：not used	htdocs/install/mysql/tables/llx_mailing-mailing.sql	47
llx_mailing	群发邮件	26	extraparams	varchar(255)	varchar	YES		N	N				to stock other parameters with json format	扩展参数/结构化文本；源码注释：to stock other parameters with json format	htdocs/install/mysql/tables/llx_mailing-mailing.sql	48
llx_mailing	群发邮件	27	joined_file1	varchar(255)	varchar	YES		N	N					字段 joined_file1（基于字段名推断）	htdocs/install/mysql/tables/llx_mailing-mailing.sql	49
llx_mailing	群发邮件	28	joined_file2	varchar(255)	varchar	YES		N	N					字段 joined_file2（基于字段名推断）	htdocs/install/mysql/tables/llx_mailing-mailing.sql	50
llx_mailing	群发邮件	29	joined_file3	varchar(255)	varchar	YES		N	N					字段 joined_file3（基于字段名推断）	htdocs/install/mysql/tables/llx_mailing-mailing.sql	51
llx_mailing	群发邮件	30	joined_file4	varchar(255)	varchar	YES		N	N					字段 joined_file4（基于字段名推断）	htdocs/install/mysql/tables/llx_mailing-mailing.sql	52
llx_mailing	群发邮件	31	statut	smallint	smallint	YES	0	N	N				status (draft:0, valid: 1, approved: 2, sent: 3)	状态标识；源码注释：status (draft:0, valid: 1, approved: 2, sent: 3)	htdocs/install/mysql/tables/llx_mailing-mailing.sql	53
llx_mailing	群发邮件	32	note_private	text	text	YES		N	N					内部备注	htdocs/install/mysql/tables/llx_mailing-mailing.sql	54
llx_mailing	群发邮件	33	note_public	text	text	YES		N	N					公开备注	htdocs/install/mysql/tables/llx_mailing-mailing.sql	55
llx_mailing	群发邮件	34	fk_project	integer	integer	YES	NULL	N	N					关联项目 ID	htdocs/install/mysql/tables/llx_mailing-mailing.sql	56
llx_mailing_advtarget	群发邮件	1	rowid	integer	integer	NO		Y	Y	PRIMARY	PRIMARY			主键行标识；通常为自增整数	htdocs/install/mysql/tables/llx_mailing_advtarget-mailing.sql	22
llx_mailing_advtarget	群发邮件	2	name	varchar(180)	varchar	NO		N	N	uk_advtargetemailing_name	uk_advtargetemailing_name			名称/标题字段（基于字段名推断）	htdocs/install/mysql/tables/llx_mailing_advtarget-mailing.sql	23
llx_mailing_advtarget	群发邮件	3	entity	integer	integer	NO	1	N	N					多实体/多公司隔离标识	htdocs/install/mysql/tables/llx_mailing_advtarget-mailing.sql	24
llx_mailing_advtarget	群发邮件	4	fk_element	integer	integer	NO		N	N					外部关联 ID（具体目标以外键或业务代码为准）（基于字段名推断）	htdocs/install/mysql/tables/llx_mailing_advtarget-mailing.sql	25
llx_mailing_advtarget	群发邮件	5	type_element	varchar(180)	varchar	NO		N	N					字段 type_element（基于字段名推断）	htdocs/install/mysql/tables/llx_mailing_advtarget-mailing.sql	26
llx_mailing_advtarget	群发邮件	6	filtervalue	text	text	YES		N	N					字段 filtervalue（基于字段名推断）	htdocs/install/mysql/tables/llx_mailing_advtarget-mailing.sql	27
llx_mailing_advtarget	群发邮件	7	fk_user_author	integer	integer	NO		N	N					创建人/制单人用户 ID	htdocs/install/mysql/tables/llx_mailing_advtarget-mailing.sql	28
llx_mailing_advtarget	群发邮件	8	datec	datetime	datetime	NO		N	N					创建日期/时间	htdocs/install/mysql/tables/llx_mailing_advtarget-mailing.sql	29
llx_mailing_advtarget	群发邮件	9	fk_user_mod	integer	integer	NO		N	N					外部关联 ID（具体目标以外键或业务代码为准）（基于字段名推断）	htdocs/install/mysql/tables/llx_mailing_advtarget-mailing.sql	30
llx_mailing_advtarget	群发邮件	10	tms	timestamp	timestamp	NO	CURRENT_TIMESTAMP	N	N					最后修改时间戳	htdocs/install/mysql/tables/llx_mailing_advtarget-mailing.sql	31
llx_mailing_cibles	群发邮件	1	rowid	integer	integer	NO		Y	Y	PRIMARY	PRIMARY			主键行标识；通常为自增整数	htdocs/install/mysql/tables/llx_mailing_cibles-mailing.sql	24
llx_mailing_cibles	群发邮件	2	fk_mailing	integer	integer	NO		N	N					外部关联 ID（具体目标以外键或业务代码为准）（基于字段名推断）	htdocs/install/mysql/tables/llx_mailing_cibles-mailing.sql	25
llx_mailing_cibles	群发邮件	3	fk_contact	integer	integer	NO		N	N					关联联系人 ID	htdocs/install/mysql/tables/llx_mailing_cibles-mailing.sql	26
llx_mailing_cibles	群发邮件	4	lastname	varchar(160)	varchar	YES		N	N					名称/标题字段（基于字段名推断）	htdocs/install/mysql/tables/llx_mailing_cibles-mailing.sql	27
llx_mailing_cibles	群发邮件	5	firstname	varchar(160)	varchar	YES		N	N					名称/标题字段（基于字段名推断）	htdocs/install/mysql/tables/llx_mailing_cibles-mailing.sql	28
llx_mailing_cibles	群发邮件	6	email	varchar(160)	varchar	NO		N	N	idx_mailing_cibles_email				电子邮箱	htdocs/install/mysql/tables/llx_mailing_cibles-mailing.sql	29
llx_mailing_cibles	群发邮件	7	other	varchar(255)	varchar	YES		N	N					字段 other（基于字段名推断）	htdocs/install/mysql/tables/llx_mailing_cibles-mailing.sql	30
llx_mailing_cibles	群发邮件	8	tag	varchar(64)	varchar	YES		N	N	idx_mailing_cibles_tag			a unique key as a hash of: dolibarr_main_instance_unique_id;email;lastname;mailing_id;MAILING_EMAIL_UNSUBSCRIBE_KEY	字段 tag；源码注释：a unique key as a hash of: dolibarr_main_instance_unique_id;email;lastname;mailing_id;MAILING_EMAIL_UNSUBSCRIBE_KEY	htdocs/install/mysql/tables/llx_mailing_cibles-mailing.sql	31
llx_mailing_cibles	群发邮件	9	statut	smallint	smallint	NO	0	N	N				-1 = error, 0 = not sent, ...	状态标识；源码注释：-1 = error, 0 = not sent, ...	htdocs/install/mysql/tables/llx_mailing_cibles-mailing.sql	32
llx_mailing_cibles	群发邮件	10	source_url	varchar(255)	varchar	YES		N	N					字段 source_url（基于字段名推断）	htdocs/install/mysql/tables/llx_mailing_cibles-mailing.sql	33
llx_mailing_cibles	群发邮件	11	source_id	integer	integer	YES		N	N					字段 source_id（基于字段名推断）	htdocs/install/mysql/tables/llx_mailing_cibles-mailing.sql	34
llx_mailing_cibles	群发邮件	12	source_type	varchar(32)	varchar	YES		N	N					字段 source_type（基于字段名推断）	htdocs/install/mysql/tables/llx_mailing_cibles-mailing.sql	35
llx_mailing_cibles	群发邮件	13	date_envoi	datetime	datetime	YES		N	N					日期/时间字段（基于字段名推断）	htdocs/install/mysql/tables/llx_mailing_cibles-mailing.sql	36
llx_mailing_cibles	群发邮件	14	tms	timestamp	timestamp	YES	CURRENT_TIMESTAMP	N	N					最后修改时间戳	htdocs/install/mysql/tables/llx_mailing_cibles-mailing.sql	37
llx_mailing_cibles	群发邮件	15	error_text	varchar(255)	varchar	YES		N	N				text with error if statut is -1	字段 error_text；源码注释：text with error if statut is -1	htdocs/install/mysql/tables/llx_mailing_cibles-mailing.sql	38
llx_mailing_unsubscribe	群发邮件	1	rowid	integer	integer	NO		Y	Y	PRIMARY	PRIMARY			主键行标识；通常为自增整数	htdocs/install/mysql/tables/llx_mailing_unsubscribe.sql	23
llx_mailing_unsubscribe	群发邮件	2	entity	integer	integer	NO	1	N	N				multi company id	多实体/多公司隔离标识；源码注释：multi company id	htdocs/install/mysql/tables/llx_mailing_unsubscribe.sql	24
llx_mailing_unsubscribe	群发邮件	3	email	varchar(255)	varchar	YES		N	N					电子邮箱	htdocs/install/mysql/tables/llx_mailing_unsubscribe.sql	25
llx_mailing_unsubscribe	群发邮件	4	unsubscribegroup	varchar(128)	varchar	YES	''	N	N					字段 unsubscribegroup（基于字段名推断）	htdocs/install/mysql/tables/llx_mailing_unsubscribe.sql	26
llx_mailing_unsubscribe	群发邮件	5	ip	varchar(128)	varchar	YES		N	N					字段 ip（基于字段名推断）	htdocs/install/mysql/tables/llx_mailing_unsubscribe.sql	27
llx_mailing_unsubscribe	群发邮件	6	date_creat	datetime	datetime	YES		N	N				creation date	日期/时间字段；源码注释：creation date	htdocs/install/mysql/tables/llx_mailing_unsubscribe.sql	28
llx_mailing_unsubscribe	群发邮件	7	tms	timestamp	timestamp	YES	CURRENT_TIMESTAMP	N	N					最后修改时间戳	htdocs/install/mysql/tables/llx_mailing_unsubscribe.sql	29
llx_menu	核心/系统	1	rowid	integer	integer	NO		Y	Y	PRIMARY	PRIMARY			主键行标识；通常为自增整数	htdocs/install/mysql/tables/llx_menu.sql	25
llx_menu	核心/系统	2	menu_handler	varchar(16)	varchar	NO		N	N	idx_menu_menuhandler_type			Menu handler name	字段 menu_handler；源码注释：Menu handler name	htdocs/install/mysql/tables/llx_menu.sql	26
llx_menu	核心/系统	3	entity	integer	integer	NO	1	N	N				Multi company id	多实体/多公司隔离标识；源码注释：Multi company id	htdocs/install/mysql/tables/llx_menu.sql	27
llx_menu	核心/系统	4	module	varchar(255)	varchar	YES		N	N				Module name if record is added by a module	字段 module；源码注释：Module name if record is added by a module	htdocs/install/mysql/tables/llx_menu.sql	28
llx_menu	核心/系统	5	type	varchar(4)	varchar	NO		N	N	idx_menu_menuhandler_type			Menu top or left	字段 type；源码注释：Menu top or left	htdocs/install/mysql/tables/llx_menu.sql	29
llx_menu	核心/系统	6	mainmenu	varchar(100)	varchar	NO		N	N				Name family/module for top menu (home, companies, ...)	字段 mainmenu；源码注释：Name family/module for top menu (home, companies, ...)	htdocs/install/mysql/tables/llx_menu.sql	30
llx_menu	核心/系统	7	leftmenu	varchar(100)	varchar	YES		N	N				Name family/module for left menu (setup, info, ...)	字段 leftmenu；源码注释：Name family/module for left menu (setup, info, ...)	htdocs/install/mysql/tables/llx_menu.sql	31
llx_menu	核心/系统	8	fk_menu	integer	integer	NO		N	N				0 or Id of mother menu line, or -1 if we use fk_mainmenu and fk_leftmenu	外部关联 ID（具体目标以外键或业务代码为准）；源码注释：0 or Id of mother menu line, or -1 if we use fk_mainmenu and fk_leftmenu	htdocs/install/mysql/tables/llx_menu.sql	32
llx_menu	核心/系统	9	fk_mainmenu	varchar(100)	varchar	YES		N	N					外部关联 ID（具体目标以外键或业务代码为准）（基于字段名推断）	htdocs/install/mysql/tables/llx_menu.sql	33
llx_menu	核心/系统	10	fk_leftmenu	varchar(100)	varchar	YES		N	N					外部关联 ID（具体目标以外键或业务代码为准）（基于字段名推断）	htdocs/install/mysql/tables/llx_menu.sql	34
llx_menu	核心/系统	11	position	integer	integer	NO		N	N				Sort order of entry	字段 position；源码注释：Sort order of entry	htdocs/install/mysql/tables/llx_menu.sql	35
llx_menu	核心/系统	12	url	TEXT	text	NO		N	N				Relative (or absolute) url to go	字段 url；源码注释：Relative (or absolute) url to go	htdocs/install/mysql/tables/llx_menu.sql	36
llx_menu	核心/系统	13	showtopmenuinframe	integer	integer	YES	0	N	N				1=If url is an external url, can show the URL inside a frame	字段 showtopmenuinframe；源码注释：1=If url is an external url, can show the URL inside a frame	htdocs/install/mysql/tables/llx_menu.sql	37
llx_menu	核心/系统	14	target	varchar(100)	varchar	YES		N	N				Target of Url link	字段 target；源码注释：Target of Url link	htdocs/install/mysql/tables/llx_menu.sql	38
llx_menu	核心/系统	15	titre	varchar(255)	varchar	NO		N	N				Key for menu translation	字段 titre；源码注释：Key for menu translation	htdocs/install/mysql/tables/llx_menu.sql	39
llx_menu	核心/系统	16	prefix	varchar(255)	varchar	YES		N	N				picto	字段 prefix；源码注释：picto	htdocs/install/mysql/tables/llx_menu.sql	40
llx_menu	核心/系统	17	langs	varchar(100)	varchar	YES		N	N				Lang file to load for translation	字段 langs；源码注释：Lang file to load for translation	htdocs/install/mysql/tables/llx_menu.sql	41
llx_menu	核心/系统	18	level	smallint	smallint	YES		N	N				Deprecated. Not used.	字段 level；源码注释：Deprecated. Not used.	htdocs/install/mysql/tables/llx_menu.sql	42
llx_menu	核心/系统	19	perms	text	text	YES		N	N				Condition to show enabled or disabled	字段 perms；源码注释：Condition to show enabled or disabled	htdocs/install/mysql/tables/llx_menu.sql	43
llx_menu	核心/系统	20	enabled	text	text	YES		N	N				Condition to show or hide	布尔/开关标识；源码注释：Condition to show or hide	htdocs/install/mysql/tables/llx_menu.sql	44
llx_menu	核心/系统	21	usertype	integer	integer	NO	0	N	N				0 if menu for all users, 1 for external only, 2 for internal only	字段 usertype；源码注释：0 if menu for all users, 1 for external only, 2 for internal only	htdocs/install/mysql/tables/llx_menu.sql	45
llx_menu	核心/系统	22	tms	timestamp	timestamp	YES	CURRENT_TIMESTAMP	N	N					最后修改时间戳	htdocs/install/mysql/tables/llx_menu.sql	46
llx_mrp_mo	生产计划/MRP	1	rowid	integer	integer	NO		Y	Y	PRIMARY	PRIMARY			主键行标识；通常为自增整数	htdocs/install/mysql/tables/llx_mrp_mo-mrp.sql	19
llx_mrp_mo	生产计划/MRP	2	entity	integer	integer	NO	1	N	N	idx_mrp_mo_entity				多实体/多公司隔离标识	htdocs/install/mysql/tables/llx_mrp_mo-mrp.sql	20
llx_mrp_mo	生产计划/MRP	3	ref	varchar(128)	varchar	NO	'(PROV)'	N	N	idx_mrp_mo_ref				业务参考号/单号	htdocs/install/mysql/tables/llx_mrp_mo-mrp.sql	21
llx_mrp_mo	生产计划/MRP	4	mrptype	integer	integer	YES	0	N	N				0 for a manufacture MO, 1 for a dismantle MO	字段 mrptype；源码注释：0 for a manufacture MO, 1 for a dismantle MO	htdocs/install/mysql/tables/llx_mrp_mo-mrp.sql	22
llx_mrp_mo	生产计划/MRP	5	label	varchar(255)	varchar	YES		N	N					名称或标签	htdocs/install/mysql/tables/llx_mrp_mo-mrp.sql	23
llx_mrp_mo	生产计划/MRP	6	qty	real	real	NO		N	N					数量	htdocs/install/mysql/tables/llx_mrp_mo-mrp.sql	24
llx_mrp_mo	生产计划/MRP	7	fk_warehouse	integer	integer	YES		N	N					关联仓库 ID	htdocs/install/mysql/tables/llx_mrp_mo-mrp.sql	25
llx_mrp_mo	生产计划/MRP	8	fk_soc	integer	integer	YES		N	N	idx_mrp_mo_fk_soc				关联第三方企业 ID	htdocs/install/mysql/tables/llx_mrp_mo-mrp.sql	26
llx_mrp_mo	生产计划/MRP	9	note_public	text	text	YES		N	N					公开备注	htdocs/install/mysql/tables/llx_mrp_mo-mrp.sql	27
llx_mrp_mo	生产计划/MRP	10	note_private	text	text	YES		N	N					内部备注	htdocs/install/mysql/tables/llx_mrp_mo-mrp.sql	28
llx_mrp_mo	生产计划/MRP	11	date_creation	datetime	datetime	NO		N	N					日期/时间字段（基于字段名推断）	htdocs/install/mysql/tables/llx_mrp_mo-mrp.sql	29
llx_mrp_mo	生产计划/MRP	12	date_valid	datetime	datetime	YES		N	N					审核/生效日期	htdocs/install/mysql/tables/llx_mrp_mo-mrp.sql	30
llx_mrp_mo	生产计划/MRP	13	tms	timestamp	timestamp	YES	CURRENT_TIMESTAMP	N	N					最后修改时间戳	htdocs/install/mysql/tables/llx_mrp_mo-mrp.sql	31
llx_mrp_mo	生产计划/MRP	14	fk_user_creat	integer	integer	NO		N	N			llx_user.rowid		创建人用户 ID	htdocs/install/mysql/tables/llx_mrp_mo-mrp.sql	32
llx_mrp_mo	生产计划/MRP	15	fk_user_modif	integer	integer	YES		N	N					最后修改人用户 ID	htdocs/install/mysql/tables/llx_mrp_mo-mrp.sql	33
llx_mrp_mo	生产计划/MRP	16	fk_user_valid	integer	integer	YES		N	N					审核/验证人用户 ID	htdocs/install/mysql/tables/llx_mrp_mo-mrp.sql	34
llx_mrp_mo	生产计划/MRP	17	import_key	varchar(14)	varchar	YES		N	N					导入批次/外部导入键	htdocs/install/mysql/tables/llx_mrp_mo-mrp.sql	35
llx_mrp_mo	生产计划/MRP	18	model_pdf	varchar(255)	varchar	YES		N	N					字段 model_pdf（基于字段名推断）	htdocs/install/mysql/tables/llx_mrp_mo-mrp.sql	36
llx_mrp_mo	生产计划/MRP	19	status	integer	integer	NO		N	N	idx_mrp_mo_status				状态标识	htdocs/install/mysql/tables/llx_mrp_mo-mrp.sql	37
llx_mrp_mo	生产计划/MRP	20	fk_product	integer	integer	NO		N	N	idx_mrp_mo_fk_product				关联产品/服务 ID	htdocs/install/mysql/tables/llx_mrp_mo-mrp.sql	38
llx_mrp_mo	生产计划/MRP	21	date_start_planned	datetime	datetime	YES		N	N	idx_mrp_mo_date_start_planned				日期/时间字段（基于字段名推断）	htdocs/install/mysql/tables/llx_mrp_mo-mrp.sql	39
llx_mrp_mo	生产计划/MRP	22	date_end_planned	datetime	datetime	YES		N	N	idx_mrp_mo_date_end_planned				日期/时间字段（基于字段名推断）	htdocs/install/mysql/tables/llx_mrp_mo-mrp.sql	40
llx_mrp_mo	生产计划/MRP	23	fk_bom	integer	integer	YES		N	N	idx_mrp_mo_fk_bom				外部关联 ID（具体目标以外键或业务代码为准）（基于字段名推断）	htdocs/install/mysql/tables/llx_mrp_mo-mrp.sql	41
llx_mrp_mo	生产计划/MRP	24	fk_project	integer	integer	YES		N	N	idx_mrp_mo_fk_project				关联项目 ID	htdocs/install/mysql/tables/llx_mrp_mo-mrp.sql	42
llx_mrp_mo	生产计划/MRP	25	last_main_doc	varchar(255)	varchar	YES		N	N					字段 last_main_doc（基于字段名推断）	htdocs/install/mysql/tables/llx_mrp_mo-mrp.sql	43
llx_mrp_mo	生产计划/MRP	26	fk_parent_line	integer	integer	YES		N	N					外部关联 ID（具体目标以外键或业务代码为准）（基于字段名推断）	htdocs/install/mysql/tables/llx_mrp_mo-mrp.sql	44
llx_mrp_mo	生产计划/MRP	27	extraparams	varchar(255)	varchar	YES	NULL	N	N					扩展参数/结构化文本（基于字段名推断）	htdocs/install/mysql/tables/llx_mrp_mo-mrp.sql	45
llx_mrp_mo_extrafields	生产计划/MRP	1	rowid	integer	integer	NO		Y	Y	PRIMARY	PRIMARY			主键行标识；通常为自增整数	htdocs/install/mysql/tables/llx_mrp_mo_extrafields-mrp.sql	18
llx_mrp_mo_extrafields	生产计划/MRP	2	tms	timestamp	timestamp	YES	CURRENT_TIMESTAMP	N	N					最后修改时间戳	htdocs/install/mysql/tables/llx_mrp_mo_extrafields-mrp.sql	19
llx_mrp_mo_extrafields	生产计划/MRP	3	fk_object	integer	integer	NO		N	N	uk_mrp_mo_fk_object	uk_mrp_mo_fk_object			外部关联 ID（具体目标以外键或业务代码为准）（基于字段名推断）	htdocs/install/mysql/tables/llx_mrp_mo_extrafields-mrp.sql	20
llx_mrp_mo_extrafields	生产计划/MRP	4	import_key	varchar(14)	varchar	YES		N	N				import key	导入批次/外部导入键；源码注释：import key	htdocs/install/mysql/tables/llx_mrp_mo_extrafields-mrp.sql	21
llx_mrp_production	生产计划/MRP	1	rowid	integer	integer	NO		Y	Y	PRIMARY	PRIMARY			主键行标识；通常为自增整数	htdocs/install/mysql/tables/llx_mrp_production-mrp.sql	18
llx_mrp_production	生产计划/MRP	2	fk_mo	integer	integer	NO		N	N	idx_mrp_production_fk_mo		llx_mrp_mo.rowid		外部关联 ID（具体目标以外键或业务代码为准）（基于字段名推断）	htdocs/install/mysql/tables/llx_mrp_production-mrp.sql	19
llx_mrp_production	生产计划/MRP	3	origin_id	integer	integer	YES		N	N					字段 origin_id（基于字段名推断）	htdocs/install/mysql/tables/llx_mrp_production-mrp.sql	20
llx_mrp_production	生产计划/MRP	4	origin_type	varchar(10)	varchar	YES		N	N				'bom' bom production line or 'free' free production line added after Mo creation from bom	字段 origin_type；源码注释：'bom' bom production line or 'free' free production line added after Mo creation from bom	htdocs/install/mysql/tables/llx_mrp_production-mrp.sql	21
llx_mrp_production	生产计划/MRP	5	position	integer	integer	NO	0	N	N					字段 position（基于字段名推断）	htdocs/install/mysql/tables/llx_mrp_production-mrp.sql	22
llx_mrp_production	生产计划/MRP	6	fk_product	integer	integer	NO		N	N			llx_product.rowid		关联产品/服务 ID	htdocs/install/mysql/tables/llx_mrp_production-mrp.sql	23
llx_mrp_production	生产计划/MRP	7	fk_warehouse	integer	integer	YES		N	N					关联仓库 ID	htdocs/install/mysql/tables/llx_mrp_production-mrp.sql	24
llx_mrp_production	生产计划/MRP	8	qty	real	real	NO	1	N	N					数量	htdocs/install/mysql/tables/llx_mrp_production-mrp.sql	25
llx_mrp_production	生产计划/MRP	9	qty_frozen	smallint	smallint	YES	0	N	N					字段 qty_frozen（基于字段名推断）	htdocs/install/mysql/tables/llx_mrp_production-mrp.sql	26
llx_mrp_production	生产计划/MRP	10	disable_stock_change	smallint	smallint	YES	0	N	N					字段 disable_stock_change（基于字段名推断）	htdocs/install/mysql/tables/llx_mrp_production-mrp.sql	27
llx_mrp_production	生产计划/MRP	11	batch	varchar(128)	varchar	YES		N	N					字段 batch（基于字段名推断）	htdocs/install/mysql/tables/llx_mrp_production-mrp.sql	28
llx_mrp_production	生产计划/MRP	12	role	varchar(10)	varchar	YES		N	N				'toconsume' or 'toproduce' (initialized at MO creation), 'consumed' or 'produced' (added after MO validation)	字段 role；源码注释：'toconsume' or 'toproduce' (initialized at MO creation), 'consumed' or 'produced' (added after MO validation)	htdocs/install/mysql/tables/llx_mrp_production-mrp.sql	29
llx_mrp_production	生产计划/MRP	13	fk_mrp_production	integer	integer	YES		N	N				if role = 'consumed', id of line with role 'toconsume', if role = 'produced' id of line with role 'toproduce'	外部关联 ID（具体目标以外键或业务代码为准）；源码注释：if role = 'consumed', id of line with role 'toconsume', if role = 'produced' id of line with role 'toproduce'	htdocs/install/mysql/tables/llx_mrp_production-mrp.sql	30
llx_mrp_production	生产计划/MRP	14	fk_stock_movement	integer	integer	YES		N	N			llx_stock_mouvement.rowid	id of stock movement when movements are validated	外部关联 ID（具体目标以外键或业务代码为准）；源码注释：id of stock movement when movements are validated	htdocs/install/mysql/tables/llx_mrp_production-mrp.sql	31
llx_mrp_production	生产计划/MRP	15	date_creation	datetime	datetime	NO		N	N					日期/时间字段（基于字段名推断）	htdocs/install/mysql/tables/llx_mrp_production-mrp.sql	32
llx_mrp_production	生产计划/MRP	16	tms	timestamp	timestamp	YES	CURRENT_TIMESTAMP	N	N					最后修改时间戳	htdocs/install/mysql/tables/llx_mrp_production-mrp.sql	33
llx_mrp_production	生产计划/MRP	17	fk_user_creat	integer	integer	NO		N	N					创建人用户 ID	htdocs/install/mysql/tables/llx_mrp_production-mrp.sql	34
llx_mrp_production	生产计划/MRP	18	fk_user_modif	integer	integer	YES		N	N					最后修改人用户 ID	htdocs/install/mysql/tables/llx_mrp_production-mrp.sql	35
llx_mrp_production	生产计划/MRP	19	import_key	varchar(14)	varchar	YES		N	N					导入批次/外部导入键	htdocs/install/mysql/tables/llx_mrp_production-mrp.sql	36
llx_mrp_production	生产计划/MRP	20	fk_default_workstation	integer	integer	YES	NULL	N	N					外部关联 ID（具体目标以外键或业务代码为准）（基于字段名推断）	htdocs/install/mysql/tables/llx_mrp_production-mrp.sql	37
llx_mrp_production	生产计划/MRP	21	fk_unit	integer	integer	YES	NULL	N	N					外部关联 ID（具体目标以外键或业务代码为准）（基于字段名推断）	htdocs/install/mysql/tables/llx_mrp_production-mrp.sql	38
llx_mrp_production_extrafields	生产计划/MRP	1	rowid	integer	integer	NO		Y	Y	PRIMARY	PRIMARY			主键行标识；通常为自增整数	htdocs/install/mysql/tables/llx_mrp_production_extrafields-mrp.sql	18
llx_mrp_production_extrafields	生产计划/MRP	2	tms	timestamp	timestamp	YES	CURRENT_TIMESTAMP	N	N					最后修改时间戳	htdocs/install/mysql/tables/llx_mrp_production_extrafields-mrp.sql	19
llx_mrp_production_extrafields	生产计划/MRP	3	fk_object	integer	integer	NO		N	N	uk_mrp_production_fk_object	uk_mrp_production_fk_object			外部关联 ID（具体目标以外键或业务代码为准）（基于字段名推断）	htdocs/install/mysql/tables/llx_mrp_production_extrafields-mrp.sql	20
llx_mrp_production_extrafields	生产计划/MRP	4	import_key	varchar(14)	varchar	YES		N	N				import key	导入批次/外部导入键；源码注释：import key	htdocs/install/mysql/tables/llx_mrp_production_extrafields-mrp.sql	21
llx_multicurrency	多币种	1	rowid	integer	integer	NO		Y	Y	PRIMARY	PRIMARY			主键行标识；通常为自增整数	htdocs/install/mysql/tables/llx_multicurrency.sql	22
llx_multicurrency	多币种	2	date_create	datetime	datetime	YES	NULL	N	N					日期/时间字段（基于字段名推断）	htdocs/install/mysql/tables/llx_multicurrency.sql	23
llx_multicurrency	多币种	3	code	varchar(255)	varchar	YES	NULL	N	N					业务代码	htdocs/install/mysql/tables/llx_multicurrency.sql	24
llx_multicurrency	多币种	4	name	varchar(255)	varchar	YES	NULL	N	N					名称/标题字段（基于字段名推断）	htdocs/install/mysql/tables/llx_multicurrency.sql	25
llx_multicurrency	多币种	5	entity	integer	integer	YES	1	N	N					多实体/多公司隔离标识	htdocs/install/mysql/tables/llx_multicurrency.sql	26
llx_multicurrency	多币种	6	fk_user	integer	integer	YES	NULL	N	N					外部关联 ID（具体目标以外键或业务代码为准）（基于字段名推断）	htdocs/install/mysql/tables/llx_multicurrency.sql	27
llx_multicurrency	多币种	7	tms	timestamp	timestamp	YES	CURRENT_TIMESTAMP	N	N					最后修改时间戳	htdocs/install/mysql/tables/llx_multicurrency.sql	28
llx_multicurrency_rate	多币种	1	rowid	integer	integer	NO		Y	Y	PRIMARY	PRIMARY			主键行标识；通常为自增整数	htdocs/install/mysql/tables/llx_multicurrency_rate.sql	22
llx_multicurrency_rate	多币种	2	date_sync	datetime	datetime	YES	NULL	N	N					日期/时间字段（基于字段名推断）	htdocs/install/mysql/tables/llx_multicurrency_rate.sql	23
llx_multicurrency_rate	多币种	3	rate	double	double	NO	0	N	N					比例/百分比字段（基于字段名推断）	htdocs/install/mysql/tables/llx_multicurrency_rate.sql	24
llx_multicurrency_rate	多币种	4	rate_direct	double	double	YES	0	N	N					比例/百分比字段（基于字段名推断）	htdocs/install/mysql/tables/llx_multicurrency_rate.sql	25
llx_multicurrency_rate	多币种	5	fk_multicurrency	integer	integer	NO		N	N					外部关联 ID（具体目标以外键或业务代码为准）（基于字段名推断）	htdocs/install/mysql/tables/llx_multicurrency_rate.sql	26
llx_multicurrency_rate	多币种	6	entity	integer	integer	YES	1	N	N					多实体/多公司隔离标识	htdocs/install/mysql/tables/llx_multicurrency_rate.sql	27
llx_multicurrency_rate	多币种	7	tms	timestamp	timestamp	YES	CURRENT_TIMESTAMP	N	N					最后修改时间戳	htdocs/install/mysql/tables/llx_multicurrency_rate.sql	28
llx_notify	核心/系统	1	rowid	integer	integer	NO		Y	Y	PRIMARY	PRIMARY			主键行标识；通常为自增整数	htdocs/install/mysql/tables/llx_notify.sql	24
llx_notify	核心/系统	2	tms	timestamp	timestamp	YES	CURRENT_TIMESTAMP	N	N					最后修改时间戳	htdocs/install/mysql/tables/llx_notify.sql	25
llx_notify	核心/系统	3	daten	datetime	datetime	YES		N	N				date de la notification	日期/时间字段；源码注释：date de la notification	htdocs/install/mysql/tables/llx_notify.sql	26
llx_notify	核心/系统	4	fk_action	integer	integer	NO		N	N					外部关联 ID（具体目标以外键或业务代码为准）（基于字段名推断）	htdocs/install/mysql/tables/llx_notify.sql	27
llx_notify	核心/系统	5	fk_soc	integer	integer	YES		N	N					关联第三方企业 ID	htdocs/install/mysql/tables/llx_notify.sql	28
llx_notify	核心/系统	6	fk_contact	integer	integer	YES		N	N					关联联系人 ID	htdocs/install/mysql/tables/llx_notify.sql	29
llx_notify	核心/系统	7	fk_user	integer	integer	YES		N	N					外部关联 ID（具体目标以外键或业务代码为准）（基于字段名推断）	htdocs/install/mysql/tables/llx_notify.sql	30
llx_notify	核心/系统	8	type	varchar(16)	varchar	YES	'email'	N	N					字段 type（基于字段名推断）	htdocs/install/mysql/tables/llx_notify.sql	31
llx_notify	核心/系统	9	type_target	varchar(16)	varchar	YES		N	N				What type of target notification was sent to ? 'tocontactid', 'touserid', 'tofixedemail'	字段 type_target；源码注释：What type of target notification was sent to ? 'tocontactid', 'touserid', 'tofixedemail'	htdocs/install/mysql/tables/llx_notify.sql	32
llx_notify	核心/系统	10	objet_type	varchar(24)	varchar	NO		N	N					字段 objet_type（基于字段名推断）	htdocs/install/mysql/tables/llx_notify.sql	33
llx_notify	核心/系统	11	objet_id	integer	integer	NO		N	N					字段 objet_id（基于字段名推断）	htdocs/install/mysql/tables/llx_notify.sql	34
llx_notify	核心/系统	12	email	varchar(255)	varchar	YES		N	N					电子邮箱	htdocs/install/mysql/tables/llx_notify.sql	35
llx_notify_def	核心/系统	1	rowid	integer	integer	NO		Y	Y	PRIMARY	PRIMARY			主键行标识；通常为自增整数	htdocs/install/mysql/tables/llx_notify_def.sql	23
llx_notify_def	核心/系统	2	entity	integer	integer	YES	1	N	N					多实体/多公司隔离标识	htdocs/install/mysql/tables/llx_notify_def.sql	24
llx_notify_def	核心/系统	3	tms	timestamp	timestamp	YES	CURRENT_TIMESTAMP	N	N					最后修改时间戳	htdocs/install/mysql/tables/llx_notify_def.sql	25
llx_notify_def	核心/系统	4	datec	date	date	YES		N	N				date de creation	创建日期/时间；源码注释：date de creation	htdocs/install/mysql/tables/llx_notify_def.sql	26
llx_notify_def	核心/系统	5	fk_action	integer	integer	NO		N	N					外部关联 ID（具体目标以外键或业务代码为准）（基于字段名推断）	htdocs/install/mysql/tables/llx_notify_def.sql	27
llx_notify_def	核心/系统	6	fk_soc	integer	integer	YES		N	N					关联第三方企业 ID	htdocs/install/mysql/tables/llx_notify_def.sql	28
llx_notify_def	核心/系统	7	fk_contact	integer	integer	YES		N	N					关联联系人 ID	htdocs/install/mysql/tables/llx_notify_def.sql	29
llx_notify_def	核心/系统	8	fk_user	integer	integer	YES		N	N					外部关联 ID（具体目标以外键或业务代码为准）（基于字段名推断）	htdocs/install/mysql/tables/llx_notify_def.sql	30
llx_notify_def	核心/系统	9	email	varchar(255)	varchar	YES		N	N				for fixed email notif	电子邮箱；源码注释：for fixed email notif	htdocs/install/mysql/tables/llx_notify_def.sql	31
llx_notify_def	核心/系统	10	threshold	double(24,8)	double	YES		N	N				threshold on an amount to qualify the notification	字段 threshold；源码注释：threshold on an amount to qualify the notification	htdocs/install/mysql/tables/llx_notify_def.sql	32
llx_notify_def	核心/系统	11	context	varchar(128)	varchar	YES		N	N				only for a particular contet	字段 context；源码注释：only for a particular contet	htdocs/install/mysql/tables/llx_notify_def.sql	33
llx_notify_def	核心/系统	12	type	varchar(16)	varchar	YES	'email'	N	N				'browser', 'email', 'sms', 'webservice', ...	字段 type；源码注释：'browser', 'email', 'sms', 'webservice', ...	htdocs/install/mysql/tables/llx_notify_def.sql	34
llx_notify_def_object	核心/系统	1	id	integer	integer	NO		Y	Y	PRIMARY	PRIMARY			主键标识；部分参考表使用非自增 ID	htdocs/install/mysql/tables/llx_notify_def_object.sql	22
llx_notify_def_object	核心/系统	2	entity	integer	integer	NO	1	N	N				multi company id	多实体/多公司隔离标识；源码注释：multi company id	htdocs/install/mysql/tables/llx_notify_def_object.sql	23
llx_notify_def_object	核心/系统	3	objet_type	varchar(16)	varchar	YES		N	N				'actioncomm'	字段 objet_type；源码注释：'actioncomm'	htdocs/install/mysql/tables/llx_notify_def_object.sql	24
llx_notify_def_object	核心/系统	4	objet_id	integer	integer	NO		N	N				id of parent key	字段 objet_id；源码注释：id of parent key	htdocs/install/mysql/tables/llx_notify_def_object.sql	25
llx_notify_def_object	核心/系统	5	type_notif	varchar(16)	varchar	YES	'browser'	N	N				'browser', 'email', 'sms', 'webservice', ...	字段 type_notif；源码注释：'browser', 'email', 'sms', 'webservice', ...	htdocs/install/mysql/tables/llx_notify_def_object.sql	26
llx_notify_def_object	核心/系统	6	date_notif	datetime	datetime	YES		N	N				date notification	日期/时间字段；源码注释：date notification	htdocs/install/mysql/tables/llx_notify_def_object.sql	27
llx_notify_def_object	核心/系统	7	user_id	integer	integer	YES		N	N				notification is for this user	字段 user_id；源码注释：notification is for this user	htdocs/install/mysql/tables/llx_notify_def_object.sql	28
llx_notify_def_object	核心/系统	8	moreparam	varchar(255)	varchar	YES		N	N					扩展参数/结构化文本（基于字段名推断）	htdocs/install/mysql/tables/llx_notify_def_object.sql	29
llx_oauth_state	核心/系统	1	rowid	integer	integer	NO		Y	Y	PRIMARY	PRIMARY			主键行标识；通常为自增整数	htdocs/install/mysql/tables/llx_oauth_state.sql	22
llx_oauth_state	核心/系统	2	service	varchar(36)	varchar	YES		N	N					字段 service（基于字段名推断）	htdocs/install/mysql/tables/llx_oauth_state.sql	23
llx_oauth_state	核心/系统	3	state	varchar(128)	varchar	YES		N	N					字段 state（基于字段名推断）	htdocs/install/mysql/tables/llx_oauth_state.sql	24
llx_oauth_state	核心/系统	4	fk_user	integer	integer	YES		N	N					外部关联 ID（具体目标以外键或业务代码为准）（基于字段名推断）	htdocs/install/mysql/tables/llx_oauth_state.sql	25
llx_oauth_state	核心/系统	5	fk_adherent	integer	integer	YES		N	N					外部关联 ID（具体目标以外键或业务代码为准）（基于字段名推断）	htdocs/install/mysql/tables/llx_oauth_state.sql	26
llx_oauth_state	核心/系统	6	entity	integer	integer	YES	1	N	N					多实体/多公司隔离标识	htdocs/install/mysql/tables/llx_oauth_state.sql	27
llx_oauth_token	核心/系统	1	rowid	integer	integer	NO		Y	Y	PRIMARY	PRIMARY			主键行标识；通常为自增整数	htdocs/install/mysql/tables/llx_oauth_token.sql	19
llx_oauth_token	核心/系统	2	service	varchar(36)	varchar	YES		N	N				What king of key or token: 'Google', 'Stripe', 'auth-public-key', 'api', ...	字段 service；源码注释：What king of key or token: 'Google', 'Stripe', 'auth-public-key', 'api', ...	htdocs/install/mysql/tables/llx_oauth_token.sql	20
llx_oauth_token	核心/系统	3	token	text	text	YES		N	N				token in serialize format, of an object StdOAuth2Token of library phpoauth2. Deprecated, use tokenstring instead.	字段 token；源码注释：token in serialize format, of an object StdOAuth2Token of library phpoauth2. Deprecated, use tokenstring instead.	htdocs/install/mysql/tables/llx_oauth_token.sql	21
llx_oauth_token	核心/系统	4	tokenstring	text	text	YES		N	N				"token in json or text format. Value depends on 'service'. For example for an OAUTH service: '{""access_token"": ""sk_test_cccc"", ""refresh_token"": ""rt_aaa"", ""token_type"": ""bearer"", ..., ""scope"": ""read_write""}"	"字段 tokenstring；源码注释：token in json or text format. Value depends on 'service'. For example for an OAUTH service: '{""access_token"": ""sk_test_cccc"", ""refresh_token"": ""rt_aaa"", ""token_type"": ""bearer"", ..., ""scope"": ""read_write""}"	htdocs/install/mysql/tables/llx_oauth_token.sql	22
llx_oauth_token	核心/系统	5	tokenstring_refresh	text	text	YES		N	N				token refresh in text format. Value depends on 'service'.	字段 tokenstring_refresh；源码注释：token refresh in text format. Value depends on 'service'.	htdocs/install/mysql/tables/llx_oauth_token.sql	23
llx_oauth_token	核心/系统	6	expire_at	datetime	datetime	YES		N	N					日期/时间字段（基于字段名推断）	htdocs/install/mysql/tables/llx_oauth_token.sql	24
llx_oauth_token	核心/系统	7	state	text	text	YES		N	N				"the scope (list of permission) the token was obtained if relevant. Field has wrong name. We store sometimes here a value matching ""scope-state"""	"字段 state；源码注释：the scope (list of permission) the token was obtained if relevant. Field has wrong name. We store sometimes here a value matching ""scope-state"""	htdocs/install/mysql/tables/llx_oauth_token.sql	25
llx_oauth_token	核心/系统	8	fk_soc	integer	integer	YES		N	N				Id of thirdparty in llx_societe	关联第三方企业 ID；源码注释：Id of thirdparty in llx_societe	htdocs/install/mysql/tables/llx_oauth_token.sql	26
llx_oauth_token	核心/系统	9	fk_user	integer	integer	YES		N	N				Id of user in llx_user	外部关联 ID（具体目标以外键或业务代码为准）；源码注释：Id of user in llx_user	htdocs/install/mysql/tables/llx_oauth_token.sql	27
llx_oauth_token	核心/系统	10	fk_adherent	integer	integer	YES		N	N				Id of member in llx_adherent	外部关联 ID（具体目标以外键或业务代码为准）；源码注释：Id of member in llx_adherent	htdocs/install/mysql/tables/llx_oauth_token.sql	28
llx_oauth_token	核心/系统	11	restricted_ips	varchar(200)	varchar	YES		N	N				Restrict the authentication mode/token to some IPs	字段 restricted_ips；源码注释：Restrict the authentication mode/token to some IPs	htdocs/install/mysql/tables/llx_oauth_token.sql	29
llx_oauth_token	核心/系统	12	datec	datetime	datetime	YES	NULL	N	N				date creation project	创建日期/时间；源码注释：date creation project	htdocs/install/mysql/tables/llx_oauth_token.sql	30
llx_oauth_token	核心/系统	13	tms	timestamp	timestamp	YES	CURRENT_TIMESTAMP	N	N					最后修改时间戳	htdocs/install/mysql/tables/llx_oauth_token.sql	31
llx_oauth_token	核心/系统	14	entity	integer	integer	YES	1	N	N					多实体/多公司隔离标识	htdocs/install/mysql/tables/llx_oauth_token.sql	32
llx_oauth_token	核心/系统	15	lastaccess	datetime	datetime	YES		N	N				updated at each api access	字段 lastaccess；源码注释：updated at each api access	htdocs/install/mysql/tables/llx_oauth_token.sql	33
llx_oauth_token	核心/系统	16	apicount_previous_month	BIGINT	bigint	YES	0	N	N					字段 apicount_previous_month（基于字段名推断）	htdocs/install/mysql/tables/llx_oauth_token.sql	34
llx_oauth_token	核心/系统	17	apicount_month	BIGINT	bigint	YES	0	N	N				increased by 1 at each page access, saved into pageviews_previous_month when on different month than lastaccess	字段 apicount_month；源码注释：increased by 1 at each page access, saved into pageviews_previous_month when on different month than lastaccess	htdocs/install/mysql/tables/llx_oauth_token.sql	35
llx_oauth_token	核心/系统	18	apicount_total	BIGINT	bigint	YES	0	N	N				increased by 1 at each page access, no reset	金额、价格或税费字段；源码注释：increased by 1 at each page access, no reset	htdocs/install/mysql/tables/llx_oauth_token.sql	36
llx_object_lang	核心/系统	1	rowid	integer	integer	NO		Y	Y	PRIMARY	PRIMARY			主键行标识；通常为自增整数	htdocs/install/mysql/tables/llx_object_lang.sql	24
llx_object_lang	核心/系统	2	fk_object	integer	integer	NO	0	N	N	uk_object_lang	uk_object_lang			外部关联 ID（具体目标以外键或业务代码为准）（基于字段名推断）	htdocs/install/mysql/tables/llx_object_lang.sql	25
llx_object_lang	核心/系统	3	type_object	varchar(32)	varchar	NO		N	N	uk_object_lang	uk_object_lang		value found into $object->element: 'thirdparty', 'contact', '...'	字段 type_object；源码注释：value found into $object->element: 'thirdparty', 'contact', '...'	htdocs/install/mysql/tables/llx_object_lang.sql	26
llx_object_lang	核心/系统	4	property	varchar(32)	varchar	NO		N	N	uk_object_lang	uk_object_lang		name of property	字段 property；源码注释：name of property	htdocs/install/mysql/tables/llx_object_lang.sql	27
llx_object_lang	核心/系统	5	lang	varchar(5)	varchar	NO	''	N	N	uk_object_lang	uk_object_lang			字段 lang（基于字段名推断）	htdocs/install/mysql/tables/llx_object_lang.sql	28
llx_object_lang	核心/系统	6	value	text	text	YES		N	N					字段 value（基于字段名推断）	htdocs/install/mysql/tables/llx_object_lang.sql	29
llx_object_lang	核心/系统	7	import_key	varchar(14)	varchar	YES	NULL	N	N					导入批次/外部导入键	htdocs/install/mysql/tables/llx_object_lang.sql	30
llx_onlinesignature	核心/系统	1	rowid	integer	integer	NO		Y	Y	PRIMARY	PRIMARY			主键行标识；通常为自增整数	htdocs/install/mysql/tables/llx_onlinesignature.sql	22
llx_onlinesignature	核心/系统	2	entity	integer	integer	NO	1	N	N					多实体/多公司隔离标识	htdocs/install/mysql/tables/llx_onlinesignature.sql	23
llx_onlinesignature	核心/系统	3	object_type	varchar(32)	varchar	NO		N	N					字段 object_type（基于字段名推断）	htdocs/install/mysql/tables/llx_onlinesignature.sql	24
llx_onlinesignature	核心/系统	4	object_id	integer	integer	NO		N	N					字段 object_id（基于字段名推断）	htdocs/install/mysql/tables/llx_onlinesignature.sql	25
llx_onlinesignature	核心/系统	5	datec	datetime	datetime	NO		N	N					创建日期/时间	htdocs/install/mysql/tables/llx_onlinesignature.sql	26
llx_onlinesignature	核心/系统	6	tms	timestamp	timestamp	YES	CURRENT_TIMESTAMP	N	N					最后修改时间戳	htdocs/install/mysql/tables/llx_onlinesignature.sql	27
llx_onlinesignature	核心/系统	7	name	varchar(255)	varchar	NO		N	N					名称/标题字段（基于字段名推断）	htdocs/install/mysql/tables/llx_onlinesignature.sql	28
llx_onlinesignature	核心/系统	8	ip	varchar(128)	varchar	YES		N	N					字段 ip（基于字段名推断）	htdocs/install/mysql/tables/llx_onlinesignature.sql	29
llx_onlinesignature	核心/系统	9	pathoffile	varchar(255)	varchar	YES		N	N					字段 pathoffile（基于字段名推断）	htdocs/install/mysql/tables/llx_onlinesignature.sql	30
llx_opensurvey_comments	在线调查	1	id_comment	INTEGER	integer	NO		Y	Y	PRIMARY, idx_id_comment	PRIMARY			备注/说明字段（基于字段名推断）	htdocs/install/mysql/tables/llx_opensurvey_comments-opensurvey.sql	19
llx_opensurvey_comments	在线调查	2	id_sondage	CHAR(16)	char	NO		N	N	idx_id_sondage				字段 id_sondage（基于字段名推断）	htdocs/install/mysql/tables/llx_opensurvey_comments-opensurvey.sql	20
llx_opensurvey_comments	在线调查	3	comment	text	text	NO		N	N					备注/说明字段（基于字段名推断）	htdocs/install/mysql/tables/llx_opensurvey_comments-opensurvey.sql	21
llx_opensurvey_comments	在线调查	4	tms	timestamp	timestamp	YES	CURRENT_TIMESTAMP	N	N					最后修改时间戳	htdocs/install/mysql/tables/llx_opensurvey_comments-opensurvey.sql	22
llx_opensurvey_comments	在线调查	5	usercomment	text	text	YES		N	N					备注/说明字段（基于字段名推断）	htdocs/install/mysql/tables/llx_opensurvey_comments-opensurvey.sql	23
llx_opensurvey_comments	在线调查	6	date_creation	datetime	datetime	NO		N	N					日期/时间字段（基于字段名推断）	htdocs/install/mysql/tables/llx_opensurvey_comments-opensurvey.sql	24
llx_opensurvey_comments	在线调查	7	ip	varchar(250)	varchar	YES		N	N				ip used to create record (for public submission page)	字段 ip；源码注释：ip used to create record (for public submission page)	htdocs/install/mysql/tables/llx_opensurvey_comments-opensurvey.sql	25
llx_opensurvey_formquestions	在线调查	1	rowid	INTEGER	integer	NO		Y	Y	PRIMARY	PRIMARY			主键行标识；通常为自增整数	htdocs/install/mysql/tables/llx_opensurvey_formquestions-opensurvey.sql	19
llx_opensurvey_formquestions	在线调查	2	id_sondage	VARCHAR(16)	varchar	YES		N	N					字段 id_sondage（基于字段名推断）	htdocs/install/mysql/tables/llx_opensurvey_formquestions-opensurvey.sql	20
llx_opensurvey_formquestions	在线调查	3	question	TEXT	text	YES		N	N					字段 question（基于字段名推断）	htdocs/install/mysql/tables/llx_opensurvey_formquestions-opensurvey.sql	21
llx_opensurvey_formquestions	在线调查	4	available_answers	TEXT	text	YES		N	N				List of available answers	字段 available_answers；源码注释：List of available answers	htdocs/install/mysql/tables/llx_opensurvey_formquestions-opensurvey.sql	22
llx_opensurvey_sondage	在线调查	1	id_sondage	VARCHAR(16)	varchar	NO		N	Y	PRIMARY	PRIMARY			字段 id_sondage（基于字段名推断）	htdocs/install/mysql/tables/llx_opensurvey_sondage-opensurvey.sql	19
llx_opensurvey_sondage	在线调查	2	entity	integer	integer	NO	1	N	N				multi company id	多实体/多公司隔离标识；源码注释：multi company id	htdocs/install/mysql/tables/llx_opensurvey_sondage-opensurvey.sql	20
llx_opensurvey_sondage	在线调查	3	commentaires	text	text	YES		N	N					备注/说明字段（基于字段名推断）	htdocs/install/mysql/tables/llx_opensurvey_sondage-opensurvey.sql	21
llx_opensurvey_sondage	在线调查	4	mail_admin	VARCHAR(128)	varchar	YES		N	N					字段 mail_admin（基于字段名推断）	htdocs/install/mysql/tables/llx_opensurvey_sondage-opensurvey.sql	22
llx_opensurvey_sondage	在线调查	5	nom_admin	VARCHAR(64)	varchar	YES		N	N					字段 nom_admin（基于字段名推断）	htdocs/install/mysql/tables/llx_opensurvey_sondage-opensurvey.sql	23
llx_opensurvey_sondage	在线调查	6	fk_user_creat	integer	integer	NO		N	N					创建人用户 ID	htdocs/install/mysql/tables/llx_opensurvey_sondage-opensurvey.sql	24
llx_opensurvey_sondage	在线调查	7	titre	TEXT	text	NO		N	N					字段 titre（基于字段名推断）	htdocs/install/mysql/tables/llx_opensurvey_sondage-opensurvey.sql	25
llx_opensurvey_sondage	在线调查	8	date_fin	DATETIME	datetime	YES		N	N	idx_date_fin				日期/时间字段（基于字段名推断）	htdocs/install/mysql/tables/llx_opensurvey_sondage-opensurvey.sql	26
llx_opensurvey_sondage	在线调查	9	status	integer	integer	YES	1	N	N					状态标识	htdocs/install/mysql/tables/llx_opensurvey_sondage-opensurvey.sql	27
llx_opensurvey_sondage	在线调查	10	format	VARCHAR(2)	varchar	NO		N	N				'A' = Text choice (choices are saved into sujet field), 'D' = Date choice (choices are saved into sujet field), 'F' = Form survey	日期/时间字段；源码注释：'A' = Text choice (choices are saved into sujet field), 'D' = Date choice (choices are saved into sujet field), 'F' = Form survey	htdocs/install/mysql/tables/llx_opensurvey_sondage-opensurvey.sql	28
llx_opensurvey_sondage	在线调查	11	mailsonde	tinyint	tinyint	NO	0	N	N					字段 mailsonde（基于字段名推断）	htdocs/install/mysql/tables/llx_opensurvey_sondage-opensurvey.sql	29
llx_opensurvey_sondage	在线调查	12	allow_comments	tinyint	tinyint	NO	1	N	N					备注/说明字段（基于字段名推断）	htdocs/install/mysql/tables/llx_opensurvey_sondage-opensurvey.sql	30
llx_opensurvey_sondage	在线调查	13	allow_spy	tinyint	tinyint	NO	1	N	N					字段 allow_spy（基于字段名推断）	htdocs/install/mysql/tables/llx_opensurvey_sondage-opensurvey.sql	31
llx_opensurvey_sondage	在线调查	14	tms	timestamp	timestamp	YES	CURRENT_TIMESTAMP	N	N					最后修改时间戳	htdocs/install/mysql/tables/llx_opensurvey_sondage-opensurvey.sql	32
llx_opensurvey_sondage	在线调查	15	sujet	TEXT	text	YES		N	N				Not filled if format = 'F'. Question are into table llx_opensurvey_formquestions	字段 sujet；源码注释：Not filled if format = 'F'. Question are into table llx_opensurvey_formquestions	htdocs/install/mysql/tables/llx_opensurvey_sondage-opensurvey.sql	33
llx_opensurvey_user_formanswers	在线调查	1	fk_user_survey	INTEGER	integer	NO		N	N					外部关联 ID（具体目标以外键或业务代码为准）（基于字段名推断）	htdocs/install/mysql/tables/llx_opensurvey_user_formanswers-opensurvey.sql	19
llx_opensurvey_user_formanswers	在线调查	2	fk_question	INTEGER	integer	NO		N	N					外部关联 ID（具体目标以外键或业务代码为准）（基于字段名推断）	htdocs/install/mysql/tables/llx_opensurvey_user_formanswers-opensurvey.sql	20
llx_opensurvey_user_formanswers	在线调查	3	reponses	TEXT	text	YES		N	N					字段 reponses（基于字段名推断）	htdocs/install/mysql/tables/llx_opensurvey_user_formanswers-opensurvey.sql	21
llx_opensurvey_user_studs	在线调查	1	id_users	INTEGER	integer	NO		Y	Y	PRIMARY, idx_opensurvey_user_studs_id_users	PRIMARY			字段 id_users（基于字段名推断）	htdocs/install/mysql/tables/llx_opensurvey_user_studs-opensurvey.sql	19
llx_opensurvey_user_studs	在线调查	2	nom	VARCHAR(64)	varchar	NO		N	N	idx_opensurvey_user_studs_nom				名称	htdocs/install/mysql/tables/llx_opensurvey_user_studs-opensurvey.sql	20
llx_opensurvey_user_studs	在线调查	3	id_sondage	VARCHAR(16)	varchar	NO		N	N	idx_opensurvey_user_studs_id_sondage				字段 id_sondage（基于字段名推断）	htdocs/install/mysql/tables/llx_opensurvey_user_studs-opensurvey.sql	21
llx_opensurvey_user_studs	在线调查	4	reponses	VARCHAR(200)	varchar	NO		N	N				Not used for 'F' surveys	字段 reponses；源码注释：Not used for 'F' surveys	htdocs/install/mysql/tables/llx_opensurvey_user_studs-opensurvey.sql	22
llx_opensurvey_user_studs	在线调查	5	tms	timestamp	timestamp	YES	CURRENT_TIMESTAMP	N	N					最后修改时间戳	htdocs/install/mysql/tables/llx_opensurvey_user_studs-opensurvey.sql	23
llx_opensurvey_user_studs	在线调查	6	date_creation	datetime	datetime	NO		N	N					日期/时间字段（基于字段名推断）	htdocs/install/mysql/tables/llx_opensurvey_user_studs-opensurvey.sql	24
llx_opensurvey_user_studs	在线调查	7	ip	varchar(250)	varchar	YES		N	N				ip used to create record (for public submission page)	字段 ip；源码注释：ip used to create record (for public submission page)	htdocs/install/mysql/tables/llx_opensurvey_user_studs-opensurvey.sql	25
llx_overwrite_trans	核心/系统	1	rowid	integer	integer	NO		Y	Y	PRIMARY	PRIMARY			主键行标识；通常为自增整数	htdocs/install/mysql/tables/llx_overwrite_trans.sql	21
llx_overwrite_trans	核心/系统	2	entity	integer	integer	NO	1	N	N	uk_overwrite_trans	uk_overwrite_trans		multi company id	多实体/多公司隔离标识；源码注释：multi company id	htdocs/install/mysql/tables/llx_overwrite_trans.sql	22
llx_overwrite_trans	核心/系统	3	lang	varchar(5)	varchar	YES		N	N	uk_overwrite_trans	uk_overwrite_trans		en_US, fr_FR ...	字段 lang；源码注释：en_US, fr_FR ...	htdocs/install/mysql/tables/llx_overwrite_trans.sql	23
llx_overwrite_trans	核心/系统	4	transkey	varchar(128)	varchar	YES		N	N	uk_overwrite_trans	uk_overwrite_trans			字段 transkey（基于字段名推断）	htdocs/install/mysql/tables/llx_overwrite_trans.sql	24
llx_overwrite_trans	核心/系统	5	transvalue	text	text	YES		N	N					字段 transvalue（基于字段名推断）	htdocs/install/mysql/tables/llx_overwrite_trans.sql	25
llx_paiement	核心/系统	1	rowid	integer	integer	NO		Y	Y	PRIMARY	PRIMARY			主键行标识；通常为自增整数	htdocs/install/mysql/tables/llx_paiement.sql	23
llx_paiement	核心/系统	2	ref	varchar(30)	varchar	YES		N	N				payment reference number	业务参考号/单号；源码注释：payment reference number	htdocs/install/mysql/tables/llx_paiement.sql	24
llx_paiement	核心/系统	3	ref_ext	varchar(255)	varchar	YES		N	N				payment external reference	代码/参考号字段；源码注释：payment external reference	htdocs/install/mysql/tables/llx_paiement.sql	25
llx_paiement	核心/系统	4	entity	integer	integer	NO	1	N	N				Multi company id	多实体/多公司隔离标识；源码注释：Multi company id	htdocs/install/mysql/tables/llx_paiement.sql	26
llx_paiement	核心/系统	5	datec	datetime	datetime	YES		N	N				date de creation	创建日期/时间；源码注释：date de creation	htdocs/install/mysql/tables/llx_paiement.sql	27
llx_paiement	核心/系统	6	tms	timestamp	timestamp	YES	CURRENT_TIMESTAMP	N	N					最后修改时间戳	htdocs/install/mysql/tables/llx_paiement.sql	28
llx_paiement	核心/系统	7	datep	datetime	datetime	YES		N	N				payment date	日期/时间字段；源码注释：payment date	htdocs/install/mysql/tables/llx_paiement.sql	29
llx_paiement	核心/系统	8	amount	double(24,8)	double	YES	0	N	N				amount paid in Dolibarr currency	金额；源码注释：amount paid in Dolibarr currency	htdocs/install/mysql/tables/llx_paiement.sql	30
llx_paiement	核心/系统	9	multicurrency_amount	double(24,8)	double	YES	0	N	N				amount paid in invoice currency	金额、价格或税费字段；源码注释：amount paid in invoice currency	htdocs/install/mysql/tables/llx_paiement.sql	31
llx_paiement	核心/系统	10	fk_paiement	integer	integer	NO		N	N				type of payment in llx_c_paiement	外部关联 ID（具体目标以外键或业务代码为准）；源码注释：type of payment in llx_c_paiement	htdocs/install/mysql/tables/llx_paiement.sql	32
llx_paiement	核心/系统	11	num_paiement	varchar(50)	varchar	YES		N	N					字段 num_paiement（基于字段名推断）	htdocs/install/mysql/tables/llx_paiement.sql	33
llx_paiement	核心/系统	12	note	text	text	YES		N	N					备注/说明字段（基于字段名推断）	htdocs/install/mysql/tables/llx_paiement.sql	34
llx_paiement	核心/系统	13	ext_payment_id	varchar(255)	varchar	YES		N	N				external id of payment (for example Stripe payment intent ID 'pi_...:cus_...@pk_live_...')	字段 ext_payment_id；源码注释：external id of payment (for example Stripe payment intent ID 'pi_...:cus_...@pk_live_...')	htdocs/install/mysql/tables/llx_paiement.sql	35
llx_paiement	核心/系统	14	ext_payment_site	varchar(128)	varchar	YES		N	N				name of external paymentmode (for example 'StripeLive')	字段 ext_payment_site；源码注释：name of external paymentmode (for example 'StripeLive')	htdocs/install/mysql/tables/llx_paiement.sql	36
llx_paiement	核心/系统	15	fk_bank	integer	integer	NO	0	N	N					外部关联 ID（具体目标以外键或业务代码为准）（基于字段名推断）	htdocs/install/mysql/tables/llx_paiement.sql	37
llx_paiement	核心/系统	16	fk_user_creat	integer	integer	YES		N	N				utilisateur qui a cree l'info	创建人用户 ID；源码注释：utilisateur qui a cree l'info	htdocs/install/mysql/tables/llx_paiement.sql	38
llx_paiement	核心/系统	17	fk_user_modif	integer	integer	YES		N	N				utilisateur qui a modifie l'info	最后修改人用户 ID；源码注释：utilisateur qui a modifie l'info	htdocs/install/mysql/tables/llx_paiement.sql	39
llx_paiement	核心/系统	18	statut	smallint	smallint	NO	0	N	N				Satut, 0 ou 1, 1 n'est plus supprimable	状态标识；源码注释：Satut, 0 ou 1, 1 n'est plus supprimable	htdocs/install/mysql/tables/llx_paiement.sql	40
llx_paiement	核心/系统	19	fk_export_compta	integer	integer	NO	0	N	N				fk_export_compta 0 pas exporte	外部关联 ID（具体目标以外键或业务代码为准）；源码注释：fk_export_compta 0 pas exporte	htdocs/install/mysql/tables/llx_paiement.sql	41
llx_paiement	核心/系统	20	pos_change	double(24,8)	double	YES	0	N	N				Excess received in TakePOS cash payment	字段 pos_change；源码注释：Excess received in TakePOS cash payment	htdocs/install/mysql/tables/llx_paiement.sql	42
llx_paiement_extrafields	核心/系统	1	rowid	integer	integer	NO		Y	Y	PRIMARY	PRIMARY			主键行标识；通常为自增整数	htdocs/install/mysql/tables/llx_paiement_extrafields.sql	21
llx_paiement_extrafields	核心/系统	2	tms	timestamp	timestamp	YES	CURRENT_TIMESTAMP	N	N					最后修改时间戳	htdocs/install/mysql/tables/llx_paiement_extrafields.sql	22
llx_paiement_extrafields	核心/系统	3	fk_object	integer	integer	NO		N	N	uk_paiement_extrafields	uk_paiement_extrafields			外部关联 ID（具体目标以外键或业务代码为准）（基于字段名推断）	htdocs/install/mysql/tables/llx_paiement_extrafields.sql	23
llx_paiement_extrafields	核心/系统	4	import_key	varchar(14)	varchar	YES		N	N				import key	导入批次/外部导入键；源码注释：import key	htdocs/install/mysql/tables/llx_paiement_extrafields.sql	24
llx_paiement_facture	核心/系统	1	rowid	integer	integer	NO		Y	Y	PRIMARY	PRIMARY			主键行标识；通常为自增整数	htdocs/install/mysql/tables/llx_paiement_facture.sql	23
llx_paiement_facture	核心/系统	2	fk_paiement	integer	integer	YES		N	N	idx_paiement_facture_fk_paiement, uk_paiement_facture	uk_paiement_facture	llx_paiement.rowid		外部关联 ID（具体目标以外键或业务代码为准）（基于字段名推断）	htdocs/install/mysql/tables/llx_paiement_facture.sql	24
llx_paiement_facture	核心/系统	3	fk_facture	integer	integer	YES		N	N	idx_paiement_facture_fk_facture, uk_paiement_facture	uk_paiement_facture	llx_facture.rowid		外部关联 ID（具体目标以外键或业务代码为准）（基于字段名推断）	htdocs/install/mysql/tables/llx_paiement_facture.sql	25
llx_paiement_facture	核心/系统	4	amount	double(24,8)	double	YES	0	N	N					金额	htdocs/install/mysql/tables/llx_paiement_facture.sql	26
llx_paiement_facture	核心/系统	5	multicurrency_code	varchar(3)	varchar	YES		N	N					代码/参考号字段（基于字段名推断）	htdocs/install/mysql/tables/llx_paiement_facture.sql	28
llx_paiement_facture	核心/系统	6	multicurrency_tx	double(24,8)	double	YES	1	N	N					字段 multicurrency_tx（基于字段名推断）	htdocs/install/mysql/tables/llx_paiement_facture.sql	29
llx_paiement_facture	核心/系统	7	multicurrency_amount	double(24,8)	double	YES	0	N	N					金额、价格或税费字段（基于字段名推断）	htdocs/install/mysql/tables/llx_paiement_facture.sql	30
llx_paiementcharge	核心/系统	1	rowid	integer	integer	NO		Y	Y	PRIMARY	PRIMARY			主键行标识；通常为自增整数	htdocs/install/mysql/tables/llx_paiementcharge.sql	21
llx_paiementcharge	核心/系统	2	fk_charge	integer	integer	YES		N	N	idx_paiementcharge_fk_charge				外部关联 ID（具体目标以外键或业务代码为准）（基于字段名推断）	htdocs/install/mysql/tables/llx_paiementcharge.sql	22
llx_paiementcharge	核心/系统	3	datec	datetime	datetime	YES		N	N				date de creation	创建日期/时间；源码注释：date de creation	htdocs/install/mysql/tables/llx_paiementcharge.sql	23
llx_paiementcharge	核心/系统	4	tms	timestamp	timestamp	YES	CURRENT_TIMESTAMP	N	N					最后修改时间戳	htdocs/install/mysql/tables/llx_paiementcharge.sql	24
llx_paiementcharge	核心/系统	5	datep	datetime	datetime	YES		N	N				payment date	日期/时间字段；源码注释：payment date	htdocs/install/mysql/tables/llx_paiementcharge.sql	25
llx_paiementcharge	核心/系统	6	amount	double(24,8)	double	YES	0	N	N					金额	htdocs/install/mysql/tables/llx_paiementcharge.sql	26
llx_paiementcharge	核心/系统	7	fk_typepaiement	integer	integer	NO		N	N					外部关联 ID（具体目标以外键或业务代码为准）（基于字段名推断）	htdocs/install/mysql/tables/llx_paiementcharge.sql	27
llx_paiementcharge	核心/系统	8	num_paiement	varchar(50)	varchar	YES		N	N					字段 num_paiement（基于字段名推断）	htdocs/install/mysql/tables/llx_paiementcharge.sql	28
llx_paiementcharge	核心/系统	9	note	text	text	YES		N	N					备注/说明字段（基于字段名推断）	htdocs/install/mysql/tables/llx_paiementcharge.sql	29
llx_paiementcharge	核心/系统	10	fk_bank	integer	integer	NO		N	N					外部关联 ID（具体目标以外键或业务代码为准）（基于字段名推断）	htdocs/install/mysql/tables/llx_paiementcharge.sql	30
llx_paiementcharge	核心/系统	11	fk_user_creat	integer	integer	YES		N	N				creation user	创建人用户 ID；源码注释：creation user	htdocs/install/mysql/tables/llx_paiementcharge.sql	31
llx_paiementcharge	核心/系统	12	fk_user_modif	integer	integer	YES		N	N				last modification user	最后修改人用户 ID；源码注释：last modification user	htdocs/install/mysql/tables/llx_paiementcharge.sql	32
llx_paiementfourn	核心/系统	1	rowid	integer	integer	NO		Y	Y	PRIMARY	PRIMARY			主键行标识；通常为自增整数	htdocs/install/mysql/tables/llx_paiementfourn.sql	22
llx_paiementfourn	核心/系统	2	ref	varchar(30)	varchar	YES		N	N					业务参考号/单号	htdocs/install/mysql/tables/llx_paiementfourn.sql	23
llx_paiementfourn	核心/系统	3	entity	integer	integer	YES	1	N	N					多实体/多公司隔离标识	htdocs/install/mysql/tables/llx_paiementfourn.sql	24
llx_paiementfourn	核心/系统	4	tms	timestamp	timestamp	YES	CURRENT_TIMESTAMP	N	N					最后修改时间戳	htdocs/install/mysql/tables/llx_paiementfourn.sql	25
llx_paiementfourn	核心/系统	5	datec	datetime	datetime	YES		N	N				date de creation de l'enregistrement	创建日期/时间；源码注释：date de creation de l'enregistrement	htdocs/install/mysql/tables/llx_paiementfourn.sql	26
llx_paiementfourn	核心/系统	6	datep	datetime	datetime	YES		N	N				date de paiement	日期/时间字段；源码注释：date de paiement	htdocs/install/mysql/tables/llx_paiementfourn.sql	27
llx_paiementfourn	核心/系统	7	amount	double(24,8)	double	YES	0	N	N				montant	金额；源码注释：montant	htdocs/install/mysql/tables/llx_paiementfourn.sql	28
llx_paiementfourn	核心/系统	8	multicurrency_amount	double(24,8)	double	YES	0	N	N				multicurrency amount	金额、价格或税费字段；源码注释：multicurrency amount	htdocs/install/mysql/tables/llx_paiementfourn.sql	29
llx_paiementfourn	核心/系统	9	fk_user_author	integer	integer	YES		N	N				auteur	创建人/制单人用户 ID；源码注释：auteur	htdocs/install/mysql/tables/llx_paiementfourn.sql	30
llx_paiementfourn	核心/系统	10	fk_user_modif	integer	integer	YES		N	N					最后修改人用户 ID	htdocs/install/mysql/tables/llx_paiementfourn.sql	31
llx_paiementfourn	核心/系统	11	fk_paiement	integer	integer	NO		N	N				moyen de paiement	外部关联 ID（具体目标以外键或业务代码为准）；源码注释：moyen de paiement	htdocs/install/mysql/tables/llx_paiementfourn.sql	32
llx_paiementfourn	核心/系统	12	num_paiement	varchar(50)	varchar	YES		N	N				numero de paiement (cheque)	字段 num_paiement；源码注释：numero de paiement (cheque)	htdocs/install/mysql/tables/llx_paiementfourn.sql	33
llx_paiementfourn	核心/系统	13	note	text	text	YES		N	N					备注/说明字段（基于字段名推断）	htdocs/install/mysql/tables/llx_paiementfourn.sql	34
llx_paiementfourn	核心/系统	14	fk_bank	integer	integer	NO		N	N					外部关联 ID（具体目标以外键或业务代码为准）（基于字段名推断）	htdocs/install/mysql/tables/llx_paiementfourn.sql	35
llx_paiementfourn	核心/系统	15	statut	smallint	smallint	NO	0	N	N					状态标识	htdocs/install/mysql/tables/llx_paiementfourn.sql	36
llx_paiementfourn	核心/系统	16	model_pdf	varchar(255)	varchar	YES		N	N					字段 model_pdf（基于字段名推断）	htdocs/install/mysql/tables/llx_paiementfourn.sql	37
llx_paiementfourn_facturefourn	核心/系统	1	rowid	integer	integer	NO		Y	Y	PRIMARY	PRIMARY			主键行标识；通常为自增整数	htdocs/install/mysql/tables/llx_paiementfourn_facturefourn.sql	25
llx_paiementfourn_facturefourn	核心/系统	2	fk_paiementfourn	INTEGER	integer	YES	NULL	N	N	idx_paiementfourn_facturefourn_fk_paiement, uk_paiementfourn_facturefourn	uk_paiementfourn_facturefourn			外部关联 ID（具体目标以外键或业务代码为准）（基于字段名推断）	htdocs/install/mysql/tables/llx_paiementfourn_facturefourn.sql	26
llx_paiementfourn_facturefourn	核心/系统	3	fk_facturefourn	INTEGER	integer	YES	NULL	N	N	idx_paiementfourn_facturefourn_fk_facture, uk_paiementfourn_facturefourn	uk_paiementfourn_facturefourn			外部关联 ID（具体目标以外键或业务代码为准）（基于字段名推断）	htdocs/install/mysql/tables/llx_paiementfourn_facturefourn.sql	27
llx_paiementfourn_facturefourn	核心/系统	4	amount	double(24,8)	double	YES	0	N	N					金额	htdocs/install/mysql/tables/llx_paiementfourn_facturefourn.sql	28
llx_paiementfourn_facturefourn	核心/系统	5	multicurrency_code	varchar(3)	varchar	YES		N	N					代码/参考号字段（基于字段名推断）	htdocs/install/mysql/tables/llx_paiementfourn_facturefourn.sql	30
llx_paiementfourn_facturefourn	核心/系统	6	multicurrency_tx	double(24,8)	double	YES	1	N	N					字段 multicurrency_tx（基于字段名推断）	htdocs/install/mysql/tables/llx_paiementfourn_facturefourn.sql	31
llx_paiementfourn_facturefourn	核心/系统	7	multicurrency_amount	double(24,8)	double	YES	0	N	N					金额、价格或税费字段（基于字段名推断）	htdocs/install/mysql/tables/llx_paiementfourn_facturefourn.sql	32
llx_partnership	合作伙伴	1	rowid	integer	integer	NO		Y	Y	PRIMARY	PRIMARY			主键行标识；通常为自增整数	htdocs/install/mysql/tables/llx_partnership-partnership.sql	21
llx_partnership	合作伙伴	2	entity	integer	integer	NO	1	N	N	idx_partnership_entity, uk_partnership_ref	uk_partnership_ref		multi company id, 0 = all	多实体/多公司隔离标识；源码注释：multi company id, 0 = all	htdocs/install/mysql/tables/llx_partnership-partnership.sql	22
llx_partnership	合作伙伴	3	ref	varchar(128)	varchar	NO	'(PROV)'	N	N	uk_partnership_ref	uk_partnership_ref			业务参考号/单号	htdocs/install/mysql/tables/llx_partnership-partnership.sql	23
llx_partnership	合作伙伴	4	status	smallint	smallint	NO	0	N	N					状态标识	htdocs/install/mysql/tables/llx_partnership-partnership.sql	24
llx_partnership	合作伙伴	5	fk_type	integer	integer	NO	0	N	N	uk_fk_type_fk_soc, uk_fk_type_fk_member	uk_fk_type_fk_soc, uk_fk_type_fk_member			外部关联 ID（具体目标以外键或业务代码为准）（基于字段名推断）	htdocs/install/mysql/tables/llx_partnership-partnership.sql	25
llx_partnership	合作伙伴	6	fk_soc	integer	integer	YES		N	N	uk_fk_type_fk_soc	uk_fk_type_fk_soc			关联第三方企业 ID	htdocs/install/mysql/tables/llx_partnership-partnership.sql	26
llx_partnership	合作伙伴	7	fk_member	integer	integer	YES		N	N	uk_fk_type_fk_member	uk_fk_type_fk_member			外部关联 ID（具体目标以外键或业务代码为准）（基于字段名推断）	htdocs/install/mysql/tables/llx_partnership-partnership.sql	27
llx_partnership	合作伙伴	8	email_partnership	varchar(64)	varchar	YES		N	N				if different than email of thirdparty or member	字段 email_partnership；源码注释：if different than email of thirdparty or member	htdocs/install/mysql/tables/llx_partnership-partnership.sql	28
llx_partnership	合作伙伴	9	date_partnership_start	date	date	NO		N	N	uk_fk_type_fk_soc, uk_fk_type_fk_member	uk_fk_type_fk_soc, uk_fk_type_fk_member			日期/时间字段（基于字段名推断）	htdocs/install/mysql/tables/llx_partnership-partnership.sql	29
llx_partnership	合作伙伴	10	date_partnership_end	date	date	YES		N	N					日期/时间字段（基于字段名推断）	htdocs/install/mysql/tables/llx_partnership-partnership.sql	30
llx_partnership	合作伙伴	11	reason_decline_or_cancel	text	text	YES		N	N					字段 reason_decline_or_cancel（基于字段名推断）	htdocs/install/mysql/tables/llx_partnership-partnership.sql	31
llx_partnership	合作伙伴	12	date_creation	datetime	datetime	NO		N	N					日期/时间字段（基于字段名推断）	htdocs/install/mysql/tables/llx_partnership-partnership.sql	32
llx_partnership	合作伙伴	13	fk_user_creat	integer	integer	YES		N	N				can be null if created from public page	创建人用户 ID；源码注释：can be null if created from public page	htdocs/install/mysql/tables/llx_partnership-partnership.sql	33
llx_partnership	合作伙伴	14	tms	timestamp	timestamp	YES	CURRENT_TIMESTAMP	N	N					最后修改时间戳	htdocs/install/mysql/tables/llx_partnership-partnership.sql	34
llx_partnership	合作伙伴	15	fk_user_modif	integer	integer	YES		N	N					最后修改人用户 ID	htdocs/install/mysql/tables/llx_partnership-partnership.sql	35
llx_partnership	合作伙伴	16	note_private	text	text	YES		N	N					内部备注	htdocs/install/mysql/tables/llx_partnership-partnership.sql	36
llx_partnership	合作伙伴	17	note_public	text	text	YES		N	N					公开备注	htdocs/install/mysql/tables/llx_partnership-partnership.sql	37
llx_partnership	合作伙伴	18	last_main_doc	varchar(255)	varchar	YES		N	N					字段 last_main_doc（基于字段名推断）	htdocs/install/mysql/tables/llx_partnership-partnership.sql	38
llx_partnership	合作伙伴	19	url_to_check	varchar(255)	varchar	YES		N	N				url to check to find a specific keyword (defined into llx_c_partnership) to keep status of partnership valid	字段 url_to_check；源码注释：url to check to find a specific keyword (defined into llx_c_partnership) to keep status of partnership valid	htdocs/install/mysql/tables/llx_partnership-partnership.sql	39
llx_partnership	合作伙伴	20	count_last_url_check_error	integer	integer	YES	'0'	N	N				last result of check of keyword into url	字段 count_last_url_check_error；源码注释：last result of check of keyword into url	htdocs/install/mysql/tables/llx_partnership-partnership.sql	40
llx_partnership	合作伙伴	21	last_check_backlink	datetime	datetime	YES		N	N				date of last check of keyword into url	字段 last_check_backlink；源码注释：date of last check of keyword into url	htdocs/install/mysql/tables/llx_partnership-partnership.sql	41
llx_partnership	合作伙伴	22	ip	varchar(250)	varchar	YES		N	N					字段 ip（基于字段名推断）	htdocs/install/mysql/tables/llx_partnership-partnership.sql	42
llx_partnership	合作伙伴	23	import_key	varchar(14)	varchar	YES		N	N					导入批次/外部导入键	htdocs/install/mysql/tables/llx_partnership-partnership.sql	43
llx_partnership	合作伙伴	24	model_pdf	varchar(255)	varchar	YES		N	N					字段 model_pdf（基于字段名推断）	htdocs/install/mysql/tables/llx_partnership-partnership.sql	44
llx_partnership_extrafields	合作伙伴	1	rowid	integer	integer	NO		Y	Y	PRIMARY	PRIMARY			主键行标识；通常为自增整数	htdocs/install/mysql/tables/llx_partnership_extrafields-partnership.sql	21
llx_partnership_extrafields	合作伙伴	2	tms	timestamp	timestamp	YES	CURRENT_TIMESTAMP	N	N					最后修改时间戳	htdocs/install/mysql/tables/llx_partnership_extrafields-partnership.sql	22
llx_partnership_extrafields	合作伙伴	3	fk_object	integer	integer	NO		N	N	idx_partnership_extrafields			salary payment id	外部关联 ID（具体目标以外键或业务代码为准）；源码注释：salary payment id	htdocs/install/mysql/tables/llx_partnership_extrafields-partnership.sql	23
llx_partnership_extrafields	合作伙伴	4	import_key	varchar(14)	varchar	YES		N	N				import key	导入批次/外部导入键；源码注释：import key	htdocs/install/mysql/tables/llx_partnership_extrafields-partnership.sql	24
llx_payment_donation	支付	1	rowid	integer	integer	NO		Y	Y	PRIMARY	PRIMARY			主键行标识；通常为自增整数	htdocs/install/mysql/tables/llx_payment_donation.sql	21
llx_payment_donation	支付	2	fk_donation	integer	integer	YES		N	N					外部关联 ID（具体目标以外键或业务代码为准）（基于字段名推断）	htdocs/install/mysql/tables/llx_payment_donation.sql	22
llx_payment_donation	支付	3	datec	datetime	datetime	YES		N	N				date de creation	创建日期/时间；源码注释：date de creation	htdocs/install/mysql/tables/llx_payment_donation.sql	23
llx_payment_donation	支付	4	tms	timestamp	timestamp	YES	CURRENT_TIMESTAMP	N	N					最后修改时间戳	htdocs/install/mysql/tables/llx_payment_donation.sql	24
llx_payment_donation	支付	5	datep	datetime	datetime	YES		N	N				payment date	日期/时间字段；源码注释：payment date	htdocs/install/mysql/tables/llx_payment_donation.sql	25
llx_payment_donation	支付	6	amount	double(24,8)	double	YES	0	N	N					金额	htdocs/install/mysql/tables/llx_payment_donation.sql	26
llx_payment_donation	支付	7	fk_typepayment	integer	integer	NO		N	N					外部关联 ID（具体目标以外键或业务代码为准）（基于字段名推断）	htdocs/install/mysql/tables/llx_payment_donation.sql	27
llx_payment_donation	支付	8	num_payment	varchar(50)	varchar	YES		N	N					字段 num_payment（基于字段名推断）	htdocs/install/mysql/tables/llx_payment_donation.sql	28
llx_payment_donation	支付	9	note	text	text	YES		N	N					备注/说明字段（基于字段名推断）	htdocs/install/mysql/tables/llx_payment_donation.sql	29
llx_payment_donation	支付	10	ext_payment_id	varchar(255)	varchar	YES		N	N				external id of payment (for example Stripe charge id)	字段 ext_payment_id；源码注释：external id of payment (for example Stripe charge id)	htdocs/install/mysql/tables/llx_payment_donation.sql	30
llx_payment_donation	支付	11	ext_payment_site	varchar(128)	varchar	YES		N	N				name of external paymentmode (for example 'stripe')	字段 ext_payment_site；源码注释：name of external paymentmode (for example 'stripe')	htdocs/install/mysql/tables/llx_payment_donation.sql	31
llx_payment_donation	支付	12	fk_bank	integer	integer	NO		N	N					外部关联 ID（具体目标以外键或业务代码为准）（基于字段名推断）	htdocs/install/mysql/tables/llx_payment_donation.sql	32
llx_payment_donation	支付	13	fk_user_creat	integer	integer	YES		N	N				creation user	创建人用户 ID；源码注释：creation user	htdocs/install/mysql/tables/llx_payment_donation.sql	33
llx_payment_donation	支付	14	fk_user_modif	integer	integer	YES		N	N				last modification user	最后修改人用户 ID；源码注释：last modification user	htdocs/install/mysql/tables/llx_payment_donation.sql	34
llx_payment_expensereport	支付	1	rowid	integer	integer	NO		Y	Y	PRIMARY	PRIMARY			主键行标识；通常为自增整数	htdocs/install/mysql/tables/llx_payment_expensereport.sql	21
llx_payment_expensereport	支付	2	fk_expensereport	integer	integer	YES		N	N				This column will be abandonned in favor of the use of the n-n link table llx_paymentexpensereport_expensereport	外部关联 ID（具体目标以外键或业务代码为准）；源码注释：This column will be abandonned in favor of the use of the n-n link table llx_paymentexpensereport_expensereport	htdocs/install/mysql/tables/llx_payment_expensereport.sql	22
llx_payment_expensereport	支付	3	datec	datetime	datetime	YES		N	N				date de creation	创建日期/时间；源码注释：date de creation	htdocs/install/mysql/tables/llx_payment_expensereport.sql	23
llx_payment_expensereport	支付	4	tms	timestamp	timestamp	YES	CURRENT_TIMESTAMP	N	N					最后修改时间戳	htdocs/install/mysql/tables/llx_payment_expensereport.sql	24
llx_payment_expensereport	支付	5	datep	datetime	datetime	YES		N	N				payment date	日期/时间字段；源码注释：payment date	htdocs/install/mysql/tables/llx_payment_expensereport.sql	25
llx_payment_expensereport	支付	6	amount	double(24,8)	double	YES	0	N	N					金额	htdocs/install/mysql/tables/llx_payment_expensereport.sql	26
llx_payment_expensereport	支付	7	fk_typepayment	integer	integer	NO		N	N					外部关联 ID（具体目标以外键或业务代码为准）（基于字段名推断）	htdocs/install/mysql/tables/llx_payment_expensereport.sql	27
llx_payment_expensereport	支付	8	num_payment	varchar(50)	varchar	YES		N	N					字段 num_payment（基于字段名推断）	htdocs/install/mysql/tables/llx_payment_expensereport.sql	28
llx_payment_expensereport	支付	9	note	text	text	YES		N	N					备注/说明字段（基于字段名推断）	htdocs/install/mysql/tables/llx_payment_expensereport.sql	29
llx_payment_expensereport	支付	10	fk_bank	integer	integer	NO		N	N					外部关联 ID（具体目标以外键或业务代码为准）（基于字段名推断）	htdocs/install/mysql/tables/llx_payment_expensereport.sql	30
llx_payment_expensereport	支付	11	fk_user_creat	integer	integer	YES		N	N				creation user	创建人用户 ID；源码注释：creation user	htdocs/install/mysql/tables/llx_payment_expensereport.sql	31
llx_payment_expensereport	支付	12	fk_user_modif	integer	integer	YES		N	N				last modification user	最后修改人用户 ID；源码注释：last modification user	htdocs/install/mysql/tables/llx_payment_expensereport.sql	32
llx_payment_loan	支付	1	rowid	integer	integer	NO		Y	Y	PRIMARY	PRIMARY			主键行标识；通常为自增整数	htdocs/install/mysql/tables/llx_payment_loan.sql	22
llx_payment_loan	支付	2	fk_loan	integer	integer	YES		N	N					外部关联 ID（具体目标以外键或业务代码为准）（基于字段名推断）	htdocs/install/mysql/tables/llx_payment_loan.sql	23
llx_payment_loan	支付	3	datec	datetime	datetime	YES		N	N				creation date	创建日期/时间；源码注释：creation date	htdocs/install/mysql/tables/llx_payment_loan.sql	24
llx_payment_loan	支付	4	tms	timestamp	timestamp	YES	CURRENT_TIMESTAMP	N	N					最后修改时间戳	htdocs/install/mysql/tables/llx_payment_loan.sql	25
llx_payment_loan	支付	5	datep	datetime	datetime	YES		N	N				payment date	日期/时间字段；源码注释：payment date	htdocs/install/mysql/tables/llx_payment_loan.sql	26
llx_payment_loan	支付	6	amount_capital	double(24,8)	double	YES	0	N	N					金额、价格或税费字段（基于字段名推断）	htdocs/install/mysql/tables/llx_payment_loan.sql	27
llx_payment_loan	支付	7	amount_insurance	double(24,8)	double	YES	0	N	N					金额、价格或税费字段（基于字段名推断）	htdocs/install/mysql/tables/llx_payment_loan.sql	28
llx_payment_loan	支付	8	amount_interest	double(24,8)	double	YES	0	N	N					金额、价格或税费字段（基于字段名推断）	htdocs/install/mysql/tables/llx_payment_loan.sql	29
llx_payment_loan	支付	9	fk_typepayment	integer	integer	NO		N	N					外部关联 ID（具体目标以外键或业务代码为准）（基于字段名推断）	htdocs/install/mysql/tables/llx_payment_loan.sql	30
llx_payment_loan	支付	10	num_payment	varchar(50)	varchar	YES		N	N					字段 num_payment（基于字段名推断）	htdocs/install/mysql/tables/llx_payment_loan.sql	31
llx_payment_loan	支付	11	note_private	text	text	YES		N	N					内部备注	htdocs/install/mysql/tables/llx_payment_loan.sql	32
llx_payment_loan	支付	12	note_public	text	text	YES		N	N					公开备注	htdocs/install/mysql/tables/llx_payment_loan.sql	33
llx_payment_loan	支付	13	fk_bank	integer	integer	NO		N	N					外部关联 ID（具体目标以外键或业务代码为准）（基于字段名推断）	htdocs/install/mysql/tables/llx_payment_loan.sql	34
llx_payment_loan	支付	14	fk_user_creat	integer	integer	YES		N	N				creation user	创建人用户 ID；源码注释：creation user	htdocs/install/mysql/tables/llx_payment_loan.sql	35
llx_payment_loan	支付	15	fk_user_modif	integer	integer	YES		N	N				last modification user	最后修改人用户 ID；源码注释：last modification user	htdocs/install/mysql/tables/llx_payment_loan.sql	36
llx_payment_salary	支付	1	rowid	integer	integer	NO		Y	Y	PRIMARY	PRIMARY			主键行标识；通常为自增整数	htdocs/install/mysql/tables/llx_payment_salary.sql	21
llx_payment_salary	支付	2	ref	varchar(30)	varchar	YES		N	N				payment reference number (currently NULL because there is no numbering manager yet)	业务参考号/单号；源码注释：payment reference number (currently NULL because there is no numbering manager yet)	htdocs/install/mysql/tables/llx_payment_salary.sql	22
llx_payment_salary	支付	3	tms	timestamp	timestamp	YES	CURRENT_TIMESTAMP	N	N					最后修改时间戳	htdocs/install/mysql/tables/llx_payment_salary.sql	23
llx_payment_salary	支付	4	datec	datetime	datetime	YES		N	N				Create date	创建日期/时间；源码注释：Create date	htdocs/install/mysql/tables/llx_payment_salary.sql	24
llx_payment_salary	支付	5	fk_user	integer	integer	YES	NULL	N	N	idx_payment_salary_user		llx_user.rowid		外部关联 ID（具体目标以外键或业务代码为准）（基于字段名推断）	htdocs/install/mysql/tables/llx_payment_salary.sql	25
llx_payment_salary	支付	6	datep	datetime	datetime	YES		N	N	idx_payment_salary_datep			payment date	日期/时间字段；源码注释：payment date	htdocs/install/mysql/tables/llx_payment_salary.sql	26
llx_payment_salary	支付	7	datev	date	date	YES		N	N				value date (this field should not be here, only into bank tables)	日期/时间字段；源码注释：value date (this field should not be here, only into bank tables)	htdocs/install/mysql/tables/llx_payment_salary.sql	27
llx_payment_salary	支付	8	salary	double(24,8)	double	YES		N	N				salary of user when payment was done	字段 salary；源码注释：salary of user when payment was done	htdocs/install/mysql/tables/llx_payment_salary.sql	28
llx_payment_salary	支付	9	amount	double(24,8)	double	NO	0	N	N					金额	htdocs/install/mysql/tables/llx_payment_salary.sql	29
llx_payment_salary	支付	10	fk_projet	integer	integer	YES	NULL	N	N					关联项目 ID	htdocs/install/mysql/tables/llx_payment_salary.sql	30
llx_payment_salary	支付	11	fk_typepayment	integer	integer	NO		N	N					外部关联 ID（具体目标以外键或业务代码为准）（基于字段名推断）	htdocs/install/mysql/tables/llx_payment_salary.sql	31
llx_payment_salary	支付	12	num_payment	varchar(50)	varchar	YES		N	N	idx_payment_salary_ref			num cheque or other	字段 num_payment；源码注释：num cheque or other	htdocs/install/mysql/tables/llx_payment_salary.sql	32
llx_payment_salary	支付	13	label	varchar(255)	varchar	YES		N	N					名称或标签	htdocs/install/mysql/tables/llx_payment_salary.sql	33
llx_payment_salary	支付	14	datesp	date	date	YES		N	N	idx_payment_salary_datesp			date start period	日期/时间字段；源码注释：date start period	htdocs/install/mysql/tables/llx_payment_salary.sql	34
llx_payment_salary	支付	15	dateep	date	date	YES		N	N	idx_payment_salary_dateep			date end period	日期/时间字段；源码注释：date end period	htdocs/install/mysql/tables/llx_payment_salary.sql	35
llx_payment_salary	支付	16	entity	integer	integer	NO	1	N	N	idx_payment_salary_user			multi company id	多实体/多公司隔离标识；源码注释：multi company id	htdocs/install/mysql/tables/llx_payment_salary.sql	36
llx_payment_salary	支付	17	note	text	text	YES		N	N					备注/说明字段（基于字段名推断）	htdocs/install/mysql/tables/llx_payment_salary.sql	37
llx_payment_salary	支付	18	fk_bank	integer	integer	YES		N	N					外部关联 ID（具体目标以外键或业务代码为准）（基于字段名推断）	htdocs/install/mysql/tables/llx_payment_salary.sql	38
llx_payment_salary	支付	19	fk_user_author	integer	integer	YES		N	N				user creating	创建人/制单人用户 ID；源码注释：user creating	htdocs/install/mysql/tables/llx_payment_salary.sql	39
llx_payment_salary	支付	20	fk_user_modif	integer	integer	YES		N	N				user making last change	最后修改人用户 ID；源码注释：user making last change	htdocs/install/mysql/tables/llx_payment_salary.sql	40
llx_payment_salary	支付	21	fk_salary	integer	integer	YES		N	N					外部关联 ID（具体目标以外键或业务代码为准）（基于字段名推断）	htdocs/install/mysql/tables/llx_payment_salary.sql	41
llx_payment_various	支付	1	rowid	integer	integer	NO		Y	Y	PRIMARY	PRIMARY			主键行标识；通常为自增整数	htdocs/install/mysql/tables/llx_payment_various.sql	21
llx_payment_various	支付	2	ref	varchar(30)	varchar	YES		N	N				payment reference number (currently NULL because there is no numbering manager yet)	业务参考号/单号；源码注释：payment reference number (currently NULL because there is no numbering manager yet)	htdocs/install/mysql/tables/llx_payment_various.sql	22
llx_payment_various	支付	3	num_payment	varchar(50)	varchar	YES		N	N				num cheque or other	字段 num_payment；源码注释：num cheque or other	htdocs/install/mysql/tables/llx_payment_various.sql	23
llx_payment_various	支付	4	label	varchar(255)	varchar	YES		N	N					名称或标签	htdocs/install/mysql/tables/llx_payment_various.sql	24
llx_payment_various	支付	5	tms	timestamp	timestamp	YES	CURRENT_TIMESTAMP	N	N					最后修改时间戳	htdocs/install/mysql/tables/llx_payment_various.sql	25
llx_payment_various	支付	6	datec	datetime	datetime	YES		N	N				Create date	创建日期/时间；源码注释：Create date	htdocs/install/mysql/tables/llx_payment_various.sql	26
llx_payment_various	支付	7	datep	date	date	YES		N	N				date de paiement	日期/时间字段；源码注释：date de paiement	htdocs/install/mysql/tables/llx_payment_various.sql	27
llx_payment_various	支付	8	datev	date	date	YES		N	N				date de valeur (this field should not be here, only into bank tables)	日期/时间字段；源码注释：date de valeur (this field should not be here, only into bank tables)	htdocs/install/mysql/tables/llx_payment_various.sql	28
llx_payment_various	支付	9	sens	smallint	smallint	NO	0	N	N				Sens of the operation: 0 for debit operation, 1 for credit operation	字段 sens；源码注释：Sens of the operation: 0 for debit operation, 1 for credit operation	htdocs/install/mysql/tables/llx_payment_various.sql	29
llx_payment_various	支付	10	amount	double(24,8)	double	NO	0	N	N					金额	htdocs/install/mysql/tables/llx_payment_various.sql	30
llx_payment_various	支付	11	fk_typepayment	integer	integer	NO		N	N					外部关联 ID（具体目标以外键或业务代码为准）（基于字段名推断）	htdocs/install/mysql/tables/llx_payment_various.sql	31
llx_payment_various	支付	12	accountancy_code	varchar(32)	varchar	YES		N	N					代码/参考号字段（基于字段名推断）	htdocs/install/mysql/tables/llx_payment_various.sql	32
llx_payment_various	支付	13	subledger_account	varchar(32)	varchar	YES		N	N					字段 subledger_account（基于字段名推断）	htdocs/install/mysql/tables/llx_payment_various.sql	33
llx_payment_various	支付	14	fk_projet	integer	integer	YES	NULL	N	N					关联项目 ID	htdocs/install/mysql/tables/llx_payment_various.sql	34
llx_payment_various	支付	15	entity	integer	integer	NO	1	N	N				multi company id	多实体/多公司隔离标识；源码注释：multi company id	htdocs/install/mysql/tables/llx_payment_various.sql	35
llx_payment_various	支付	16	note	text	text	YES		N	N					备注/说明字段（基于字段名推断）	htdocs/install/mysql/tables/llx_payment_various.sql	36
llx_payment_various	支付	17	fk_bank	integer	integer	YES		N	N					外部关联 ID（具体目标以外键或业务代码为准）（基于字段名推断）	htdocs/install/mysql/tables/llx_payment_various.sql	37
llx_payment_various	支付	18	fk_user_author	integer	integer	YES		N	N				utilisateur qui a cree l'info	创建人/制单人用户 ID；源码注释：utilisateur qui a cree l'info	htdocs/install/mysql/tables/llx_payment_various.sql	38
llx_payment_various	支付	19	fk_user_modif	integer	integer	YES		N	N				utilisateur qui a modifié l'info	最后修改人用户 ID；源码注释：utilisateur qui a modifié l'info	htdocs/install/mysql/tables/llx_payment_various.sql	39
llx_payment_various_extrafields	支付	1	rowid	integer	integer	NO		Y	Y	PRIMARY	PRIMARY			主键行标识；通常为自增整数	htdocs/install/mysql/tables/llx_payment_various_extrafields.sql	22
llx_payment_various_extrafields	支付	2	tms	timestamp	timestamp	YES	CURRENT_TIMESTAMP	N	N					最后修改时间戳	htdocs/install/mysql/tables/llx_payment_various_extrafields.sql	23
llx_payment_various_extrafields	支付	3	fk_object	integer	integer	NO		N	N	uk_payment_various_extrafields	uk_payment_various_extrafields			外部关联 ID（具体目标以外键或业务代码为准）（基于字段名推断）	htdocs/install/mysql/tables/llx_payment_various_extrafields.sql	24
llx_payment_various_extrafields	支付	4	import_key	varchar(14)	varchar	YES		N	N				import key	导入批次/外部导入键；源码注释：import key	htdocs/install/mysql/tables/llx_payment_various_extrafields.sql	25
llx_payment_vat	支付	1	rowid	integer	integer	NO		Y	Y	PRIMARY	PRIMARY			主键行标识；通常为自增整数	htdocs/install/mysql/tables/llx_payment_vat.sql	22
llx_payment_vat	支付	2	fk_tva	integer	integer	YES		N	N					外部关联 ID（具体目标以外键或业务代码为准）（基于字段名推断）	htdocs/install/mysql/tables/llx_payment_vat.sql	23
llx_payment_vat	支付	3	datec	datetime	datetime	YES		N	N				date de creation	创建日期/时间；源码注释：date de creation	htdocs/install/mysql/tables/llx_payment_vat.sql	24
llx_payment_vat	支付	4	tms	timestamp	timestamp	YES	CURRENT_TIMESTAMP	N	N					最后修改时间戳	htdocs/install/mysql/tables/llx_payment_vat.sql	25
llx_payment_vat	支付	5	datep	datetime	datetime	YES		N	N				payment date	日期/时间字段；源码注释：payment date	htdocs/install/mysql/tables/llx_payment_vat.sql	26
llx_payment_vat	支付	6	amount	double(24,8)	double	YES	0	N	N					金额	htdocs/install/mysql/tables/llx_payment_vat.sql	27
llx_payment_vat	支付	7	fk_typepaiement	integer	integer	NO		N	N					外部关联 ID（具体目标以外键或业务代码为准）（基于字段名推断）	htdocs/install/mysql/tables/llx_payment_vat.sql	28
llx_payment_vat	支付	8	num_paiement	varchar(50)	varchar	YES		N	N					字段 num_paiement（基于字段名推断）	htdocs/install/mysql/tables/llx_payment_vat.sql	29
llx_payment_vat	支付	9	note	text	text	YES		N	N					备注/说明字段（基于字段名推断）	htdocs/install/mysql/tables/llx_payment_vat.sql	30
llx_payment_vat	支付	10	fk_bank	integer	integer	NO		N	N					外部关联 ID（具体目标以外键或业务代码为准）（基于字段名推断）	htdocs/install/mysql/tables/llx_payment_vat.sql	31
llx_payment_vat	支付	11	fk_user_creat	integer	integer	YES		N	N				creation user	创建人用户 ID；源码注释：creation user	htdocs/install/mysql/tables/llx_payment_vat.sql	32
llx_payment_vat	支付	12	fk_user_modif	integer	integer	YES		N	N				last modification user	最后修改人用户 ID；源码注释：last modification user	htdocs/install/mysql/tables/llx_payment_vat.sql	33
llx_paymentexpensereport_expensereport	核心/系统	1	rowid	integer	integer	NO		Y	Y	PRIMARY	PRIMARY			主键行标识；通常为自增整数	htdocs/install/mysql/tables/llx_paymentexpensereport_expensereport.sql	24
llx_paymentexpensereport_expensereport	核心/系统	2	fk_payment	integer	integer	YES		N	N					外部关联 ID（具体目标以外键或业务代码为准）（基于字段名推断）	htdocs/install/mysql/tables/llx_paymentexpensereport_expensereport.sql	25
llx_paymentexpensereport_expensereport	核心/系统	3	fk_expensereport	integer	integer	YES		N	N					外部关联 ID（具体目标以外键或业务代码为准）（基于字段名推断）	htdocs/install/mysql/tables/llx_paymentexpensereport_expensereport.sql	26
llx_paymentexpensereport_expensereport	核心/系统	4	amount	double(24,8)	double	YES	0	N	N					金额	htdocs/install/mysql/tables/llx_paymentexpensereport_expensereport.sql	27
llx_paymentexpensereport_expensereport	核心/系统	5	multicurrency_code	varchar(3)	varchar	YES		N	N					代码/参考号字段（基于字段名推断）	htdocs/install/mysql/tables/llx_paymentexpensereport_expensereport.sql	29
llx_paymentexpensereport_expensereport	核心/系统	6	multicurrency_tx	double(24,8)	double	YES	1	N	N					字段 multicurrency_tx（基于字段名推断）	htdocs/install/mysql/tables/llx_paymentexpensereport_expensereport.sql	30
llx_paymentexpensereport_expensereport	核心/系统	7	multicurrency_amount	double(24,8)	double	YES	0	N	N					金额、价格或税费字段（基于字段名推断）	htdocs/install/mysql/tables/llx_paymentexpensereport_expensereport.sql	31
llx_pos_cash_fence	POS	1	rowid	INTEGER	integer	NO		Y	Y	PRIMARY	PRIMARY			主键行标识；通常为自增整数	htdocs/install/mysql/tables/llx_pos_cash_fence.sql	18
llx_pos_cash_fence	POS	2	entity	INTEGER	integer	NO	1	N	N					多实体/多公司隔离标识	htdocs/install/mysql/tables/llx_pos_cash_fence.sql	19
llx_pos_cash_fence	POS	3	ref	VARCHAR(64)	varchar	YES		N	N					业务参考号/单号	htdocs/install/mysql/tables/llx_pos_cash_fence.sql	20
llx_pos_cash_fence	POS	4	label	VARCHAR(255)	varchar	YES		N	N					名称或标签	htdocs/install/mysql/tables/llx_pos_cash_fence.sql	21
llx_pos_cash_fence	POS	5	opening	double(24,8)	double	YES	0	N	N					字段 opening（基于字段名推断）	htdocs/install/mysql/tables/llx_pos_cash_fence.sql	22
llx_pos_cash_fence	POS	6	cash	double(24,8)	double	YES	0	N	N					字段 cash（基于字段名推断）	htdocs/install/mysql/tables/llx_pos_cash_fence.sql	24
llx_pos_cash_fence	POS	7	card	double(24,8)	double	YES	0	N	N					字段 card（基于字段名推断）	htdocs/install/mysql/tables/llx_pos_cash_fence.sql	25
llx_pos_cash_fence	POS	8	cheque	double(24,8)	double	YES	0	N	N					字段 cheque（基于字段名推断）	htdocs/install/mysql/tables/llx_pos_cash_fence.sql	26
llx_pos_cash_fence	POS	9	cash_declared	double(24,8)	double	YES	NULL	N	N					字段 cash_declared（基于字段名推断）	htdocs/install/mysql/tables/llx_pos_cash_fence.sql	28
llx_pos_cash_fence	POS	10	card_declared	double(24,8)	double	YES	NULL	N	N					字段 card_declared（基于字段名推断）	htdocs/install/mysql/tables/llx_pos_cash_fence.sql	29
llx_pos_cash_fence	POS	11	cheque_declared	double(24,8)	double	YES	NULL	N	N					字段 cheque_declared（基于字段名推断）	htdocs/install/mysql/tables/llx_pos_cash_fence.sql	30
llx_pos_cash_fence	POS	12	cash_lifetime	double(24,8)	double	YES	NULL	N	N					日期/时间字段（基于字段名推断）	htdocs/install/mysql/tables/llx_pos_cash_fence.sql	32
llx_pos_cash_fence	POS	13	card_lifetime	double(24,8)	double	YES	NULL	N	N					日期/时间字段（基于字段名推断）	htdocs/install/mysql/tables/llx_pos_cash_fence.sql	33
llx_pos_cash_fence	POS	14	cheque_lifetime	double(24,8)	double	YES	NULL	N	N					日期/时间字段（基于字段名推断）	htdocs/install/mysql/tables/llx_pos_cash_fence.sql	34
llx_pos_cash_fence	POS	15	lifetime_start	datetime	datetime	YES	NULL	N	N					字段 lifetime_start（基于字段名推断）	htdocs/install/mysql/tables/llx_pos_cash_fence.sql	35
llx_pos_cash_fence	POS	16	status	INTEGER	integer	YES		N	N					状态标识	htdocs/install/mysql/tables/llx_pos_cash_fence.sql	36
llx_pos_cash_fence	POS	17	date_creation	DATETIME	datetime	NO		N	N					日期/时间字段（基于字段名推断）	htdocs/install/mysql/tables/llx_pos_cash_fence.sql	37
llx_pos_cash_fence	POS	18	date_valid	DATETIME	datetime	YES		N	N					审核/生效日期	htdocs/install/mysql/tables/llx_pos_cash_fence.sql	38
llx_pos_cash_fence	POS	19	day_close	INTEGER	integer	YES		N	N					字段 day_close（基于字段名推断）	htdocs/install/mysql/tables/llx_pos_cash_fence.sql	39
llx_pos_cash_fence	POS	20	month_close	INTEGER	integer	YES		N	N					字段 month_close（基于字段名推断）	htdocs/install/mysql/tables/llx_pos_cash_fence.sql	40
llx_pos_cash_fence	POS	21	year_close	INTEGER	integer	YES		N	N					字段 year_close（基于字段名推断）	htdocs/install/mysql/tables/llx_pos_cash_fence.sql	41
llx_pos_cash_fence	POS	22	hour_close	INTEGER	integer	YES	null	N	N					字段 hour_close（基于字段名推断）	htdocs/install/mysql/tables/llx_pos_cash_fence.sql	42
llx_pos_cash_fence	POS	23	min_close	INTEGER	integer	YES	null	N	N					字段 min_close（基于字段名推断）	htdocs/install/mysql/tables/llx_pos_cash_fence.sql	43
llx_pos_cash_fence	POS	24	sec_close	INTEGER	integer	YES	null	N	N					字段 sec_close（基于字段名推断）	htdocs/install/mysql/tables/llx_pos_cash_fence.sql	44
llx_pos_cash_fence	POS	25	posmodule	VARCHAR(30)	varchar	YES		N	N					字段 posmodule（基于字段名推断）	htdocs/install/mysql/tables/llx_pos_cash_fence.sql	45
llx_pos_cash_fence	POS	26	posnumber	VARCHAR(30)	varchar	YES		N	N					字段 posnumber（基于字段名推断）	htdocs/install/mysql/tables/llx_pos_cash_fence.sql	46
llx_pos_cash_fence	POS	27	fk_user_creat	integer	integer	YES		N	N					创建人用户 ID	htdocs/install/mysql/tables/llx_pos_cash_fence.sql	47
llx_pos_cash_fence	POS	28	fk_user_valid	integer	integer	YES		N	N					审核/验证人用户 ID	htdocs/install/mysql/tables/llx_pos_cash_fence.sql	48
llx_pos_cash_fence	POS	29	tms	timestamp	timestamp	YES	CURRENT_TIMESTAMP	N	N					最后修改时间戳	htdocs/install/mysql/tables/llx_pos_cash_fence.sql	49
llx_pos_cash_fence	POS	30	import_key	VARCHAR(14)	varchar	YES		N	N					导入批次/外部导入键	htdocs/install/mysql/tables/llx_pos_cash_fence.sql	50
llx_pos_cash_fence_extrafields	POS	1	rowid	integer	integer	NO		Y	Y	PRIMARY	PRIMARY			主键行标识；通常为自增整数	htdocs/install/mysql/tables/llx_pos_cash_fence_extrafields.sql	21
llx_pos_cash_fence_extrafields	POS	2	tms	timestamp	timestamp	YES	CURRENT_TIMESTAMP	N	N					最后修改时间戳	htdocs/install/mysql/tables/llx_pos_cash_fence_extrafields.sql	22
llx_pos_cash_fence_extrafields	POS	3	fk_object	integer	integer	NO		N	N	uk_pos_cash_fence_extrafields	uk_pos_cash_fence_extrafields			外部关联 ID（具体目标以外键或业务代码为准）（基于字段名推断）	htdocs/install/mysql/tables/llx_pos_cash_fence_extrafields.sql	23
llx_pos_cash_fence_extrafields	POS	4	import_key	varchar(14)	varchar	YES		N	N				import key	导入批次/外部导入键；源码注释：import key	htdocs/install/mysql/tables/llx_pos_cash_fence_extrafields.sql	24
llx_prelevement	核心/系统	1	rowid	integer	integer	NO		Y	Y	PRIMARY	PRIMARY			主键行标识；通常为自增整数	htdocs/install/mysql/tables/llx_prelevement.sql	21
llx_prelevement	核心/系统	2	fk_facture	integer	integer	YES		N	N					外部关联 ID（具体目标以外键或业务代码为准）（基于字段名推断）	htdocs/install/mysql/tables/llx_prelevement.sql	22
llx_prelevement	核心/系统	3	fk_facture_fourn	integer	integer	YES		N	N					外部关联 ID（具体目标以外键或业务代码为准）（基于字段名推断）	htdocs/install/mysql/tables/llx_prelevement.sql	23
llx_prelevement	核心/系统	4	fk_salary	integer	integer	YES		N	N					外部关联 ID（具体目标以外键或业务代码为准）（基于字段名推断）	htdocs/install/mysql/tables/llx_prelevement.sql	24
llx_prelevement	核心/系统	5	fk_prelevement_lignes	integer	integer	NO		N	N	idx_prelevement_fk_prelevement_lignes		llx_prelevement_lignes.rowid		外部关联 ID（具体目标以外键或业务代码为准）（基于字段名推断）	htdocs/install/mysql/tables/llx_prelevement.sql	25
llx_prelevement_bons	核心/系统	1	rowid	integer	integer	NO		Y	Y	PRIMARY	PRIMARY			主键行标识；通常为自增整数	htdocs/install/mysql/tables/llx_prelevement_bons.sql	29
llx_prelevement_bons	核心/系统	2	type	varchar(16)	varchar	YES	'debit-order'	N	N				'debit-order' or 'bank-transfer'	字段 type；源码注释：'debit-order' or 'bank-transfer'	htdocs/install/mysql/tables/llx_prelevement_bons.sql	30
llx_prelevement_bons	核心/系统	3	ref	varchar(12)	varchar	YES		N	N	uk_prelevement_bons_ref	uk_prelevement_bons_ref		reference	业务参考号/单号；源码注释：reference	htdocs/install/mysql/tables/llx_prelevement_bons.sql	31
llx_prelevement_bons	核心/系统	4	entity	integer	integer	NO	1	N	N	uk_prelevement_bons_ref	uk_prelevement_bons_ref		multi company id	多实体/多公司隔离标识；源码注释：multi company id	htdocs/install/mysql/tables/llx_prelevement_bons.sql	32
llx_prelevement_bons	核心/系统	5	datec	datetime	datetime	YES		N	N				date de creation	创建日期/时间；源码注释：date de creation	htdocs/install/mysql/tables/llx_prelevement_bons.sql	33
llx_prelevement_bons	核心/系统	6	amount	double(24,8)	double	YES	0	N	N				montant total du prelevement	金额；源码注释：montant total du prelevement	htdocs/install/mysql/tables/llx_prelevement_bons.sql	34
llx_prelevement_bons	核心/系统	7	statut	smallint	smallint	YES	0	N	N				statut	状态标识；源码注释：statut	htdocs/install/mysql/tables/llx_prelevement_bons.sql	35
llx_prelevement_bons	核心/系统	8	credite	smallint	smallint	YES	0	N	N				indique si le prelevement a ete credite	字段 credite；源码注释：indique si le prelevement a ete credite	htdocs/install/mysql/tables/llx_prelevement_bons.sql	36
llx_prelevement_bons	核心/系统	9	note	text	text	YES		N	N					备注/说明字段（基于字段名推断）	htdocs/install/mysql/tables/llx_prelevement_bons.sql	37
llx_prelevement_bons	核心/系统	10	date_trans	datetime	datetime	YES		N	N				date de transmission a la banque	日期/时间字段；源码注释：date de transmission a la banque	htdocs/install/mysql/tables/llx_prelevement_bons.sql	38
llx_prelevement_bons	核心/系统	11	method_trans	smallint	smallint	YES		N	N				methode de transmission	字段 method_trans；源码注释：methode de transmission	htdocs/install/mysql/tables/llx_prelevement_bons.sql	39
llx_prelevement_bons	核心/系统	12	fk_user_trans	integer	integer	YES		N	N				user qui a effectue la transmission	外部关联 ID（具体目标以外键或业务代码为准）；源码注释：user qui a effectue la transmission	htdocs/install/mysql/tables/llx_prelevement_bons.sql	40
llx_prelevement_bons	核心/系统	13	date_credit	datetime	datetime	YES		N	N				date de credit sur le compte	日期/时间字段；源码注释：date de credit sur le compte	htdocs/install/mysql/tables/llx_prelevement_bons.sql	41
llx_prelevement_bons	核心/系统	14	fk_user_credit	integer	integer	YES		N	N				user qui a remonte l'info de credit	外部关联 ID（具体目标以外键或业务代码为准）；源码注释：user qui a remonte l'info de credit	htdocs/install/mysql/tables/llx_prelevement_bons.sql	42
llx_prelevement_bons	核心/系统	15	fk_bank_account	integer	integer	YES	NULL	N	N					外部关联 ID（具体目标以外键或业务代码为准）（基于字段名推断）	htdocs/install/mysql/tables/llx_prelevement_bons.sql	43
llx_prelevement_bons	核心/系统	16	fk_user_modif	integer	integer	YES		N	N					最后修改人用户 ID	htdocs/install/mysql/tables/llx_prelevement_bons.sql	44
llx_prelevement_bons	核心/系统	17	tms	timestamp	timestamp	YES	CURRENT_TIMESTAMP	N	N					最后修改时间戳	htdocs/install/mysql/tables/llx_prelevement_bons.sql	45
llx_prelevement_demande	核心/系统	1	rowid	integer	integer	NO		Y	Y	PRIMARY	PRIMARY			主键行标识；通常为自增整数	htdocs/install/mysql/tables/llx_prelevement_demande.sql	23
llx_prelevement_demande	核心/系统	2	entity	integer	integer	NO	1	N	N					多实体/多公司隔离标识	htdocs/install/mysql/tables/llx_prelevement_demande.sql	24
llx_prelevement_demande	核心/系统	3	fk_facture	integer	integer	YES		N	N	idx_prelevement_demande_fk_facture				外部关联 ID（具体目标以外键或业务代码为准）（基于字段名推断）	htdocs/install/mysql/tables/llx_prelevement_demande.sql	25
llx_prelevement_demande	核心/系统	4	fk_facture_fourn	integer	integer	YES		N	N	idx_prelevement_demande_fk_facture_fourn				外部关联 ID（具体目标以外键或业务代码为准）（基于字段名推断）	htdocs/install/mysql/tables/llx_prelevement_demande.sql	26
llx_prelevement_demande	核心/系统	5	fk_salary	integer	integer	YES		N	N					外部关联 ID（具体目标以外键或业务代码为准）（基于字段名推断）	htdocs/install/mysql/tables/llx_prelevement_demande.sql	27
llx_prelevement_demande	核心/系统	6	sourcetype	varchar(32)	varchar	YES		N	N					字段 sourcetype（基于字段名推断）	htdocs/install/mysql/tables/llx_prelevement_demande.sql	28
llx_prelevement_demande	核心/系统	7	amount	double(24,8)	double	NO		N	N					金额	htdocs/install/mysql/tables/llx_prelevement_demande.sql	29
llx_prelevement_demande	核心/系统	8	date_demande	datetime	datetime	NO		N	N					日期/时间字段（基于字段名推断）	htdocs/install/mysql/tables/llx_prelevement_demande.sql	30
llx_prelevement_demande	核心/系统	9	traite	smallint	smallint	YES	0	N	N				1 means a file for direct-debit or credit-transfer has been created and is in process or finished. Note: can be detected by fk_prelevement_bons IS NOT NULL too.	字段 traite；源码注释：1 means a file for direct-debit or credit-transfer has been created and is in process or finished. Note: can be detected by fk_prelevement_bons IS NOT NULL too.	htdocs/install/mysql/tables/llx_prelevement_demande.sql	31
llx_prelevement_demande	核心/系统	10	date_traite	datetime	datetime	YES		N	N					日期/时间字段（基于字段名推断）	htdocs/install/mysql/tables/llx_prelevement_demande.sql	32
llx_prelevement_demande	核心/系统	11	fk_prelevement_bons	integer	integer	YES		N	N					外部关联 ID（具体目标以外键或业务代码为准）（基于字段名推断）	htdocs/install/mysql/tables/llx_prelevement_demande.sql	33
llx_prelevement_demande	核心/系统	12	fk_user_demande	integer	integer	NO		N	N					外部关联 ID（具体目标以外键或业务代码为准）（基于字段名推断）	htdocs/install/mysql/tables/llx_prelevement_demande.sql	34
llx_prelevement_demande	核心/系统	13	fk_societe_rib	integer	integer	YES	NULL	N	N					外部关联 ID（具体目标以外键或业务代码为准）（基于字段名推断）	htdocs/install/mysql/tables/llx_prelevement_demande.sql	35
llx_prelevement_demande	核心/系统	14	code_banque	varchar(128)	varchar	YES		N	N					代码/参考号字段（基于字段名推断）	htdocs/install/mysql/tables/llx_prelevement_demande.sql	37
llx_prelevement_demande	核心/系统	15	code_guichet	varchar(6)	varchar	YES		N	N					代码/参考号字段（基于字段名推断）	htdocs/install/mysql/tables/llx_prelevement_demande.sql	38
llx_prelevement_demande	核心/系统	16	number	varchar(255)	varchar	YES		N	N					字段 number（基于字段名推断）	htdocs/install/mysql/tables/llx_prelevement_demande.sql	39
llx_prelevement_demande	核心/系统	17	cle_rib	varchar(5)	varchar	YES		N	N					字段 cle_rib（基于字段名推断）	htdocs/install/mysql/tables/llx_prelevement_demande.sql	40
llx_prelevement_demande	核心/系统	18	type	varchar(12)	varchar	YES	''	N	N					字段 type（基于字段名推断）	htdocs/install/mysql/tables/llx_prelevement_demande.sql	42
llx_prelevement_demande	核心/系统	19	ext_payment_id	varchar(255)	varchar	YES		N	N	idx_prelevement_demande_ext_payment_id				字段 ext_payment_id（基于字段名推断）	htdocs/install/mysql/tables/llx_prelevement_demande.sql	43
llx_prelevement_demande	核心/系统	20	ext_payment_site	varchar(128)	varchar	YES		N	N					字段 ext_payment_site（基于字段名推断）	htdocs/install/mysql/tables/llx_prelevement_demande.sql	44
llx_prelevement_lignes	核心/系统	1	rowid	integer	integer	NO		Y	Y	PRIMARY	PRIMARY			主键行标识；通常为自增整数	htdocs/install/mysql/tables/llx_prelevement_lignes.sql	23
llx_prelevement_lignes	核心/系统	2	fk_prelevement_bons	integer	integer	YES		N	N	idx_prelevement_lignes_fk_prelevement_bons		llx_prelevement_bons.rowid		外部关联 ID（具体目标以外键或业务代码为准）（基于字段名推断）	htdocs/install/mysql/tables/llx_prelevement_lignes.sql	24
llx_prelevement_lignes	核心/系统	3	fk_soc	integer	integer	NO		N	N					关联第三方企业 ID	htdocs/install/mysql/tables/llx_prelevement_lignes.sql	25
llx_prelevement_lignes	核心/系统	4	fk_user	integer	integer	YES		N	N					外部关联 ID（具体目标以外键或业务代码为准）（基于字段名推断）	htdocs/install/mysql/tables/llx_prelevement_lignes.sql	26
llx_prelevement_lignes	核心/系统	5	statut	smallint	smallint	YES	0	N	N					状态标识	htdocs/install/mysql/tables/llx_prelevement_lignes.sql	28
llx_prelevement_lignes	核心/系统	6	client_nom	varchar(255)	varchar	YES		N	N					字段 client_nom（基于字段名推断）	htdocs/install/mysql/tables/llx_prelevement_lignes.sql	30
llx_prelevement_lignes	核心/系统	7	amount	double(24,8)	double	YES	0	N	N					金额	htdocs/install/mysql/tables/llx_prelevement_lignes.sql	31
llx_prelevement_lignes	核心/系统	8	fk_prelevement_demande	integer	integer	YES	0	N	N					外部关联 ID（具体目标以外键或业务代码为准）（基于字段名推断）	htdocs/install/mysql/tables/llx_prelevement_lignes.sql	41
llx_prelevement_lignes	核心/系统	9	note	text	text	YES		N	N					备注/说明字段（基于字段名推断）	htdocs/install/mysql/tables/llx_prelevement_lignes.sql	43
llx_prelevement_lignes	核心/系统	10	tms	timestamp	timestamp	YES	CURRENT_TIMESTAMP	N	N					最后修改时间戳	htdocs/install/mysql/tables/llx_prelevement_lignes.sql	44
llx_prelevement_rejet	核心/系统	1	rowid	integer	integer	NO		Y	Y	PRIMARY	PRIMARY			主键行标识；通常为自增整数	htdocs/install/mysql/tables/llx_prelevement_rejet.sql	21
llx_prelevement_rejet	核心/系统	2	fk_prelevement_lignes	integer	integer	YES		N	N					外部关联 ID（具体目标以外键或业务代码为准）（基于字段名推断）	htdocs/install/mysql/tables/llx_prelevement_rejet.sql	22
llx_prelevement_rejet	核心/系统	3	date_rejet	datetime	datetime	YES		N	N					日期/时间字段（基于字段名推断）	htdocs/install/mysql/tables/llx_prelevement_rejet.sql	23
llx_prelevement_rejet	核心/系统	4	motif	integer	integer	YES		N	N					字段 motif（基于字段名推断）	htdocs/install/mysql/tables/llx_prelevement_rejet.sql	24
llx_prelevement_rejet	核心/系统	5	date_creation	datetime	datetime	YES		N	N					日期/时间字段（基于字段名推断）	htdocs/install/mysql/tables/llx_prelevement_rejet.sql	25
llx_prelevement_rejet	核心/系统	6	fk_user_creation	integer	integer	YES		N	N					外部关联 ID（具体目标以外键或业务代码为准）（基于字段名推断）	htdocs/install/mysql/tables/llx_prelevement_rejet.sql	26
llx_prelevement_rejet	核心/系统	7	note	text	text	YES		N	N					备注/说明字段（基于字段名推断）	htdocs/install/mysql/tables/llx_prelevement_rejet.sql	27
llx_prelevement_rejet	核心/系统	8	afacturer	tinyint	tinyint	YES	0	N	N					字段 afacturer（基于字段名推断）	htdocs/install/mysql/tables/llx_prelevement_rejet.sql	28
llx_prelevement_rejet	核心/系统	9	fk_facture	integer	integer	YES		N	N					外部关联 ID（具体目标以外键或业务代码为准）（基于字段名推断）	htdocs/install/mysql/tables/llx_prelevement_rejet.sql	29
llx_printer_receipt	核心/系统	1	rowid	integer	integer	NO		Y	Y	PRIMARY	PRIMARY			主键行标识；通常为自增整数	htdocs/install/mysql/tables/llx_printing_receipt-receiptprinter.sql	20
llx_printer_receipt	核心/系统	2	name	varchar(128)	varchar	YES		N	N	uk_printer_receipt	uk_printer_receipt			名称/标题字段（基于字段名推断）	htdocs/install/mysql/tables/llx_printing_receipt-receiptprinter.sql	21
llx_printer_receipt	核心/系统	3	fk_type	integer	integer	YES		N	N					外部关联 ID（具体目标以外键或业务代码为准）（基于字段名推断）	htdocs/install/mysql/tables/llx_printing_receipt-receiptprinter.sql	22
llx_printer_receipt	核心/系统	4	fk_profile	integer	integer	YES		N	N					外部关联 ID（具体目标以外键或业务代码为准）（基于字段名推断）	htdocs/install/mysql/tables/llx_printing_receipt-receiptprinter.sql	23
llx_printer_receipt	核心/系统	5	parameter	varchar(128)	varchar	YES		N	N					扩展参数/结构化文本（基于字段名推断）	htdocs/install/mysql/tables/llx_printing_receipt-receiptprinter.sql	24
llx_printer_receipt	核心/系统	6	entity	integer	integer	YES		N	N	uk_printer_receipt	uk_printer_receipt			多实体/多公司隔离标识	htdocs/install/mysql/tables/llx_printing_receipt-receiptprinter.sql	25
llx_printer_receipt_template	核心/系统	1	rowid	integer	integer	NO		Y	Y	PRIMARY	PRIMARY			主键行标识；通常为自增整数	htdocs/install/mysql/tables/llx_printing_receipt_template-receiptprinter.sql	20
llx_printer_receipt_template	核心/系统	2	name	varchar(128)	varchar	YES		N	N					名称/标题字段（基于字段名推断）	htdocs/install/mysql/tables/llx_printing_receipt_template-receiptprinter.sql	21
llx_printer_receipt_template	核心/系统	3	template	text	text	YES		N	N					字段 template（基于字段名推断）	htdocs/install/mysql/tables/llx_printing_receipt_template-receiptprinter.sql	22
llx_printer_receipt_template	核心/系统	4	entity	integer	integer	YES		N	N					多实体/多公司隔离标识	htdocs/install/mysql/tables/llx_printing_receipt_template-receiptprinter.sql	23
llx_printing	核心/系统	1	rowid	integer	integer	NO		Y	Y	PRIMARY	PRIMARY			主键行标识；通常为自增整数	htdocs/install/mysql/tables/llx_printing.sql	22
llx_printing	核心/系统	2	tms	timestamp	timestamp	YES	CURRENT_TIMESTAMP	N	N					最后修改时间戳	htdocs/install/mysql/tables/llx_printing.sql	23
llx_printing	核心/系统	3	datec	datetime	datetime	YES		N	N					创建日期/时间	htdocs/install/mysql/tables/llx_printing.sql	24
llx_printing	核心/系统	4	printer_name	text	text	NO		N	N					名称/标题字段（基于字段名推断）	htdocs/install/mysql/tables/llx_printing.sql	25
llx_printing	核心/系统	5	printer_location	text	text	NO		N	N					字段 printer_location（基于字段名推断）	htdocs/install/mysql/tables/llx_printing.sql	26
llx_printing	核心/系统	6	printer_id	varchar(255)	varchar	NO		N	N					字段 printer_id（基于字段名推断）	htdocs/install/mysql/tables/llx_printing.sql	27
llx_printing	核心/系统	7	copy	integer	integer	NO	'1'	N	N					字段 copy（基于字段名推断）	htdocs/install/mysql/tables/llx_printing.sql	28
llx_printing	核心/系统	8	module	varchar(16)	varchar	NO		N	N					字段 module（基于字段名推断）	htdocs/install/mysql/tables/llx_printing.sql	29
llx_printing	核心/系统	9	driver	varchar(16)	varchar	NO		N	N					字段 driver（基于字段名推断）	htdocs/install/mysql/tables/llx_printing.sql	30
llx_printing	核心/系统	10	userid	integer	integer	YES		N	N					字段 userid（基于字段名推断）	htdocs/install/mysql/tables/llx_printing.sql	31
llx_product	核心/系统	1	rowid	integer	integer	NO		Y	Y	PRIMARY	PRIMARY			主键行标识；通常为自增整数	htdocs/install/mysql/tables/llx_product.sql	27
llx_product	核心/系统	2	ref	varchar(128)	varchar	NO		N	N	uk_product_ref	uk_product_ref			业务参考号/单号	htdocs/install/mysql/tables/llx_product.sql	28
llx_product	核心/系统	3	entity	integer	integer	NO	1	N	N	uk_product_ref, idx_product_entity_fk_product_type, idx_product_entity_tosell, idx_product_entity_tobuy, uk_product_barcode	uk_product_ref, uk_product_barcode		Multi company id	多实体/多公司隔离标识；源码注释：Multi company id	htdocs/install/mysql/tables/llx_product.sql	29
llx_product	核心/系统	4	ref_ext	varchar(128)	varchar	YES		N	N				reference into an external system (not used by dolibarr)	代码/参考号字段；源码注释：reference into an external system (not used by dolibarr)	htdocs/install/mysql/tables/llx_product.sql	31
llx_product	核心/系统	5	datec	datetime	datetime	YES		N	N	idx_product_datec				创建日期/时间	htdocs/install/mysql/tables/llx_product.sql	33
llx_product	核心/系统	6	tms	timestamp	timestamp	YES	CURRENT_TIMESTAMP	N	N	idx_product_tms				最后修改时间戳	htdocs/install/mysql/tables/llx_product.sql	34
llx_product	核心/系统	7	fk_parent	integer	integer	YES	0	N	N				Not used. Used by external modules. Virtual product id	外部关联 ID（具体目标以外键或业务代码为准）；源码注释：Not used. Used by external modules. Virtual product id	htdocs/install/mysql/tables/llx_product.sql	35
llx_product	核心/系统	8	label	varchar(255)	varchar	NO		N	N	idx_product_label				名称或标签	htdocs/install/mysql/tables/llx_product.sql	37
llx_product	核心/系统	9	description	text	text	YES		N	N					描述	htdocs/install/mysql/tables/llx_product.sql	38
llx_product	核心/系统	10	note_public	mediumtext	mediumtext	YES		N	N					公开备注	htdocs/install/mysql/tables/llx_product.sql	39
llx_product	核心/系统	11	note	mediumtext	mediumtext	YES		N	N					备注/说明字段（基于字段名推断）	htdocs/install/mysql/tables/llx_product.sql	40
llx_product	核心/系统	12	customcode	varchar(32)	varchar	YES		N	N				Customs|Commodity|HS|TARIC code see https://github.com/Dolibarr/dolibarr/issues/31679	代码/参考号字段；源码注释：Customs|Commodity|HS|TARIC code see https://github.com/Dolibarr/dolibarr/issues/31679	htdocs/install/mysql/tables/llx_product.sql	41
llx_product	核心/系统	13	fk_country	integer	integer	YES	NULL	N	N	idx_product_fk_country		llx_c_country.rowid	Optional id of original country	外部关联 ID（具体目标以外键或业务代码为准）；源码注释：Optional id of original country	htdocs/install/mysql/tables/llx_product.sql	42
llx_product	核心/系统	14	fk_state	integer	integer	YES	NULL	N	N				Optional id of original state/province	外部关联 ID（具体目标以外键或业务代码为准）；源码注释：Optional id of original state/province	htdocs/install/mysql/tables/llx_product.sql	43
llx_product	核心/系统	15	price	double(24,8)	double	YES	0	N	N				price without tax	价格；源码注释：price without tax	htdocs/install/mysql/tables/llx_product.sql	44
llx_product	核心/系统	16	price_ttc	double(24,8)	double	YES	0	N	N				price inc vat (but not localtax1 nor localtax2)	金额、价格或税费字段；源码注释：price inc vat (but not localtax1 nor localtax2)	htdocs/install/mysql/tables/llx_product.sql	45
llx_product	核心/系统	17	price_min	double(24,8)	double	YES	0	N	N					金额、价格或税费字段（基于字段名推断）	htdocs/install/mysql/tables/llx_product.sql	46
llx_product	核心/系统	18	price_min_ttc	double(24,8)	double	YES	0	N	N					金额、价格或税费字段（基于字段名推断）	htdocs/install/mysql/tables/llx_product.sql	47
llx_product	核心/系统	19	price_base_type	varchar(3)	varchar	YES	'HT'	N	N					金额、价格或税费字段（基于字段名推断）	htdocs/install/mysql/tables/llx_product.sql	48
llx_product	核心/系统	20	price_label	varchar(255)	varchar	YES		N	N					金额、价格或税费字段（基于字段名推断）	htdocs/install/mysql/tables/llx_product.sql	49
llx_product	核心/系统	21	cost_price	double(24,8)	double	YES	NULL	N	N				Cost price without tax. Can be used for margin calculation.	金额、价格或税费字段；源码注释：Cost price without tax. Can be used for margin calculation.	htdocs/install/mysql/tables/llx_product.sql	50
llx_product	核心/系统	22	default_vat_code	varchar(10)	varchar	YES		N	N				Same code than into table llx_c_tva (but no constraints). Should be used in priority to find default vat, npr, localtaxes for product.	代码/参考号字段；源码注释：Same code than into table llx_c_tva (but no constraints). Should be used in priority to find default vat, npr, localtaxes for product.	htdocs/install/mysql/tables/llx_product.sql	51
llx_product	核心/系统	23	tva_tx	double(7,4)	double	YES		N	N				Default VAT rate of product	字段 tva_tx；源码注释：Default VAT rate of product	htdocs/install/mysql/tables/llx_product.sql	52
llx_product	核心/系统	24	recuperableonly	integer	integer	NO	'0'	N	N				French NPR VAT	字段 recuperableonly；源码注释：French NPR VAT	htdocs/install/mysql/tables/llx_product.sql	53
llx_product	核心/系统	25	localtax1_tx	double(7,4)	double	YES	0	N	N					金额、价格或税费字段（基于字段名推断）	htdocs/install/mysql/tables/llx_product.sql	54
llx_product	核心/系统	26	localtax1_type	varchar(10)	varchar	NO	'0'	N	N					金额、价格或税费字段（基于字段名推断）	htdocs/install/mysql/tables/llx_product.sql	55
llx_product	核心/系统	27	localtax2_tx	double(7,4)	double	YES	0	N	N					金额、价格或税费字段（基于字段名推断）	htdocs/install/mysql/tables/llx_product.sql	56
llx_product	核心/系统	28	localtax2_type	varchar(10)	varchar	NO	'0'	N	N					金额、价格或税费字段（基于字段名推断）	htdocs/install/mysql/tables/llx_product.sql	57
llx_product	核心/系统	29	fk_user_author	integer	integer	YES	NULL	N	N	idx_product_fk_user_author			user making creation	创建人/制单人用户 ID；源码注释：user making creation	htdocs/install/mysql/tables/llx_product.sql	58
llx_product	核心/系统	30	fk_user_modif	integer	integer	YES		N	N				user making last change	最后修改人用户 ID；源码注释：user making last change	htdocs/install/mysql/tables/llx_product.sql	59
llx_product	核心/系统	31	tosell	tinyint	tinyint	YES	1	N	N	idx_product_entity_tosell			Product you sell	字段 tosell；源码注释：Product you sell	htdocs/install/mysql/tables/llx_product.sql	60
llx_product	核心/系统	32	tobuy	tinyint	tinyint	YES	1	N	N	idx_product_entity_tobuy			Product you buy	字段 tobuy；源码注释：Product you buy	htdocs/install/mysql/tables/llx_product.sql	61
llx_product	核心/系统	33	tobatch	tinyint	tinyint	NO	0	N	N				Is it a product that need a batch management (eat-by or lot management)	字段 tobatch；源码注释：Is it a product that need a batch management (eat-by or lot management)	htdocs/install/mysql/tables/llx_product.sql	62
llx_product	核心/系统	34	sell_or_eat_by_mandatory	tinyint	tinyint	NO	0	N	N				Make sell-by or eat-by date mandatory	字段 sell_or_eat_by_mandatory；源码注释：Make sell-by or eat-by date mandatory	htdocs/install/mysql/tables/llx_product.sql	63
llx_product	核心/系统	35	batch_mask	varchar(32)	varchar	YES	NULL	N	N				If the product has batch feature, you may want to use a batch mask per product	字段 batch_mask；源码注释：If the product has batch feature, you may want to use a batch mask per product	htdocs/install/mysql/tables/llx_product.sql	64
llx_product	核心/系统	36	fk_product_type	integer	integer	YES	0	N	N	idx_product_entity_fk_product_type			Type of product: 0 for regular product, 1 for service, 9 for other (used by external module)	外部关联 ID（具体目标以外键或业务代码为准）；源码注释：Type of product: 0 for regular product, 1 for service, 9 for other (used by external module)	htdocs/install/mysql/tables/llx_product.sql	65
llx_product	核心/系统	37	duration	varchar(6)	varchar	YES		N	N					比例/百分比字段（基于字段名推断）	htdocs/install/mysql/tables/llx_product.sql	66
llx_product	核心/系统	38	seuil_stock_alerte	float	float	YES	NULL	N	N	idx_product_seuil_stock_alerte				字段 seuil_stock_alerte（基于字段名推断）	htdocs/install/mysql/tables/llx_product.sql	67
llx_product	核心/系统	39	url	varchar(255)	varchar	YES		N	N					字段 url（基于字段名推断）	htdocs/install/mysql/tables/llx_product.sql	68
llx_product	核心/系统	40	barcode	varchar(180)	varchar	YES	NULL	N	N	idx_product_barcode, uk_product_barcode	uk_product_barcode		barcode	代码/参考号字段；源码注释：barcode	htdocs/install/mysql/tables/llx_product.sql	69
llx_product	核心/系统	41	fk_barcode_type	integer	integer	YES	NULL	N	N	idx_product_fk_barcode_type, uk_product_barcode	uk_product_barcode	llx_c_barcode_type.rowid	barcode type	外部关联 ID（具体目标以外键或业务代码为准）；源码注释：barcode type	htdocs/install/mysql/tables/llx_product.sql	70
llx_product	核心/系统	42	accountancy_code_sell	varchar(32)	varchar	YES		N	N				Selling accountancy code	代码/参考号字段；源码注释：Selling accountancy code	htdocs/install/mysql/tables/llx_product.sql	71
llx_product	核心/系统	43	accountancy_code_sell_intra	varchar(32)	varchar	YES		N	N				Selling accountancy code for vat intra-community	代码/参考号字段；源码注释：Selling accountancy code for vat intra-community	htdocs/install/mysql/tables/llx_product.sql	72
llx_product	核心/系统	44	accountancy_code_sell_export	varchar(32)	varchar	YES		N	N				Selling accountancy code for vat export	代码/参考号字段；源码注释：Selling accountancy code for vat export	htdocs/install/mysql/tables/llx_product.sql	73
llx_product	核心/系统	45	accountancy_code_buy	varchar(32)	varchar	YES		N	N				Buying accountancy code	代码/参考号字段；源码注释：Buying accountancy code	htdocs/install/mysql/tables/llx_product.sql	74
llx_product	核心/系统	46	accountancy_code_buy_intra	varchar(32)	varchar	YES		N	N				Buying accountancy code for vat intra-community	代码/参考号字段；源码注释：Buying accountancy code for vat intra-community	htdocs/install/mysql/tables/llx_product.sql	75
llx_product	核心/系统	47	accountancy_code_buy_export	varchar(32)	varchar	YES		N	N				Buying accountancy code for vat export	代码/参考号字段；源码注释：Buying accountancy code for vat export	htdocs/install/mysql/tables/llx_product.sql	76
llx_product	核心/系统	48	partnumber	varchar(32)	varchar	YES		N	N				Part/Serial number. TODO To use it into screen if not a duplicate of barcode.	字段 partnumber；源码注释：Part/Serial number. TODO To use it into screen if not a duplicate of barcode.	htdocs/install/mysql/tables/llx_product.sql	77
llx_product	核心/系统	49	net_measure	float	float	YES	NULL	N	N					字段 net_measure（基于字段名推断）	htdocs/install/mysql/tables/llx_product.sql	78
llx_product	核心/系统	50	net_measure_units	tinyint	tinyint	YES	NULL	N	N					字段 net_measure_units（基于字段名推断）	htdocs/install/mysql/tables/llx_product.sql	79
llx_product	核心/系统	51	weight	float	float	YES	NULL	N	N					字段 weight（基于字段名推断）	htdocs/install/mysql/tables/llx_product.sql	80
llx_product	核心/系统	52	weight_units	tinyint	tinyint	YES	NULL	N	N					字段 weight_units（基于字段名推断）	htdocs/install/mysql/tables/llx_product.sql	81
llx_product	核心/系统	53	length	float	float	YES	NULL	N	N					字段 length（基于字段名推断）	htdocs/install/mysql/tables/llx_product.sql	82
llx_product	核心/系统	54	length_units	tinyint	tinyint	YES	NULL	N	N					字段 length_units（基于字段名推断）	htdocs/install/mysql/tables/llx_product.sql	83
llx_product	核心/系统	55	width	float	float	YES	NULL	N	N					字段 width（基于字段名推断）	htdocs/install/mysql/tables/llx_product.sql	84
llx_product	核心/系统	56	width_units	tinyint	tinyint	YES	NULL	N	N					字段 width_units（基于字段名推断）	htdocs/install/mysql/tables/llx_product.sql	85
llx_product	核心/系统	57	height	float	float	YES	NULL	N	N					字段 height（基于字段名推断）	htdocs/install/mysql/tables/llx_product.sql	86
llx_product	核心/系统	58	height_units	tinyint	tinyint	YES	NULL	N	N					字段 height_units（基于字段名推断）	htdocs/install/mysql/tables/llx_product.sql	87
llx_product	核心/系统	59	surface	float	float	YES	NULL	N	N					字段 surface（基于字段名推断）	htdocs/install/mysql/tables/llx_product.sql	88
llx_product	核心/系统	60	surface_units	tinyint	tinyint	YES	NULL	N	N					字段 surface_units（基于字段名推断）	htdocs/install/mysql/tables/llx_product.sql	89
llx_product	核心/系统	61	volume	float	float	YES	NULL	N	N					字段 volume（基于字段名推断）	htdocs/install/mysql/tables/llx_product.sql	90
llx_product	核心/系统	62	volume_units	tinyint	tinyint	YES	NULL	N	N					字段 volume_units（基于字段名推断）	htdocs/install/mysql/tables/llx_product.sql	91
llx_product	核心/系统	63	stockable_product	integer	integer	NO	1	N	N					字段 stockable_product（基于字段名推断）	htdocs/install/mysql/tables/llx_product.sql	92
llx_product	核心/系统	64	stock	real	real	YES		N	N				DENORMALIZED FIELD. Current physical stock.	字段 stock；源码注释：DENORMALIZED FIELD. Current physical stock.	htdocs/install/mysql/tables/llx_product.sql	93
llx_product	核心/系统	65	pmp	double(24,8)	double	NO	0	N	N				To store valuation of stock calculated using average price method, for this product	字段 pmp；源码注释：To store valuation of stock calculated using average price method, for this product	htdocs/install/mysql/tables/llx_product.sql	94
llx_product	核心/系统	66	fifo	double(24,8)	double	YES		N	N				To store valuation of stock calculated using fifo method, for this product. TODO Not used, should be replaced by stock value stored into movement table.	字段 fifo；源码注释：To store valuation of stock calculated using fifo method, for this product. TODO Not used, should be replaced by stock value stored into movement table.	htdocs/install/mysql/tables/llx_product.sql	95
llx_product	核心/系统	67	lifo	double(24,8)	double	YES		N	N				To store valuation of stock calculated using lifo method, for this product. TODO Not used, should be replaced by stock value stored into movement table.	字段 lifo；源码注释：To store valuation of stock calculated using lifo method, for this product. TODO Not used, should be replaced by stock value stored into movement table.	htdocs/install/mysql/tables/llx_product.sql	96
llx_product	核心/系统	68	fk_default_warehouse	integer	integer	YES	NULL	N	N					外部关联 ID（具体目标以外键或业务代码为准）（基于字段名推断）	htdocs/install/mysql/tables/llx_product.sql	97
llx_product	核心/系统	69	fk_default_bom	integer	integer	YES	NULL	N	N					外部关联 ID（具体目标以外键或业务代码为准）（基于字段名推断）	htdocs/install/mysql/tables/llx_product.sql	98
llx_product	核心/系统	70	fk_default_workstation	integer	integer	YES	NULL	N	N					外部关联 ID（具体目标以外键或业务代码为准）（基于字段名推断）	htdocs/install/mysql/tables/llx_product.sql	99
llx_product	核心/系统	71	canvas	varchar(32)	varchar	YES	NULL	N	N					字段 canvas（基于字段名推断）	htdocs/install/mysql/tables/llx_product.sql	100
llx_product	核心/系统	72	finished	tinyint	tinyint	YES	NULL	N	N			llx_c_product_nature.code	see dictionary c_product_nature	字段 finished；源码注释：see dictionary c_product_nature	htdocs/install/mysql/tables/llx_product.sql	101
llx_product	核心/系统	73	lifetime	integer	integer	YES	NULL	N	N					日期/时间字段（基于字段名推断）	htdocs/install/mysql/tables/llx_product.sql	102
llx_product	核心/系统	74	qc_frequency	integer	integer	YES	NULL	N	N				Quality control periodicity	字段 qc_frequency；源码注释：Quality control periodicity	htdocs/install/mysql/tables/llx_product.sql	103
llx_product	核心/系统	75	hidden	tinyint	tinyint	YES	0	N	N				Not used. Deprecated.	字段 hidden；源码注释：Not used. Deprecated.	htdocs/install/mysql/tables/llx_product.sql	104
llx_product	核心/系统	76	import_key	varchar(14)	varchar	YES		N	N	idx_product_import_key			Import key	导入批次/外部导入键；源码注释：Import key	htdocs/install/mysql/tables/llx_product.sql	105
llx_product	核心/系统	77	model_pdf	varchar(255)	varchar	YES		N	N				model save document used	字段 model_pdf；源码注释：model save document used	htdocs/install/mysql/tables/llx_product.sql	106
llx_product	核心/系统	78	fk_price_expression	integer	integer	YES		N	N				Link to the rule for dynamic price calculation	外部关联 ID（具体目标以外键或业务代码为准）；源码注释：Link to the rule for dynamic price calculation	htdocs/install/mysql/tables/llx_product.sql	107
llx_product	核心/系统	79	desiredstock	float	float	YES	0	N	N					字段 desiredstock（基于字段名推断）	htdocs/install/mysql/tables/llx_product.sql	108
llx_product	核心/系统	80	fk_unit	integer	integer	YES	NULL	N	N			llx_c_units.rowid		外部关联 ID（具体目标以外键或业务代码为准）（基于字段名推断）	htdocs/install/mysql/tables/llx_product.sql	109
llx_product	核心/系统	81	price_autogen	tinyint	tinyint	YES	0	N	N					金额、价格或税费字段（基于字段名推断）	htdocs/install/mysql/tables/llx_product.sql	110
llx_product	核心/系统	82	fk_project	integer	integer	YES	NULL	N	N	idx_product_fk_project			Used when product was generated by a project or is specific to a project	关联项目 ID；源码注释：Used when product was generated by a project or is specific to a project	htdocs/install/mysql/tables/llx_product.sql	111
llx_product	核心/系统	83	mandatory_period	tinyint	tinyint	YES	0	N	N				is used to signal to the user that the start and end dates are mandatory for this type of product the fk_product_type == 1 (service) (non-blocking action)	字段 mandatory_period；源码注释：is used to signal to the user that the start and end dates are mandatory for this type of product the fk_product_type == 1 (service) (non-blocking action)	htdocs/install/mysql/tables/llx_product.sql	112
llx_product	核心/系统	84	last_main_doc	varchar(255)	varchar	YES		N	N					字段 last_main_doc（基于字段名推断）	htdocs/install/mysql/tables/llx_product.sql	113
llx_product	核心/系统	85	packaging	float(24,8)	float	YES	NULL	N	N					字段 packaging（基于字段名推断）	htdocs/install/mysql/tables/llx_product.sql	114
llx_product_association	产品与服务	1	rowid	integer	integer	NO		Y	Y	PRIMARY	PRIMARY			主键行标识；通常为自增整数	htdocs/install/mysql/tables/llx_product_association.sql	22
llx_product_association	产品与服务	2	fk_product_pere	integer	integer	NO	0	N	N	uk_product_association	uk_product_association		id du produit maitre	外部关联 ID（具体目标以外键或业务代码为准）；源码注释：id du produit maitre	htdocs/install/mysql/tables/llx_product_association.sql	23
llx_product_association	产品与服务	3	fk_product_fils	integer	integer	NO	0	N	N	uk_product_association, idx_product_association_fils	uk_product_association		id du sous-produit	外部关联 ID（具体目标以外键或业务代码为准）；源码注释：id du sous-produit	htdocs/install/mysql/tables/llx_product_association.sql	24
llx_product_association	产品与服务	4	qty	double	double	YES		N	N					数量	htdocs/install/mysql/tables/llx_product_association.sql	25
llx_product_association	产品与服务	5	incdec	integer	integer	YES	1	N	N				when set to 1 changing stock of product will change stock of linked product too	字段 incdec；源码注释：when set to 1 changing stock of product will change stock of linked product too	htdocs/install/mysql/tables/llx_product_association.sql	26
llx_product_association	产品与服务	6	rang	integer	integer	YES	0	N	N					字段 rang（基于字段名推断）	htdocs/install/mysql/tables/llx_product_association.sql	27
llx_product_association	产品与服务	7	import_key	varchar(14)	varchar	YES	NULL	N	N					导入批次/外部导入键	htdocs/install/mysql/tables/llx_product_association.sql	28
llx_product_attribute	产品变体	1	rowid	INTEGER	integer	NO		Y	Y	PRIMARY	PRIMARY			主键行标识；通常为自增整数	htdocs/install/mysql/tables/llx_product_attribute-variants.sql	24
llx_product_attribute	产品变体	2	ref	VARCHAR(255)	varchar	NO		N	N	uk_product_attribute_ref	uk_product_attribute_ref			业务参考号/单号	htdocs/install/mysql/tables/llx_product_attribute-variants.sql	25
llx_product_attribute	产品变体	3	ref_ext	VARCHAR(255)	varchar	YES		N	N					代码/参考号字段（基于字段名推断）	htdocs/install/mysql/tables/llx_product_attribute-variants.sql	26
llx_product_attribute	产品变体	4	label	VARCHAR(255)	varchar	NO		N	N					名称或标签	htdocs/install/mysql/tables/llx_product_attribute-variants.sql	27
llx_product_attribute	产品变体	5	position	INTEGER	integer	NO	0	N	N					字段 position（基于字段名推断）	htdocs/install/mysql/tables/llx_product_attribute-variants.sql	28
llx_product_attribute	产品变体	6	entity	INTEGER	integer	NO	1	N	N	idx_product_attribute_entity				多实体/多公司隔离标识	htdocs/install/mysql/tables/llx_product_attribute-variants.sql	29
llx_product_attribute_combination	产品变体	1	rowid	INTEGER	integer	NO		Y	Y	PRIMARY	PRIMARY			主键行标识；通常为自增整数	htdocs/install/mysql/tables/llx_product_attribute_combination-variants.sql	23
llx_product_attribute_combination	产品变体	2	fk_product_parent	INTEGER	integer	NO		N	N	idx_product_att_com_product_parent			id of product id that is parent product	外部关联 ID（具体目标以外键或业务代码为准）；源码注释：id of product id that is parent product	htdocs/install/mysql/tables/llx_product_attribute_combination-variants.sql	24
llx_product_attribute_combination	产品变体	3	fk_product_child	INTEGER	integer	NO		N	N	idx_product_att_com_product_child			id of product id that is variant (child) product	外部关联 ID（具体目标以外键或业务代码为准）；源码注释：id of product id that is variant (child) product	htdocs/install/mysql/tables/llx_product_attribute_combination-variants.sql	25
llx_product_attribute_combination	产品变体	4	variation_price	DOUBLE(24,8)	double	NO		N	N					金额、价格或税费字段（基于字段名推断）	htdocs/install/mysql/tables/llx_product_attribute_combination-variants.sql	26
llx_product_attribute_combination	产品变体	5	variation_price_percentage	INTEGER	integer	YES		N	N					金额、价格或税费字段（基于字段名推断）	htdocs/install/mysql/tables/llx_product_attribute_combination-variants.sql	27
llx_product_attribute_combination	产品变体	6	variation_weight	REAL	real	NO		N	N					字段 variation_weight（基于字段名推断）	htdocs/install/mysql/tables/llx_product_attribute_combination-variants.sql	28
llx_product_attribute_combination	产品变体	7	variation_ref_ext	VARCHAR(255)	varchar	YES		N	N					字段 variation_ref_ext（基于字段名推断）	htdocs/install/mysql/tables/llx_product_attribute_combination-variants.sql	29
llx_product_attribute_combination	产品变体	8	entity	INTEGER	integer	NO	1	N	N					多实体/多公司隔离标识	htdocs/install/mysql/tables/llx_product_attribute_combination-variants.sql	30
llx_product_attribute_combination_price_level	产品变体	1	rowid	INTEGER	integer	NO		Y	Y	PRIMARY	PRIMARY			主键行标识；通常为自增整数	htdocs/install/mysql/tables/llx_product_attribute_combination_price_level-variants.sql	21
llx_product_attribute_combination_price_level	产品变体	2	fk_product_attribute_combination	INTEGER	integer	NO	1	N	N	uk_prod_att_comb_price_level	uk_prod_att_comb_price_level			外部关联 ID（具体目标以外键或业务代码为准）（基于字段名推断）	htdocs/install/mysql/tables/llx_product_attribute_combination_price_level-variants.sql	22
llx_product_attribute_combination_price_level	产品变体	3	fk_price_level	INTEGER	integer	NO	1	N	N	uk_prod_att_comb_price_level	uk_prod_att_comb_price_level			外部关联 ID（具体目标以外键或业务代码为准）（基于字段名推断）	htdocs/install/mysql/tables/llx_product_attribute_combination_price_level-variants.sql	23
llx_product_attribute_combination_price_level	产品变体	4	variation_price	DOUBLE(24,8)	double	NO		N	N					金额、价格或税费字段（基于字段名推断）	htdocs/install/mysql/tables/llx_product_attribute_combination_price_level-variants.sql	24
llx_product_attribute_combination_price_level	产品变体	5	variation_price_percentage	INTEGER	integer	YES		N	N					金额、价格或税费字段（基于字段名推断）	htdocs/install/mysql/tables/llx_product_attribute_combination_price_level-variants.sql	25
llx_product_attribute_combination2val	产品变体	1	rowid	INT	int	NO		Y	Y	PRIMARY	PRIMARY			主键行标识；通常为自增整数	htdocs/install/mysql/tables/llx_product_attribute_combination2val-variants.sql	21
llx_product_attribute_combination2val	产品变体	2	fk_prod_combination	INT	int	NO		N	N	idx_product_att_com2v_prod_combination				外部关联 ID（具体目标以外键或业务代码为准）（基于字段名推断）	htdocs/install/mysql/tables/llx_product_attribute_combination2val-variants.sql	22
llx_product_attribute_combination2val	产品变体	3	fk_prod_attr	INT	int	NO		N	N	idx_product_att_com2v_prod_attr				外部关联 ID（具体目标以外键或业务代码为准）（基于字段名推断）	htdocs/install/mysql/tables/llx_product_attribute_combination2val-variants.sql	23
llx_product_attribute_combination2val	产品变体	4	fk_prod_attr_val	INT	int	NO		N	N	idx_product_att_com2v_prod_attr_val				外部关联 ID（具体目标以外键或业务代码为准）（基于字段名推断）	htdocs/install/mysql/tables/llx_product_attribute_combination2val-variants.sql	24
llx_product_attribute_extrafields	产品变体	1	rowid	integer	integer	NO		Y	Y	PRIMARY	PRIMARY			主键行标识；通常为自增整数	htdocs/install/mysql/tables/llx_product_attribute_extrafields-variants.sql	20
llx_product_attribute_extrafields	产品变体	2	tms	timestamp	timestamp	YES	CURRENT_TIMESTAMP	N	N					最后修改时间戳	htdocs/install/mysql/tables/llx_product_attribute_extrafields-variants.sql	21
llx_product_attribute_extrafields	产品变体	3	fk_object	integer	integer	NO		N	N	idx_product_attribute_extrafields				外部关联 ID（具体目标以外键或业务代码为准）（基于字段名推断）	htdocs/install/mysql/tables/llx_product_attribute_extrafields-variants.sql	22
llx_product_attribute_extrafields	产品变体	4	import_key	varchar(14)	varchar	YES		N	N				import key	导入批次/外部导入键；源码注释：import key	htdocs/install/mysql/tables/llx_product_attribute_extrafields-variants.sql	23
llx_product_attribute_value	产品变体	1	rowid	INTEGER	integer	NO		Y	Y	PRIMARY	PRIMARY			主键行标识；通常为自增整数	htdocs/install/mysql/tables/llx_product_attribute_value-variants.sql	24
llx_product_attribute_value	产品变体	2	fk_product_attribute	INTEGER	integer	NO		N	N	uk_product_attribute_value	uk_product_attribute_value			外部关联 ID（具体目标以外键或业务代码为准）（基于字段名推断）	htdocs/install/mysql/tables/llx_product_attribute_value-variants.sql	25
llx_product_attribute_value	产品变体	3	ref	VARCHAR(180)	varchar	NO		N	N	uk_product_attribute_value	uk_product_attribute_value			业务参考号/单号	htdocs/install/mysql/tables/llx_product_attribute_value-variants.sql	26
llx_product_attribute_value	产品变体	4	value	VARCHAR(255)	varchar	NO		N	N					字段 value（基于字段名推断）	htdocs/install/mysql/tables/llx_product_attribute_value-variants.sql	27
llx_product_attribute_value	产品变体	5	entity	INTEGER	integer	NO	1	N	N					多实体/多公司隔离标识	htdocs/install/mysql/tables/llx_product_attribute_value-variants.sql	28
llx_product_attribute_value	产品变体	6	position	INTEGER	integer	NO	0	N	N					字段 position（基于字段名推断）	htdocs/install/mysql/tables/llx_product_attribute_value-variants.sql	29
llx_product_attribute_value_extrafields	产品变体	1	rowid	integer	integer	NO		Y	Y	PRIMARY	PRIMARY			主键行标识；通常为自增整数	htdocs/install/mysql/tables/llx_product_attribute_value_extrafields-variants.sql	20
llx_product_attribute_value_extrafields	产品变体	2	tms	timestamp	timestamp	YES	CURRENT_TIMESTAMP	N	N					最后修改时间戳	htdocs/install/mysql/tables/llx_product_attribute_value_extrafields-variants.sql	21
llx_product_attribute_value_extrafields	产品变体	3	fk_object	integer	integer	NO		N	N	idx_product_attribute_value_extrafields				外部关联 ID（具体目标以外键或业务代码为准）（基于字段名推断）	htdocs/install/mysql/tables/llx_product_attribute_value_extrafields-variants.sql	22
llx_product_attribute_value_extrafields	产品变体	4	import_key	varchar(14)	varchar	YES		N	N				import key	导入批次/外部导入键；源码注释：import key	htdocs/install/mysql/tables/llx_product_attribute_value_extrafields-variants.sql	23
llx_product_batch	产品与服务	1	rowid	integer	integer	NO		Y	Y	PRIMARY	PRIMARY			主键行标识；通常为自增整数	htdocs/install/mysql/tables/llx_product_batch.sql	22
llx_product_batch	产品与服务	2	tms	timestamp	timestamp	YES	CURRENT_TIMESTAMP	N	N					最后修改时间戳	htdocs/install/mysql/tables/llx_product_batch.sql	23
llx_product_batch	产品与服务	3	fk_product_stock	integer	integer	NO		N	N	idx_fk_product_stock, uk_product_batch	uk_product_batch	llx_product_stock.rowid		外部关联 ID（具体目标以外键或业务代码为准）（基于字段名推断）	htdocs/install/mysql/tables/llx_product_batch.sql	24
llx_product_batch	产品与服务	4	eatby	datetime	datetime	YES	NULL	N	N				deprecated. should not be used here but should be stored into a table llx_product_lot	字段 eatby；源码注释：deprecated. should not be used here but should be stored into a table llx_product_lot	htdocs/install/mysql/tables/llx_product_batch.sql	25
llx_product_batch	产品与服务	5	sellby	datetime	datetime	YES	NULL	N	N				deprecated. should not be used here but should be stored into a table llx_product_lot	字段 sellby；源码注释：deprecated. should not be used here but should be stored into a table llx_product_lot	htdocs/install/mysql/tables/llx_product_batch.sql	26
llx_product_batch	产品与服务	6	batch	varchar(128)	varchar	NO		N	N	idx_batch, uk_product_batch	uk_product_batch			字段 batch（基于字段名推断）	htdocs/install/mysql/tables/llx_product_batch.sql	27
llx_product_batch	产品与服务	7	qty	double	double	NO	0	N	N					数量	htdocs/install/mysql/tables/llx_product_batch.sql	28
llx_product_batch	产品与服务	8	import_key	varchar(14)	varchar	YES	NULL	N	N					导入批次/外部导入键	htdocs/install/mysql/tables/llx_product_batch.sql	29
llx_product_customer_price	产品与服务	1	rowid	integer	integer	NO		Y	Y	PRIMARY	PRIMARY			主键行标识；通常为自增整数	htdocs/install/mysql/tables/llx_product_customer_price.sql	25
llx_product_customer_price	产品与服务	2	entity	integer	integer	NO	1	N	N				multi company id	多实体/多公司隔离标识；源码注释：multi company id	htdocs/install/mysql/tables/llx_product_customer_price.sql	26
llx_product_customer_price	产品与服务	3	datec	datetime	datetime	YES		N	N					创建日期/时间	htdocs/install/mysql/tables/llx_product_customer_price.sql	27
llx_product_customer_price	产品与服务	4	tms	timestamp	timestamp	YES	CURRENT_TIMESTAMP	N	N					最后修改时间戳	htdocs/install/mysql/tables/llx_product_customer_price.sql	28
llx_product_customer_price	产品与服务	5	fk_product	integer	integer	NO		N	N	uk_customer_price_fk_product_fk_soc	uk_customer_price_fk_product_fk_soc	llx_product.rowid		关联产品/服务 ID	htdocs/install/mysql/tables/llx_product_customer_price.sql	29
llx_product_customer_price	产品与服务	6	fk_soc	integer	integer	NO		N	N	idx_product_customer_price_fk_soc, uk_customer_price_fk_product_fk_soc	uk_customer_price_fk_product_fk_soc	llx_societe.rowid		关联第三方企业 ID	htdocs/install/mysql/tables/llx_product_customer_price.sql	30
llx_product_customer_price	产品与服务	7	ref_customer	varchar(128)	varchar	YES		N	N					代码/参考号字段（基于字段名推断）	htdocs/install/mysql/tables/llx_product_customer_price.sql	31
llx_product_customer_price	产品与服务	8	date_begin	date	date	YES		N	N	uk_customer_price_fk_product_fk_soc	uk_customer_price_fk_product_fk_soc			日期/时间字段（基于字段名推断）	htdocs/install/mysql/tables/llx_product_customer_price.sql	32
llx_product_customer_price	产品与服务	9	date_end	date	date	YES		N	N					日期/时间字段（基于字段名推断）	htdocs/install/mysql/tables/llx_product_customer_price.sql	33
llx_product_customer_price	产品与服务	10	price	double(24,8)	double	YES	0	N	N					价格	htdocs/install/mysql/tables/llx_product_customer_price.sql	34
llx_product_customer_price	产品与服务	11	price_ttc	double(24,8)	double	YES	0	N	N					金额、价格或税费字段（基于字段名推断）	htdocs/install/mysql/tables/llx_product_customer_price.sql	35
llx_product_customer_price	产品与服务	12	price_min	double(24,8)	double	YES	0	N	N					金额、价格或税费字段（基于字段名推断）	htdocs/install/mysql/tables/llx_product_customer_price.sql	36
llx_product_customer_price	产品与服务	13	price_min_ttc	double(24,8)	double	YES	0	N	N					金额、价格或税费字段（基于字段名推断）	htdocs/install/mysql/tables/llx_product_customer_price.sql	37
llx_product_customer_price	产品与服务	14	price_base_type	varchar(3)	varchar	YES	'HT'	N	N					金额、价格或税费字段（基于字段名推断）	htdocs/install/mysql/tables/llx_product_customer_price.sql	38
llx_product_customer_price	产品与服务	15	default_vat_code	varchar(10)	varchar	YES		N	N				Same code than into table llx_c_tva (but no constraints). Should be used in priority to find default vat, npr, localtaxes for product.	代码/参考号字段；源码注释：Same code than into table llx_c_tva (but no constraints). Should be used in priority to find default vat, npr, localtaxes for product.	htdocs/install/mysql/tables/llx_product_customer_price.sql	39
llx_product_customer_price	产品与服务	16	tva_tx	double(7,4)	double	YES		N	N					字段 tva_tx（基于字段名推断）	htdocs/install/mysql/tables/llx_product_customer_price.sql	40
llx_product_customer_price	产品与服务	17	recuperableonly	integer	integer	NO	'0'	N	N				Other NPR VAT	字段 recuperableonly；源码注释：Other NPR VAT	htdocs/install/mysql/tables/llx_product_customer_price.sql	41
llx_product_customer_price	产品与服务	18	localtax1_tx	varchar(20)	varchar	YES	'0'	N	N				Other local VAT 1	金额、价格或税费字段；源码注释：Other local VAT 1	htdocs/install/mysql/tables/llx_product_customer_price.sql	42
llx_product_customer_price	产品与服务	19	localtax1_type	varchar(10)	varchar	NO	'0'	N	N					金额、价格或税费字段（基于字段名推断）	htdocs/install/mysql/tables/llx_product_customer_price.sql	43
llx_product_customer_price	产品与服务	20	localtax2_tx	varchar(20)	varchar	YES	'0'	N	N				Other local VAT 2	金额、价格或税费字段；源码注释：Other local VAT 2	htdocs/install/mysql/tables/llx_product_customer_price.sql	44
llx_product_customer_price	产品与服务	21	localtax2_type	varchar(10)	varchar	NO	'0'	N	N					金额、价格或税费字段（基于字段名推断）	htdocs/install/mysql/tables/llx_product_customer_price.sql	45
llx_product_customer_price	产品与服务	22	discount_percent	real	real	YES	0	N	N					比例/百分比字段（基于字段名推断）	htdocs/install/mysql/tables/llx_product_customer_price.sql	46
llx_product_customer_price	产品与服务	23	fk_user	integer	integer	YES		N	N	idx_product_customer_price_fk_user		llx_user.rowid		外部关联 ID（具体目标以外键或业务代码为准）（基于字段名推断）	htdocs/install/mysql/tables/llx_product_customer_price.sql	47
llx_product_customer_price	产品与服务	24	price_label	varchar(255)	varchar	YES		N	N					金额、价格或税费字段（基于字段名推断）	htdocs/install/mysql/tables/llx_product_customer_price.sql	48
llx_product_customer_price	产品与服务	25	import_key	varchar(14)	varchar	YES		N	N				Import key	导入批次/外部导入键；源码注释：Import key	htdocs/install/mysql/tables/llx_product_customer_price.sql	49
llx_product_customer_price_extrafields	产品与服务	1	rowid	integer	integer	NO		Y	Y	PRIMARY	PRIMARY			主键行标识；通常为自增整数	htdocs/install/mysql/tables/llx_product_customer_price_extrafields.sql	21
llx_product_customer_price_extrafields	产品与服务	2	tms	timestamp	timestamp	YES	CURRENT_TIMESTAMP	N	N					最后修改时间戳	htdocs/install/mysql/tables/llx_product_customer_price_extrafields.sql	22
llx_product_customer_price_extrafields	产品与服务	3	fk_object	integer	integer	NO		N	N	uk_product_customer_price_extrafields	uk_product_customer_price_extrafields			外部关联 ID（具体目标以外键或业务代码为准）（基于字段名推断）	htdocs/install/mysql/tables/llx_product_customer_price_extrafields.sql	23
llx_product_customer_price_extrafields	产品与服务	4	import_key	varchar(14)	varchar	YES		N	N				import key	导入批次/外部导入键；源码注释：import key	htdocs/install/mysql/tables/llx_product_customer_price_extrafields.sql	24
llx_product_customer_price_log	产品与服务	1	rowid	integer	integer	NO		Y	Y	PRIMARY	PRIMARY			主键行标识；通常为自增整数	htdocs/install/mysql/tables/llx_product_customer_price_log.sql	25
llx_product_customer_price_log	产品与服务	2	entity	integer	integer	NO	1	N	N				multi company id	多实体/多公司隔离标识；源码注释：multi company id	htdocs/install/mysql/tables/llx_product_customer_price_log.sql	26
llx_product_customer_price_log	产品与服务	3	datec	datetime	datetime	YES		N	N					创建日期/时间	htdocs/install/mysql/tables/llx_product_customer_price_log.sql	27
llx_product_customer_price_log	产品与服务	4	fk_product	integer	integer	NO		N	N					关联产品/服务 ID	htdocs/install/mysql/tables/llx_product_customer_price_log.sql	28
llx_product_customer_price_log	产品与服务	5	fk_soc	integer	integer	NO	0	N	N					关联第三方企业 ID	htdocs/install/mysql/tables/llx_product_customer_price_log.sql	29
llx_product_customer_price_log	产品与服务	6	ref_customer	varchar(30)	varchar	YES		N	N					代码/参考号字段（基于字段名推断）	htdocs/install/mysql/tables/llx_product_customer_price_log.sql	30
llx_product_customer_price_log	产品与服务	7	date_begin	date	date	YES		N	N					日期/时间字段（基于字段名推断）	htdocs/install/mysql/tables/llx_product_customer_price_log.sql	31
llx_product_customer_price_log	产品与服务	8	date_end	date	date	YES		N	N					日期/时间字段（基于字段名推断）	htdocs/install/mysql/tables/llx_product_customer_price_log.sql	32
llx_product_customer_price_log	产品与服务	9	price	double(24,8)	double	YES	0	N	N					价格	htdocs/install/mysql/tables/llx_product_customer_price_log.sql	33
llx_product_customer_price_log	产品与服务	10	price_ttc	double(24,8)	double	YES	0	N	N					金额、价格或税费字段（基于字段名推断）	htdocs/install/mysql/tables/llx_product_customer_price_log.sql	34
llx_product_customer_price_log	产品与服务	11	price_min	double(24,8)	double	YES	0	N	N					金额、价格或税费字段（基于字段名推断）	htdocs/install/mysql/tables/llx_product_customer_price_log.sql	35
llx_product_customer_price_log	产品与服务	12	price_min_ttc	double(24,8)	double	YES	0	N	N					金额、价格或税费字段（基于字段名推断）	htdocs/install/mysql/tables/llx_product_customer_price_log.sql	36
llx_product_customer_price_log	产品与服务	13	price_base_type	varchar(3)	varchar	YES	'HT'	N	N					金额、价格或税费字段（基于字段名推断）	htdocs/install/mysql/tables/llx_product_customer_price_log.sql	37
llx_product_customer_price_log	产品与服务	14	default_vat_code	varchar(10)	varchar	YES		N	N				Same code than into table llx_c_tva (but no constraints). Should be used in priority to find default vat, npr, localtaxes for product.	代码/参考号字段；源码注释：Same code than into table llx_c_tva (but no constraints). Should be used in priority to find default vat, npr, localtaxes for product.	htdocs/install/mysql/tables/llx_product_customer_price_log.sql	38
llx_product_customer_price_log	产品与服务	15	tva_tx	double(7,4)	double	YES		N	N					字段 tva_tx（基于字段名推断）	htdocs/install/mysql/tables/llx_product_customer_price_log.sql	39
llx_product_customer_price_log	产品与服务	16	recuperableonly	integer	integer	NO	'0'	N	N				Other NPR VAT	字段 recuperableonly；源码注释：Other NPR VAT	htdocs/install/mysql/tables/llx_product_customer_price_log.sql	40
llx_product_customer_price_log	产品与服务	17	localtax1_tx	varchar(20)	varchar	YES	'0'	N	N				Other local VAT 1	金额、价格或税费字段；源码注释：Other local VAT 1	htdocs/install/mysql/tables/llx_product_customer_price_log.sql	41
llx_product_customer_price_log	产品与服务	18	localtax1_type	varchar(10)	varchar	NO	'0'	N	N					金额、价格或税费字段（基于字段名推断）	htdocs/install/mysql/tables/llx_product_customer_price_log.sql	42
llx_product_customer_price_log	产品与服务	19	localtax2_tx	varchar(20)	varchar	YES	'0'	N	N				Other local VAT 2	金额、价格或税费字段；源码注释：Other local VAT 2	htdocs/install/mysql/tables/llx_product_customer_price_log.sql	43
llx_product_customer_price_log	产品与服务	20	localtax2_type	varchar(10)	varchar	NO	'0'	N	N					金额、价格或税费字段（基于字段名推断）	htdocs/install/mysql/tables/llx_product_customer_price_log.sql	44
llx_product_customer_price_log	产品与服务	21	discount_percent	real	real	YES	0	N	N					比例/百分比字段（基于字段名推断）	htdocs/install/mysql/tables/llx_product_customer_price_log.sql	45
llx_product_customer_price_log	产品与服务	22	fk_user	integer	integer	YES		N	N					外部关联 ID（具体目标以外键或业务代码为准）（基于字段名推断）	htdocs/install/mysql/tables/llx_product_customer_price_log.sql	46
llx_product_customer_price_log	产品与服务	23	price_label	varchar(255)	varchar	YES		N	N					金额、价格或税费字段（基于字段名推断）	htdocs/install/mysql/tables/llx_product_customer_price_log.sql	47
llx_product_customer_price_log	产品与服务	24	import_key	varchar(14)	varchar	YES		N	N				Import key	导入批次/外部导入键；源码注释：Import key	htdocs/install/mysql/tables/llx_product_customer_price_log.sql	48
llx_product_extrafields	产品与服务	1	rowid	integer	integer	NO		Y	Y	PRIMARY	PRIMARY			主键行标识；通常为自增整数	htdocs/install/mysql/tables/llx_product_extrafields.sql	21
llx_product_extrafields	产品与服务	2	tms	timestamp	timestamp	YES	CURRENT_TIMESTAMP	N	N					最后修改时间戳	htdocs/install/mysql/tables/llx_product_extrafields.sql	22
llx_product_extrafields	产品与服务	3	fk_object	integer	integer	NO		N	N	uk_product_extrafields	uk_product_extrafields			外部关联 ID（具体目标以外键或业务代码为准）（基于字段名推断）	htdocs/install/mysql/tables/llx_product_extrafields.sql	23
llx_product_extrafields	产品与服务	4	import_key	varchar(14)	varchar	YES		N	N				import key	导入批次/外部导入键；源码注释：import key	htdocs/install/mysql/tables/llx_product_extrafields.sql	24
llx_product_fournisseur_price	产品与服务	1	rowid	integer	integer	NO		Y	Y	PRIMARY	PRIMARY			主键行标识；通常为自增整数	htdocs/install/mysql/tables/llx_product_fournisseur_price.sql	24
llx_product_fournisseur_price	产品与服务	2	entity	integer	integer	NO	1	N	N	uk_product_fournisseur_price_ref, idx_product_fourn_price_fk_product, idx_product_fourn_price_fk_soc, uk_product_barcode	uk_product_fournisseur_price_ref, uk_product_barcode		multi company id	多实体/多公司隔离标识；源码注释：multi company id	htdocs/install/mysql/tables/llx_product_fournisseur_price.sql	25
llx_product_fournisseur_price	产品与服务	3	datec	datetime	datetime	YES		N	N					创建日期/时间	htdocs/install/mysql/tables/llx_product_fournisseur_price.sql	26
llx_product_fournisseur_price	产品与服务	4	tms	timestamp	timestamp	YES	CURRENT_TIMESTAMP	N	N					最后修改时间戳	htdocs/install/mysql/tables/llx_product_fournisseur_price.sql	27
llx_product_fournisseur_price	产品与服务	5	fk_product	integer	integer	YES		N	N	idx_product_fourn_price_fk_product		llx_product.rowid		关联产品/服务 ID	htdocs/install/mysql/tables/llx_product_fournisseur_price.sql	28
llx_product_fournisseur_price	产品与服务	6	fk_soc	integer	integer	YES		N	N	uk_product_fournisseur_price_ref, idx_product_fourn_price_fk_soc	uk_product_fournisseur_price_ref			关联第三方企业 ID	htdocs/install/mysql/tables/llx_product_fournisseur_price.sql	29
llx_product_fournisseur_price	产品与服务	7	ref_fourn	varchar(128)	varchar	YES		N	N	uk_product_fournisseur_price_ref	uk_product_fournisseur_price_ref			代码/参考号字段（基于字段名推断）	htdocs/install/mysql/tables/llx_product_fournisseur_price.sql	30
llx_product_fournisseur_price	产品与服务	8	desc_fourn	text	text	YES		N	N					字段 desc_fourn（基于字段名推断）	htdocs/install/mysql/tables/llx_product_fournisseur_price.sql	31
llx_product_fournisseur_price	产品与服务	9	fk_availability	integer	integer	YES		N	N					外部关联 ID（具体目标以外键或业务代码为准）（基于字段名推断）	htdocs/install/mysql/tables/llx_product_fournisseur_price.sql	32
llx_product_fournisseur_price	产品与服务	10	price	double(24,8)	double	YES	0	N	N				price without tax for quantity	价格；源码注释：price without tax for quantity	htdocs/install/mysql/tables/llx_product_fournisseur_price.sql	33
llx_product_fournisseur_price	产品与服务	11	quantity	double	double	YES		N	N	uk_product_fournisseur_price_ref	uk_product_fournisseur_price_ref			字段 quantity（基于字段名推断）	htdocs/install/mysql/tables/llx_product_fournisseur_price.sql	34
llx_product_fournisseur_price	产品与服务	12	remise_percent	double	double	NO	0	N	N					比例/百分比字段（基于字段名推断）	htdocs/install/mysql/tables/llx_product_fournisseur_price.sql	35
llx_product_fournisseur_price	产品与服务	13	remise	double	double	NO	0	N	N					字段 remise（基于字段名推断）	htdocs/install/mysql/tables/llx_product_fournisseur_price.sql	36
llx_product_fournisseur_price	产品与服务	14	unitprice	double(24,8)	double	YES	0	N	N				unit price without tax (discount not taken into account, so rounding of price/quantity)	金额、价格或税费字段；源码注释：unit price without tax (discount not taken into account, so rounding of price/quantity)	htdocs/install/mysql/tables/llx_product_fournisseur_price.sql	37
llx_product_fournisseur_price	产品与服务	15	charges	double(24,8)	double	YES	0	N	N				to store transport cost. Constant PRODUCT_CHARGES must be set to see it.	字段 charges；源码注释：to store transport cost. Constant PRODUCT_CHARGES must be set to see it.	htdocs/install/mysql/tables/llx_product_fournisseur_price.sql	38
llx_product_fournisseur_price	产品与服务	16	default_vat_code	varchar(10)	varchar	YES		N	N					代码/参考号字段（基于字段名推断）	htdocs/install/mysql/tables/llx_product_fournisseur_price.sql	39
llx_product_fournisseur_price	产品与服务	17	barcode	varchar(180)	varchar	YES	NULL	N	N	idx_product_barcode, uk_product_barcode	uk_product_barcode		barcode	代码/参考号字段；源码注释：barcode	htdocs/install/mysql/tables/llx_product_fournisseur_price.sql	40
llx_product_fournisseur_price	产品与服务	18	fk_barcode_type	integer	integer	YES	NULL	N	N	idx_product_fk_barcode_type, uk_product_barcode	uk_product_barcode	llx_c_barcode_type.rowid	barcode type	外部关联 ID（具体目标以外键或业务代码为准）；源码注释：barcode type	htdocs/install/mysql/tables/llx_product_fournisseur_price.sql	41
llx_product_fournisseur_price	产品与服务	19	tva_tx	double(7,4)	double	NO		N	N					字段 tva_tx（基于字段名推断）	htdocs/install/mysql/tables/llx_product_fournisseur_price.sql	42
llx_product_fournisseur_price	产品与服务	20	localtax1_tx	double(7,4)	double	YES	0	N	N					金额、价格或税费字段（基于字段名推断）	htdocs/install/mysql/tables/llx_product_fournisseur_price.sql	43
llx_product_fournisseur_price	产品与服务	21	localtax1_type	varchar(10)	varchar	NO	'0'	N	N					金额、价格或税费字段（基于字段名推断）	htdocs/install/mysql/tables/llx_product_fournisseur_price.sql	44
llx_product_fournisseur_price	产品与服务	22	localtax2_tx	double(7,4)	double	YES	0	N	N					金额、价格或税费字段（基于字段名推断）	htdocs/install/mysql/tables/llx_product_fournisseur_price.sql	45
llx_product_fournisseur_price	产品与服务	23	localtax2_type	varchar(10)	varchar	NO	'0'	N	N					金额、价格或税费字段（基于字段名推断）	htdocs/install/mysql/tables/llx_product_fournisseur_price.sql	46
llx_product_fournisseur_price	产品与服务	24	info_bits	integer	integer	NO	0	N	N					字段 info_bits（基于字段名推断）	htdocs/install/mysql/tables/llx_product_fournisseur_price.sql	47
llx_product_fournisseur_price	产品与服务	25	fk_user	integer	integer	YES		N	N	idx_product_fournisseur_price_fk_user		llx_user.rowid		外部关联 ID（具体目标以外键或业务代码为准）（基于字段名推断）	htdocs/install/mysql/tables/llx_product_fournisseur_price.sql	48
llx_product_fournisseur_price	产品与服务	26	fk_supplier_price_expression	integer	integer	YES		N	N				Link to the rule for dynamic price calculation	外部关联 ID（具体目标以外键或业务代码为准）；源码注释：Link to the rule for dynamic price calculation	htdocs/install/mysql/tables/llx_product_fournisseur_price.sql	49
llx_product_fournisseur_price	产品与服务	27	delivery_time_days	integer	integer	YES		N	N					字段 delivery_time_days（基于字段名推断）	htdocs/install/mysql/tables/llx_product_fournisseur_price.sql	50
llx_product_fournisseur_price	产品与服务	28	supplier_reputation	varchar(10)	varchar	YES		N	N					字段 supplier_reputation（基于字段名推断）	htdocs/install/mysql/tables/llx_product_fournisseur_price.sql	51
llx_product_fournisseur_price	产品与服务	29	packaging	real	real	YES	NULL	N	N				qty bought will be a multiple of this value	字段 packaging；源码注释：qty bought will be a multiple of this value	htdocs/install/mysql/tables/llx_product_fournisseur_price.sql	52
llx_product_fournisseur_price	产品与服务	30	fk_multicurrency	integer	integer	YES		N	N					外部关联 ID（具体目标以外键或业务代码为准）（基于字段名推断）	htdocs/install/mysql/tables/llx_product_fournisseur_price.sql	53
llx_product_fournisseur_price	产品与服务	31	multicurrency_code	varchar(3)	varchar	YES		N	N					代码/参考号字段（基于字段名推断）	htdocs/install/mysql/tables/llx_product_fournisseur_price.sql	54
llx_product_fournisseur_price	产品与服务	32	multicurrency_tx	double(24,8)	double	YES	1	N	N					字段 multicurrency_tx（基于字段名推断）	htdocs/install/mysql/tables/llx_product_fournisseur_price.sql	55
llx_product_fournisseur_price	产品与服务	33	multicurrency_unitprice	double(24,8)	double	YES	NULL	N	N				unit price without tax	金额、价格或税费字段；源码注释：unit price without tax	htdocs/install/mysql/tables/llx_product_fournisseur_price.sql	56
llx_product_fournisseur_price	产品与服务	34	multicurrency_price	double(24,8)	double	YES	NULL	N	N					金额、价格或税费字段（基于字段名推断）	htdocs/install/mysql/tables/llx_product_fournisseur_price.sql	57
llx_product_fournisseur_price	产品与服务	35	import_key	varchar(14)	varchar	YES		N	N				Import key	导入批次/外部导入键；源码注释：Import key	htdocs/install/mysql/tables/llx_product_fournisseur_price.sql	58
llx_product_fournisseur_price	产品与服务	36	status	integer	integer	YES	1	N	N					状态标识	htdocs/install/mysql/tables/llx_product_fournisseur_price.sql	59
llx_product_fournisseur_price_extrafields	产品与服务	1	rowid	integer	integer	NO		Y	Y	PRIMARY	PRIMARY			主键行标识；通常为自增整数	htdocs/install/mysql/tables/llx_product_fournisseur_price_extrafields.sql	20
llx_product_fournisseur_price_extrafields	产品与服务	2	tms	timestamp	timestamp	YES	CURRENT_TIMESTAMP	N	N					最后修改时间戳	htdocs/install/mysql/tables/llx_product_fournisseur_price_extrafields.sql	21
llx_product_fournisseur_price_extrafields	产品与服务	3	fk_object	integer	integer	NO		N	N	uk_product_fournisseur_price_extrafields	uk_product_fournisseur_price_extrafields			外部关联 ID（具体目标以外键或业务代码为准）（基于字段名推断）	htdocs/install/mysql/tables/llx_product_fournisseur_price_extrafields.sql	22
llx_product_fournisseur_price_extrafields	产品与服务	4	import_key	varchar(14)	varchar	YES		N	N				import key	导入批次/外部导入键；源码注释：import key	htdocs/install/mysql/tables/llx_product_fournisseur_price_extrafields.sql	23
llx_product_fournisseur_price_log	产品与服务	1	rowid	integer	integer	NO		Y	Y	PRIMARY	PRIMARY			主键行标识；通常为自增整数	htdocs/install/mysql/tables/llx_product_fournisseur_price_log.sql	22
llx_product_fournisseur_price_log	产品与服务	2	datec	datetime	datetime	YES		N	N					创建日期/时间	htdocs/install/mysql/tables/llx_product_fournisseur_price_log.sql	23
llx_product_fournisseur_price_log	产品与服务	3	fk_product_fournisseur	integer	integer	NO		N	N	idx_product_fournisseur_price_log_fk_product_fournisseur				外部关联 ID（具体目标以外键或业务代码为准）（基于字段名推断）	htdocs/install/mysql/tables/llx_product_fournisseur_price_log.sql	24
llx_product_fournisseur_price_log	产品与服务	4	price	double(24,8)	double	YES	0	N	N					价格	htdocs/install/mysql/tables/llx_product_fournisseur_price_log.sql	25
llx_product_fournisseur_price_log	产品与服务	5	quantity	double	double	YES		N	N					字段 quantity（基于字段名推断）	htdocs/install/mysql/tables/llx_product_fournisseur_price_log.sql	26
llx_product_fournisseur_price_log	产品与服务	6	fk_user	integer	integer	YES		N	N	idx_product_fournisseur_price_log_fk_user				外部关联 ID（具体目标以外键或业务代码为准）（基于字段名推断）	htdocs/install/mysql/tables/llx_product_fournisseur_price_log.sql	27
llx_product_fournisseur_price_log	产品与服务	7	fk_multicurrency	integer	integer	YES		N	N					外部关联 ID（具体目标以外键或业务代码为准）（基于字段名推断）	htdocs/install/mysql/tables/llx_product_fournisseur_price_log.sql	29
llx_product_fournisseur_price_log	产品与服务	8	multicurrency_code	varchar(3)	varchar	YES		N	N					代码/参考号字段（基于字段名推断）	htdocs/install/mysql/tables/llx_product_fournisseur_price_log.sql	30
llx_product_fournisseur_price_log	产品与服务	9	multicurrency_tx	double(24,8)	double	YES	1	N	N					字段 multicurrency_tx（基于字段名推断）	htdocs/install/mysql/tables/llx_product_fournisseur_price_log.sql	31
llx_product_fournisseur_price_log	产品与服务	10	multicurrency_unitprice	double(24,8)	double	YES	NULL	N	N				unit price without tax	金额、价格或税费字段；源码注释：unit price without tax	htdocs/install/mysql/tables/llx_product_fournisseur_price_log.sql	32
llx_product_fournisseur_price_log	产品与服务	11	multicurrency_price	double(24,8)	double	YES	NULL	N	N					金额、价格或税费字段（基于字段名推断）	htdocs/install/mysql/tables/llx_product_fournisseur_price_log.sql	33
llx_product_lang	产品与服务	1	rowid	integer	integer	NO		Y	Y	PRIMARY	PRIMARY			主键行标识；通常为自增整数	htdocs/install/mysql/tables/llx_product_lang.sql	23
llx_product_lang	产品与服务	2	fk_product	integer	integer	NO	0	N	N	uk_product_lang	uk_product_lang	llx_product.rowid		关联产品/服务 ID	htdocs/install/mysql/tables/llx_product_lang.sql	24
llx_product_lang	产品与服务	3	lang	varchar(5)	varchar	NO	0	N	N	uk_product_lang	uk_product_lang			字段 lang（基于字段名推断）	htdocs/install/mysql/tables/llx_product_lang.sql	25
llx_product_lang	产品与服务	4	label	varchar(255)	varchar	NO		N	N					名称或标签	htdocs/install/mysql/tables/llx_product_lang.sql	26
llx_product_lang	产品与服务	5	description	text	text	YES		N	N					描述	htdocs/install/mysql/tables/llx_product_lang.sql	27
llx_product_lang	产品与服务	6	note	mediumtext	mediumtext	YES		N	N					备注/说明字段（基于字段名推断）	htdocs/install/mysql/tables/llx_product_lang.sql	28
llx_product_lang	产品与服务	7	import_key	varchar(14)	varchar	YES	NULL	N	N					导入批次/外部导入键	htdocs/install/mysql/tables/llx_product_lang.sql	29
llx_product_lang_extrafields	产品与服务	1	rowid	integer	integer	NO		Y	Y	PRIMARY	PRIMARY			主键行标识；通常为自增整数	htdocs/install/mysql/tables/llx_product_lang_extrafields.sql	17
llx_product_lang_extrafields	产品与服务	2	tms	timestamp	timestamp	YES	CURRENT_TIMESTAMP	N	N					最后修改时间戳	htdocs/install/mysql/tables/llx_product_lang_extrafields.sql	18
llx_product_lang_extrafields	产品与服务	3	fk_object	integer	integer	NO		N	N	idx_product_lang_fk_object				外部关联 ID（具体目标以外键或业务代码为准）（基于字段名推断）	htdocs/install/mysql/tables/llx_product_lang_extrafields.sql	19
llx_product_lang_extrafields	产品与服务	4	import_key	varchar(14)	varchar	YES		N	N				import key	导入批次/外部导入键；源码注释：import key	htdocs/install/mysql/tables/llx_product_lang_extrafields.sql	20
llx_product_lot	产品与服务	1	rowid	integer	integer	NO		Y	Y	PRIMARY	PRIMARY			主键行标识；通常为自增整数	htdocs/install/mysql/tables/llx_product_lot.sql	21
llx_product_lot	产品与服务	2	entity	integer	integer	YES	1	N	N					多实体/多公司隔离标识	htdocs/install/mysql/tables/llx_product_lot.sql	22
llx_product_lot	产品与服务	3	fk_product	integer	integer	NO		N	N	uk_product_lot	uk_product_lot		Id of product	关联产品/服务 ID；源码注释：Id of product	htdocs/install/mysql/tables/llx_product_lot.sql	23
llx_product_lot	产品与服务	4	batch	varchar(128)	varchar	YES	NULL	N	N	uk_product_lot	uk_product_lot		Lot or serial number	字段 batch；源码注释：Lot or serial number	htdocs/install/mysql/tables/llx_product_lot.sql	24
llx_product_lot	产品与服务	5	note_public	text	text	YES	NULL	N	N					公开备注	htdocs/install/mysql/tables/llx_product_lot.sql	25
llx_product_lot	产品与服务	6	note_private	text	text	YES	NULL	N	N					内部备注	htdocs/install/mysql/tables/llx_product_lot.sql	26
llx_product_lot	产品与服务	7	eatby	date	date	YES	NULL	N	N				Eatby date	字段 eatby；源码注释：Eatby date	htdocs/install/mysql/tables/llx_product_lot.sql	27
llx_product_lot	产品与服务	8	sellby	date	date	YES	NULL	N	N				Sellby date	字段 sellby；源码注释：Sellby date	htdocs/install/mysql/tables/llx_product_lot.sql	28
llx_product_lot	产品与服务	9	eol_date	datetime	datetime	YES		N	N					日期/时间字段（基于字段名推断）	htdocs/install/mysql/tables/llx_product_lot.sql	29
llx_product_lot	产品与服务	10	manufacturing_date	datetime	datetime	YES		N	N				date for first use of the lot	日期/时间字段；源码注释：date for first use of the lot	htdocs/install/mysql/tables/llx_product_lot.sql	30
llx_product_lot	产品与服务	11	scrapping_date	datetime	datetime	YES		N	N				date when we decided to scrap all products of this lot	日期/时间字段；源码注释：date when we decided to scrap all products of this lot	htdocs/install/mysql/tables/llx_product_lot.sql	31
llx_product_lot	产品与服务	12	qc_frequency	integer	integer	YES	NULL	N	N					字段 qc_frequency（基于字段名推断）	htdocs/install/mysql/tables/llx_product_lot.sql	32
llx_product_lot	产品与服务	13	lifetime	integer	integer	YES	NULL	N	N					日期/时间字段（基于字段名推断）	htdocs/install/mysql/tables/llx_product_lot.sql	33
llx_product_lot	产品与服务	14	barcode	varchar(180)	varchar	YES	NULL	N	N				barcode	代码/参考号字段；源码注释：barcode	htdocs/install/mysql/tables/llx_product_lot.sql	34
llx_product_lot	产品与服务	15	fk_barcode_type	integer	integer	YES	NULL	N	N				barcode type	外部关联 ID（具体目标以外键或业务代码为准）；源码注释：barcode type	htdocs/install/mysql/tables/llx_product_lot.sql	35
llx_product_lot	产品与服务	16	model_pdf	varchar(255)	varchar	YES		N	N					字段 model_pdf（基于字段名推断）	htdocs/install/mysql/tables/llx_product_lot.sql	36
llx_product_lot	产品与服务	17	last_main_doc	varchar(255)	varchar	YES		N	N				relative filepath+filename of last main generated document	字段 last_main_doc；源码注释：relative filepath+filename of last main generated document	htdocs/install/mysql/tables/llx_product_lot.sql	37
llx_product_lot	产品与服务	18	datec	datetime	datetime	YES		N	N					创建日期/时间	htdocs/install/mysql/tables/llx_product_lot.sql	38
llx_product_lot	产品与服务	19	tms	timestamp	timestamp	YES	CURRENT_TIMESTAMP	N	N					最后修改时间戳	htdocs/install/mysql/tables/llx_product_lot.sql	39
llx_product_lot	产品与服务	20	fk_user_creat	integer	integer	YES		N	N					创建人用户 ID	htdocs/install/mysql/tables/llx_product_lot.sql	40
llx_product_lot	产品与服务	21	fk_user_modif	integer	integer	YES		N	N					最后修改人用户 ID	htdocs/install/mysql/tables/llx_product_lot.sql	41
llx_product_lot	产品与服务	22	import_key	integer	integer	YES		N	N					导入批次/外部导入键	htdocs/install/mysql/tables/llx_product_lot.sql	42
llx_product_lot_extrafields	产品与服务	1	rowid	integer	integer	NO		Y	Y	PRIMARY	PRIMARY			主键行标识；通常为自增整数	htdocs/install/mysql/tables/llx_product_lot_extrafields.sql	21
llx_product_lot_extrafields	产品与服务	2	tms	timestamp	timestamp	YES	CURRENT_TIMESTAMP	N	N					最后修改时间戳	htdocs/install/mysql/tables/llx_product_lot_extrafields.sql	22
llx_product_lot_extrafields	产品与服务	3	fk_object	integer	integer	NO		N	N	uk_product_lot_extrafields	uk_product_lot_extrafields			外部关联 ID（具体目标以外键或业务代码为准）（基于字段名推断）	htdocs/install/mysql/tables/llx_product_lot_extrafields.sql	23
llx_product_lot_extrafields	产品与服务	4	import_key	varchar(14)	varchar	YES		N	N				import key	导入批次/外部导入键；源码注释：import key	htdocs/install/mysql/tables/llx_product_lot_extrafields.sql	24
llx_product_perentity	产品与服务	1	rowid	integer	integer	NO		Y	Y	PRIMARY	PRIMARY			主键行标识；通常为自增整数	htdocs/install/mysql/tables/llx_product_perentity-multicompany.sql	21
llx_product_perentity	产品与服务	2	fk_product	integer	integer	YES		N	N	idx_product_perentity_fk_product, uk_product_perentity	uk_product_perentity			关联产品/服务 ID	htdocs/install/mysql/tables/llx_product_perentity-multicompany.sql	22
llx_product_perentity	产品与服务	3	entity	integer	integer	NO	1	N	N	uk_product_perentity	uk_product_perentity		multi company id	多实体/多公司隔离标识；源码注释：multi company id	htdocs/install/mysql/tables/llx_product_perentity-multicompany.sql	23
llx_product_perentity	产品与服务	4	accountancy_code_sell	varchar(32)	varchar	YES		N	N				Selling accountancy code	代码/参考号字段；源码注释：Selling accountancy code	htdocs/install/mysql/tables/llx_product_perentity-multicompany.sql	24
llx_product_perentity	产品与服务	5	accountancy_code_sell_intra	varchar(32)	varchar	YES		N	N				Selling accountancy code for vat intracommunity	代码/参考号字段；源码注释：Selling accountancy code for vat intracommunity	htdocs/install/mysql/tables/llx_product_perentity-multicompany.sql	25
llx_product_perentity	产品与服务	6	accountancy_code_sell_export	varchar(32)	varchar	YES		N	N				Selling accountancy code for vat export	代码/参考号字段；源码注释：Selling accountancy code for vat export	htdocs/install/mysql/tables/llx_product_perentity-multicompany.sql	26
llx_product_perentity	产品与服务	7	accountancy_code_buy	varchar(32)	varchar	YES		N	N				Buying accountancy code	代码/参考号字段；源码注释：Buying accountancy code	htdocs/install/mysql/tables/llx_product_perentity-multicompany.sql	27
llx_product_perentity	产品与服务	8	accountancy_code_buy_intra	varchar(32)	varchar	YES		N	N				Buying accountancy code for vat intracommunity	代码/参考号字段；源码注释：Buying accountancy code for vat intracommunity	htdocs/install/mysql/tables/llx_product_perentity-multicompany.sql	28
llx_product_perentity	产品与服务	9	accountancy_code_buy_export	varchar(32)	varchar	YES		N	N				Buying accountancy code for vat import	代码/参考号字段；源码注释：Buying accountancy code for vat import	htdocs/install/mysql/tables/llx_product_perentity-multicompany.sql	29
llx_product_perentity	产品与服务	10	pmp	double(24,8)	double	YES		N	N					字段 pmp（基于字段名推断）	htdocs/install/mysql/tables/llx_product_perentity-multicompany.sql	30
llx_product_price	产品与服务	1	rowid	integer	integer	NO		Y	Y	PRIMARY	PRIMARY			主键行标识；通常为自增整数	htdocs/install/mysql/tables/llx_product_price.sql	26
llx_product_price	产品与服务	2	entity	integer	integer	NO	1	N	N				Multi company id	多实体/多公司隔离标识；源码注释：Multi company id	htdocs/install/mysql/tables/llx_product_price.sql	27
llx_product_price	产品与服务	3	tms	timestamp	timestamp	YES	CURRENT_TIMESTAMP	N	N					最后修改时间戳	htdocs/install/mysql/tables/llx_product_price.sql	28
llx_product_price	产品与服务	4	fk_product	integer	integer	NO		N	N	idx_product_price_fk_product		llx_product.rowid		关联产品/服务 ID	htdocs/install/mysql/tables/llx_product_price.sql	29
llx_product_price	产品与服务	5	date_price	datetime	datetime	NO		N	N					日期/时间字段（基于字段名推断）	htdocs/install/mysql/tables/llx_product_price.sql	30
llx_product_price	产品与服务	6	price_level	smallint	smallint	YES	1	N	N					金额、价格或税费字段（基于字段名推断）	htdocs/install/mysql/tables/llx_product_price.sql	31
llx_product_price	产品与服务	7	price	double(24,8)	double	YES	NULL	N	N				price without tax	价格；源码注释：price without tax	htdocs/install/mysql/tables/llx_product_price.sql	32
llx_product_price	产品与服务	8	price_ttc	double(24,8)	double	YES	NULL	N	N				price inc vat (but not localtax1 nor localtax2)	金额、价格或税费字段；源码注释：price inc vat (but not localtax1 nor localtax2)	htdocs/install/mysql/tables/llx_product_price.sql	33
llx_product_price	产品与服务	9	price_min	double(24,8)	double	YES	NULL	N	N					金额、价格或税费字段（基于字段名推断）	htdocs/install/mysql/tables/llx_product_price.sql	34
llx_product_price	产品与服务	10	price_min_ttc	double(24,8)	double	YES	NULL	N	N					金额、价格或税费字段（基于字段名推断）	htdocs/install/mysql/tables/llx_product_price.sql	35
llx_product_price	产品与服务	11	price_base_type	varchar(3)	varchar	YES	'HT'	N	N					金额、价格或税费字段（基于字段名推断）	htdocs/install/mysql/tables/llx_product_price.sql	36
llx_product_price	产品与服务	12	default_vat_code	varchar(10)	varchar	YES		N	N				Same code than into table llx_c_tva (but no constraints). Should be used in priority to find default vat, npr, localtaxes for product.	代码/参考号字段；源码注释：Same code than into table llx_c_tva (but no constraints). Should be used in priority to find default vat, npr, localtaxes for product.	htdocs/install/mysql/tables/llx_product_price.sql	37
llx_product_price	产品与服务	13	tva_tx	double(7,4)	double	NO	0	N	N				Used only when option PRODUIT_MULTIPRICES_USE_VAT_PER_LEVEL is on (not supported)	字段 tva_tx；源码注释：Used only when option PRODUIT_MULTIPRICES_USE_VAT_PER_LEVEL is on (not supported)	htdocs/install/mysql/tables/llx_product_price.sql	38
llx_product_price	产品与服务	14	recuperableonly	integer	integer	NO	'0'	N	N					字段 recuperableonly（基于字段名推断）	htdocs/install/mysql/tables/llx_product_price.sql	39
llx_product_price	产品与服务	15	localtax1_tx	double(7,4)	double	YES	0	N	N					金额、价格或税费字段（基于字段名推断）	htdocs/install/mysql/tables/llx_product_price.sql	40
llx_product_price	产品与服务	16	localtax1_type	varchar(10)	varchar	NO	'0'	N	N					金额、价格或税费字段（基于字段名推断）	htdocs/install/mysql/tables/llx_product_price.sql	41
llx_product_price	产品与服务	17	localtax2_tx	double(7,4)	double	YES	0	N	N					金额、价格或税费字段（基于字段名推断）	htdocs/install/mysql/tables/llx_product_price.sql	42
llx_product_price	产品与服务	18	localtax2_type	varchar(10)	varchar	NO	'0'	N	N					金额、价格或税费字段（基于字段名推断）	htdocs/install/mysql/tables/llx_product_price.sql	43
llx_product_price	产品与服务	19	fk_user_author	integer	integer	YES		N	N	idx_product_price_fk_user_author				创建人/制单人用户 ID	htdocs/install/mysql/tables/llx_product_price.sql	44
llx_product_price	产品与服务	20	price_label	varchar(255)	varchar	YES		N	N					金额、价格或税费字段（基于字段名推断）	htdocs/install/mysql/tables/llx_product_price.sql	45
llx_product_price	产品与服务	21	tosell	tinyint	tinyint	YES	1	N	N					字段 tosell（基于字段名推断）	htdocs/install/mysql/tables/llx_product_price.sql	46
llx_product_price	产品与服务	22	price_by_qty	integer	integer	NO	0	N	N					金额、价格或税费字段（基于字段名推断）	htdocs/install/mysql/tables/llx_product_price.sql	47
llx_product_price	产品与服务	23	fk_price_expression	integer	integer	YES		N	N				Link to the rule for dynamic price calculation	外部关联 ID（具体目标以外键或业务代码为准）；源码注释：Link to the rule for dynamic price calculation	htdocs/install/mysql/tables/llx_product_price.sql	48
llx_product_price	产品与服务	24	import_key	varchar(14)	varchar	YES		N	N					导入批次/外部导入键	htdocs/install/mysql/tables/llx_product_price.sql	49
llx_product_price	产品与服务	25	fk_multicurrency	integer	integer	YES		N	N					外部关联 ID（具体目标以外键或业务代码为准）（基于字段名推断）	htdocs/install/mysql/tables/llx_product_price.sql	50
llx_product_price	产品与服务	26	multicurrency_code	varchar(3)	varchar	YES		N	N					代码/参考号字段（基于字段名推断）	htdocs/install/mysql/tables/llx_product_price.sql	51
llx_product_price	产品与服务	27	multicurrency_tx	double(24,8)	double	YES	1	N	N					字段 multicurrency_tx（基于字段名推断）	htdocs/install/mysql/tables/llx_product_price.sql	52
llx_product_price	产品与服务	28	multicurrency_price	double(24,8)	double	YES	NULL	N	N					金额、价格或税费字段（基于字段名推断）	htdocs/install/mysql/tables/llx_product_price.sql	53
llx_product_price	产品与服务	29	multicurrency_price_ttc	double(24,8)	double	YES	NULL	N	N					金额、价格或税费字段（基于字段名推断）	htdocs/install/mysql/tables/llx_product_price.sql	54
llx_product_price_by_qty	产品与服务	1	rowid	integer	integer	NO		Y	Y	PRIMARY	PRIMARY			主键行标识；通常为自增整数	htdocs/install/mysql/tables/llx_product_price_by_qty.sql	26
llx_product_price_by_qty	产品与服务	2	fk_product_price	integer	integer	NO		N	N	uk_product_price_by_qty_level, idx_product_price_by_qty_fk_product_price	uk_product_price_by_qty_level	llx_product_price.rowid		外部关联 ID（具体目标以外键或业务代码为准）（基于字段名推断）	htdocs/install/mysql/tables/llx_product_price_by_qty.sql	27
llx_product_price_by_qty	产品与服务	3	price	double(24,8)	double	YES	0	N	N					价格	htdocs/install/mysql/tables/llx_product_price_by_qty.sql	28
llx_product_price_by_qty	产品与服务	4	price_base_type	varchar(3)	varchar	YES	'HT'	N	N					金额、价格或税费字段（基于字段名推断）	htdocs/install/mysql/tables/llx_product_price_by_qty.sql	29
llx_product_price_by_qty	产品与服务	5	quantity	double	double	YES	NULL	N	N	uk_product_price_by_qty_level	uk_product_price_by_qty_level			字段 quantity（基于字段名推断）	htdocs/install/mysql/tables/llx_product_price_by_qty.sql	30
llx_product_price_by_qty	产品与服务	6	remise_percent	double	double	NO	0	N	N					比例/百分比字段（基于字段名推断）	htdocs/install/mysql/tables/llx_product_price_by_qty.sql	31
llx_product_price_by_qty	产品与服务	7	remise	double	double	NO	0	N	N					字段 remise（基于字段名推断）	htdocs/install/mysql/tables/llx_product_price_by_qty.sql	32
llx_product_price_by_qty	产品与服务	8	unitprice	double(24,8)	double	YES	0	N	N					金额、价格或税费字段（基于字段名推断）	htdocs/install/mysql/tables/llx_product_price_by_qty.sql	33
llx_product_price_by_qty	产品与服务	9	fk_user_creat	integer	integer	YES		N	N					创建人用户 ID	htdocs/install/mysql/tables/llx_product_price_by_qty.sql	34
llx_product_price_by_qty	产品与服务	10	fk_user_modif	integer	integer	YES		N	N					最后修改人用户 ID	htdocs/install/mysql/tables/llx_product_price_by_qty.sql	35
llx_product_price_by_qty	产品与服务	11	fk_multicurrency	integer	integer	YES		N	N					外部关联 ID（具体目标以外键或业务代码为准）（基于字段名推断）	htdocs/install/mysql/tables/llx_product_price_by_qty.sql	37
llx_product_price_by_qty	产品与服务	12	multicurrency_code	varchar(3)	varchar	YES		N	N					代码/参考号字段（基于字段名推断）	htdocs/install/mysql/tables/llx_product_price_by_qty.sql	38
llx_product_price_by_qty	产品与服务	13	multicurrency_tx	double(24,8)	double	YES	1	N	N					字段 multicurrency_tx（基于字段名推断）	htdocs/install/mysql/tables/llx_product_price_by_qty.sql	39
llx_product_price_by_qty	产品与服务	14	multicurrency_price	double(24,8)	double	YES	NULL	N	N					金额、价格或税费字段（基于字段名推断）	htdocs/install/mysql/tables/llx_product_price_by_qty.sql	40
llx_product_price_by_qty	产品与服务	15	multicurrency_price_ttc	double(24,8)	double	YES	NULL	N	N					金额、价格或税费字段（基于字段名推断）	htdocs/install/mysql/tables/llx_product_price_by_qty.sql	41
llx_product_price_by_qty	产品与服务	16	tms	timestamp	timestamp	YES	CURRENT_TIMESTAMP	N	N					最后修改时间戳	htdocs/install/mysql/tables/llx_product_price_by_qty.sql	43
llx_product_price_by_qty	产品与服务	17	import_key	varchar(14)	varchar	YES		N	N					导入批次/外部导入键	htdocs/install/mysql/tables/llx_product_price_by_qty.sql	44
llx_product_price_extrafields	产品与服务	1	rowid	integer	integer	NO		Y	Y	PRIMARY	PRIMARY			主键行标识；通常为自增整数	htdocs/install/mysql/tables/llx_product_price_extrafields.sql	21
llx_product_price_extrafields	产品与服务	2	tms	timestamp	timestamp	YES	CURRENT_TIMESTAMP	N	N					最后修改时间戳	htdocs/install/mysql/tables/llx_product_price_extrafields.sql	22
llx_product_price_extrafields	产品与服务	3	fk_object	integer	integer	NO		N	N	uk_product_price_extrafields	uk_product_price_extrafields			外部关联 ID（具体目标以外键或业务代码为准）（基于字段名推断）	htdocs/install/mysql/tables/llx_product_price_extrafields.sql	23
llx_product_price_extrafields	产品与服务	4	import_key	varchar(14)	varchar	YES		N	N				import key	导入批次/外部导入键；源码注释：import key	htdocs/install/mysql/tables/llx_product_price_extrafields.sql	24
llx_product_pricerules	产品与服务	1	rowid	INTEGER	integer	NO		Y	Y	PRIMARY	PRIMARY			主键行标识；通常为自增整数	htdocs/install/mysql/tables/llx_product_pricerules.sql	24
llx_product_pricerules	产品与服务	2	level	INTEGER	integer	NO		N	N				Which price level is this rule for?	字段 level；源码注释：Which price level is this rule for?	htdocs/install/mysql/tables/llx_product_pricerules.sql	25
llx_product_pricerules	产品与服务	3	fk_level	INTEGER	integer	NO		N	N				Price variations are made over price of X	外部关联 ID（具体目标以外键或业务代码为准）；源码注释：Price variations are made over price of X	htdocs/install/mysql/tables/llx_product_pricerules.sql	26
llx_product_pricerules	产品与服务	4	var_percent	REAL	real	NO		N	N				Price variation over based price	比例/百分比字段；源码注释：Price variation over based price	htdocs/install/mysql/tables/llx_product_pricerules.sql	27
llx_product_pricerules	产品与服务	5	var_min_percent	REAL	real	NO		N	N				Min price discount over general price	比例/百分比字段；源码注释：Min price discount over general price	htdocs/install/mysql/tables/llx_product_pricerules.sql	28
llx_product_stock	产品与服务	1	rowid	integer	integer	NO		Y	Y	PRIMARY	PRIMARY			主键行标识；通常为自增整数	htdocs/install/mysql/tables/llx_product_stock.sql	24
llx_product_stock	产品与服务	2	tms	timestamp	timestamp	YES	CURRENT_TIMESTAMP	N	N					最后修改时间戳	htdocs/install/mysql/tables/llx_product_stock.sql	25
llx_product_stock	产品与服务	3	fk_product	integer	integer	NO		N	N	idx_product_stock_fk_product, uk_product_stock	uk_product_stock	llx_product.rowid		关联产品/服务 ID	htdocs/install/mysql/tables/llx_product_stock.sql	26
llx_product_stock	产品与服务	4	fk_entrepot	integer	integer	NO		N	N	idx_product_stock_fk_entrepot, uk_product_stock	uk_product_stock	llx_entrepot.rowid		外部关联 ID（具体目标以外键或业务代码为准）（基于字段名推断）	htdocs/install/mysql/tables/llx_product_stock.sql	27
llx_product_stock	产品与服务	5	reel	real	real	YES		N	N				physical stock	字段 reel；源码注释：physical stock	htdocs/install/mysql/tables/llx_product_stock.sql	28
llx_product_stock	产品与服务	6	import_key	varchar(14)	varchar	YES		N	N				Import key	导入批次/外部导入键；源码注释：Import key	htdocs/install/mysql/tables/llx_product_stock.sql	29
llx_product_thirdparty	产品与服务	1	rowid	integer	integer	NO		Y	Y	PRIMARY	PRIMARY			主键行标识；通常为自增整数	htdocs/install/mysql/tables/llx_product_thirdparty.sql	22
llx_product_thirdparty	产品与服务	2	fk_product	integer	integer	NO		N	N					关联产品/服务 ID	htdocs/install/mysql/tables/llx_product_thirdparty.sql	23
llx_product_thirdparty	产品与服务	3	fk_soc	integer	integer	NO		N	N					关联第三方企业 ID	htdocs/install/mysql/tables/llx_product_thirdparty.sql	24
llx_product_thirdparty	产品与服务	4	fk_product_thirdparty_relation_type	integer	integer	NO		N	N					外部关联 ID（具体目标以外键或业务代码为准）（基于字段名推断）	htdocs/install/mysql/tables/llx_product_thirdparty.sql	25
llx_product_thirdparty	产品与服务	5	date_start	datetime	datetime	YES		N	N					日期/时间字段（基于字段名推断）	htdocs/install/mysql/tables/llx_product_thirdparty.sql	26
llx_product_thirdparty	产品与服务	6	date_end	datetime	datetime	YES		N	N					日期/时间字段（基于字段名推断）	htdocs/install/mysql/tables/llx_product_thirdparty.sql	27
llx_product_thirdparty	产品与服务	7	fk_project	integer	integer	YES		N	N					关联项目 ID	htdocs/install/mysql/tables/llx_product_thirdparty.sql	28
llx_product_thirdparty	产品与服务	8	description	text	text	YES		N	N					描述	htdocs/install/mysql/tables/llx_product_thirdparty.sql	29
llx_product_thirdparty	产品与服务	9	note_public	text	text	YES		N	N					公开备注	htdocs/install/mysql/tables/llx_product_thirdparty.sql	30
llx_product_thirdparty	产品与服务	10	note_private	text	text	YES		N	N					内部备注	htdocs/install/mysql/tables/llx_product_thirdparty.sql	31
llx_product_thirdparty	产品与服务	11	date_creation	datetime	datetime	NO		N	N					日期/时间字段（基于字段名推断）	htdocs/install/mysql/tables/llx_product_thirdparty.sql	32
llx_product_thirdparty	产品与服务	12	tms	timestamp	timestamp	YES	CURRENT_TIMESTAMP	N	N					最后修改时间戳	htdocs/install/mysql/tables/llx_product_thirdparty.sql	33
llx_product_thirdparty	产品与服务	13	fk_user_creat	integer	integer	NO		N	N					创建人用户 ID	htdocs/install/mysql/tables/llx_product_thirdparty.sql	34
llx_product_thirdparty	产品与服务	14	fk_user_modif	integer	integer	YES		N	N					最后修改人用户 ID	htdocs/install/mysql/tables/llx_product_thirdparty.sql	35
llx_product_thirdparty	产品与服务	15	last_main_doc	varchar(255)	varchar	YES		N	N					字段 last_main_doc（基于字段名推断）	htdocs/install/mysql/tables/llx_product_thirdparty.sql	36
llx_product_thirdparty	产品与服务	16	import_key	varchar(14)	varchar	YES		N	N					导入批次/外部导入键	htdocs/install/mysql/tables/llx_product_thirdparty.sql	37
llx_product_thirdparty	产品与服务	17	model_pdf	varchar(255)	varchar	YES		N	N					字段 model_pdf（基于字段名推断）	htdocs/install/mysql/tables/llx_product_thirdparty.sql	38
llx_product_thirdparty	产品与服务	18	status	integer	integer	NO	1	N	N					状态标识	htdocs/install/mysql/tables/llx_product_thirdparty.sql	39
llx_product_warehouse_properties	库存	1	rowid	integer	integer	NO		Y	Y	PRIMARY	PRIMARY			主键行标识；通常为自增整数	htdocs/install/mysql/tables/llx_product_warehouse_properties-stock.sql	25
llx_product_warehouse_properties	库存	2	tms	timestamp	timestamp	YES	CURRENT_TIMESTAMP	N	N					最后修改时间戳	htdocs/install/mysql/tables/llx_product_warehouse_properties-stock.sql	26
llx_product_warehouse_properties	库存	3	fk_product	integer	integer	NO		N	N	idx_product_warehouse_properties_fk_product		llx_product.rowid		关联产品/服务 ID	htdocs/install/mysql/tables/llx_product_warehouse_properties-stock.sql	27
llx_product_warehouse_properties	库存	4	fk_entrepot	integer	integer	NO		N	N	idx_product_warehouse_properties_fk_entrepot		llx_entrepot.rowid		外部关联 ID（具体目标以外键或业务代码为准）（基于字段名推断）	htdocs/install/mysql/tables/llx_product_warehouse_properties-stock.sql	28
llx_product_warehouse_properties	库存	5	seuil_stock_alerte	float	float	YES	'0'	N	N					字段 seuil_stock_alerte（基于字段名推断）	htdocs/install/mysql/tables/llx_product_warehouse_properties-stock.sql	29
llx_product_warehouse_properties	库存	6	desiredstock	float	float	YES	'0'	N	N					字段 desiredstock（基于字段名推断）	htdocs/install/mysql/tables/llx_product_warehouse_properties-stock.sql	30
llx_product_warehouse_properties	库存	7	import_key	varchar(14)	varchar	YES		N	N				Import key	导入批次/外部导入键；源码注释：Import key	htdocs/install/mysql/tables/llx_product_warehouse_properties-stock.sql	31
llx_projet	项目	1	rowid	integer	integer	NO		Y	Y	PRIMARY	PRIMARY			主键行标识；通常为自增整数	htdocs/install/mysql/tables/llx_projet.sql	22
llx_projet	项目	2	fk_project	integer	integer	YES	NULL	N	N				parent project id	关联项目 ID；源码注释：parent project id	htdocs/install/mysql/tables/llx_projet.sql	23
llx_projet	项目	3	fk_soc	integer	integer	YES		N	N	idx_projet_fk_soc		llx_societe.rowid	parent thirdparty id	关联第三方企业 ID；源码注释：parent thirdparty id	htdocs/install/mysql/tables/llx_projet.sql	24
llx_projet	项目	4	datec	datetime	datetime	YES		N	N				date creation project	创建日期/时间；源码注释：date creation project	htdocs/install/mysql/tables/llx_projet.sql	25
llx_projet	项目	5	tms	timestamp	timestamp	YES	CURRENT_TIMESTAMP	N	N					最后修改时间戳	htdocs/install/mysql/tables/llx_projet.sql	26
llx_projet	项目	6	dateo	date	date	YES		N	N				date start project	日期/时间字段；源码注释：date start project	htdocs/install/mysql/tables/llx_projet.sql	27
llx_projet	项目	7	datee	date	date	YES		N	N				date end project	日期/时间字段；源码注释：date end project	htdocs/install/mysql/tables/llx_projet.sql	28
llx_projet	项目	8	ref	varchar(50)	varchar	YES		N	N	uk_projet_ref, idx_projet_ref	uk_projet_ref		reference number	业务参考号/单号；源码注释：reference number	htdocs/install/mysql/tables/llx_projet.sql	29
llx_projet	项目	9	ref_ext	varchar(50)	varchar	YES		N	N				reference into an external system (not used by dolibarr)	代码/参考号字段；源码注释：reference into an external system (not used by dolibarr)	htdocs/install/mysql/tables/llx_projet.sql	30
llx_projet	项目	10	entity	integer	integer	NO	1	N	N	uk_projet_ref	uk_projet_ref		multi company id	多实体/多公司隔离标识；源码注释：multi company id	htdocs/install/mysql/tables/llx_projet.sql	31
llx_projet	项目	11	title	varchar(255)	varchar	NO		N	N					名称/标题字段（基于字段名推断）	htdocs/install/mysql/tables/llx_projet.sql	32
llx_projet	项目	12	description	text	text	YES		N	N					描述	htdocs/install/mysql/tables/llx_projet.sql	33
llx_projet	项目	13	fk_user_creat	integer	integer	NO		N	N				createur du projet	创建人用户 ID；源码注释：createur du projet	htdocs/install/mysql/tables/llx_projet.sql	34
llx_projet	项目	14	fk_user_modif	integer	integer	YES		N	N					最后修改人用户 ID	htdocs/install/mysql/tables/llx_projet.sql	35
llx_projet	项目	15	public	integer	integer	YES		N	N				project is public or not	字段 public；源码注释：project is public or not	htdocs/install/mysql/tables/llx_projet.sql	36
llx_projet	项目	16	fk_statut	integer	integer	NO	0	N	N	idx_projet_fk_statut			open or close	状态码；源码注释：open or close	htdocs/install/mysql/tables/llx_projet.sql	37
llx_projet	项目	17	fk_opp_status	integer	integer	YES	NULL	N	N	idx_projet_fk_opp_status			if project is used to manage opportunities	外部关联 ID（具体目标以外键或业务代码为准）；源码注释：if project is used to manage opportunities	htdocs/install/mysql/tables/llx_projet.sql	38
llx_projet	项目	18	opp_percent	double(5,2)	double	YES		N	N					比例/百分比字段（基于字段名推断）	htdocs/install/mysql/tables/llx_projet.sql	39
llx_projet	项目	19	fk_opp_status_end	integer	integer	YES	NULL	N	N				if project is used to manage opportunities (the opportunity status the project has when set to lose)	外部关联 ID（具体目标以外键或业务代码为准）；源码注释：if project is used to manage opportunities (the opportunity status the project has when set to lose)	htdocs/install/mysql/tables/llx_projet.sql	40
llx_projet	项目	20	date_close	datetime	datetime	YES	NULL	N	N					日期/时间字段（基于字段名推断）	htdocs/install/mysql/tables/llx_projet.sql	41
llx_projet	项目	21	fk_user_close	integer	integer	YES	NULL	N	N					外部关联 ID（具体目标以外键或业务代码为准）（基于字段名推断）	htdocs/install/mysql/tables/llx_projet.sql	42
llx_projet	项目	22	note_private	text	text	YES		N	N					内部备注	htdocs/install/mysql/tables/llx_projet.sql	43
llx_projet	项目	23	note_public	text	text	YES		N	N					公开备注	htdocs/install/mysql/tables/llx_projet.sql	44
llx_projet	项目	24	email_msgid	varchar(175)	varchar	YES		N	N				if project or lead is created by email collector, we store here MSG ID. Do not use a too large value, it generates trouble with unique index	字段 email_msgid；源码注释：if project or lead is created by email collector, we store here MSG ID. Do not use a too large value, it generates trouble with unique index	htdocs/install/mysql/tables/llx_projet.sql	45
llx_projet	项目	25	email_date	datetime	datetime	YES		N	N				if project or lead is created by email collector, we store here Date of message	日期/时间字段；源码注释：if project or lead is created by email collector, we store here Date of message	htdocs/install/mysql/tables/llx_projet.sql	46
llx_projet	项目	26	opp_amount	double(24,8)	double	YES		N	N					金额、价格或税费字段（基于字段名推断）	htdocs/install/mysql/tables/llx_projet.sql	48
llx_projet	项目	27	budget_amount	double(24,8)	double	YES		N	N					金额、价格或税费字段（基于字段名推断）	htdocs/install/mysql/tables/llx_projet.sql	49
llx_projet	项目	28	usage_opportunity	integer	integer	YES	0	N	N				Set to 1 if project is used to follow an opportunity	字段 usage_opportunity；源码注释：Set to 1 if project is used to follow an opportunity	htdocs/install/mysql/tables/llx_projet.sql	50
llx_projet	项目	29	usage_task	integer	integer	YES	1	N	N				Set to 1 if project is used to manage tasks and/or record timesheet	字段 usage_task；源码注释：Set to 1 if project is used to manage tasks and/or record timesheet	htdocs/install/mysql/tables/llx_projet.sql	51
llx_projet	项目	30	usage_bill_time	integer	integer	YES	0	N	N				Set to 1 if time spent must be converted into invoices	日期/时间字段；源码注释：Set to 1 if time spent must be converted into invoices	htdocs/install/mysql/tables/llx_projet.sql	52
llx_projet	项目	31	usage_organize_event	integer	integer	YES	0	N	N				Set to 1 if you want to use project to organize an event or receive attendees registration	字段 usage_organize_event；源码注释：Set to 1 if you want to use project to organize an event or receive attendees registration	htdocs/install/mysql/tables/llx_projet.sql	53
llx_projet	项目	32	date_start_event	datetime	datetime	YES		N	N				date start event	日期/时间字段；源码注释：date start event	htdocs/install/mysql/tables/llx_projet.sql	54
llx_projet	项目	33	date_end_event	datetime	datetime	YES		N	N				date end event	日期/时间字段；源码注释：date end event	htdocs/install/mysql/tables/llx_projet.sql	55
llx_projet	项目	34	location	varchar(255)	varchar	YES		N	N				location	字段 location；源码注释：location	htdocs/install/mysql/tables/llx_projet.sql	56
llx_projet	项目	35	accept_conference_suggestions	integer	integer	YES	0	N	N				Set to 1 if you want to allow unknown people to suggest conferences	字段 accept_conference_suggestions；源码注释：Set to 1 if you want to allow unknown people to suggest conferences	htdocs/install/mysql/tables/llx_projet.sql	57
llx_projet	项目	36	accept_booth_suggestions	integer	integer	YES	0	N	N				Set to 1 if you want to Allow unknown people to suggest booth	字段 accept_booth_suggestions；源码注释：Set to 1 if you want to Allow unknown people to suggest booth	htdocs/install/mysql/tables/llx_projet.sql	58
llx_projet	项目	37	max_attendees	integer	integer	YES	0	N	N					字段 max_attendees（基于字段名推断）	htdocs/install/mysql/tables/llx_projet.sql	60
llx_projet	项目	38	price_registration	double(24,8)	double	YES		N	N					金额、价格或税费字段（基于字段名推断）	htdocs/install/mysql/tables/llx_projet.sql	61
llx_projet	项目	39	price_booth	double(24,8)	double	YES		N	N					金额、价格或税费字段（基于字段名推断）	htdocs/install/mysql/tables/llx_projet.sql	62
llx_projet	项目	40	model_pdf	varchar(255)	varchar	YES		N	N					字段 model_pdf（基于字段名推断）	htdocs/install/mysql/tables/llx_projet.sql	63
llx_projet	项目	41	ip	varchar(250)	varchar	YES		N	N				ip used to create record (for public submission page)	字段 ip；源码注释：ip used to create record (for public submission page)	htdocs/install/mysql/tables/llx_projet.sql	64
llx_projet	项目	42	last_main_doc	varchar(255)	varchar	YES		N	N				relative filepath+filename of last main generated document	字段 last_main_doc；源码注释：relative filepath+filename of last main generated document	htdocs/install/mysql/tables/llx_projet.sql	65
llx_projet	项目	43	import_key	varchar(14)	varchar	YES		N	N				Import key	导入批次/外部导入键；源码注释：Import key	htdocs/install/mysql/tables/llx_projet.sql	66
llx_projet	项目	44	extraparams	varchar(255)	varchar	YES		N	N				to save other parameters with json format	扩展参数/结构化文本；源码注释：to save other parameters with json format	htdocs/install/mysql/tables/llx_projet.sql	67
llx_projet_extrafields	项目	1	rowid	integer	integer	NO		Y	Y	PRIMARY	PRIMARY			主键行标识；通常为自增整数	htdocs/install/mysql/tables/llx_projet_extrafields.sql	21
llx_projet_extrafields	项目	2	tms	timestamp	timestamp	YES	CURRENT_TIMESTAMP	N	N					最后修改时间戳	htdocs/install/mysql/tables/llx_projet_extrafields.sql	22
llx_projet_extrafields	项目	3	fk_object	integer	integer	NO		N	N	uk_projet_extrafields	uk_projet_extrafields			外部关联 ID（具体目标以外键或业务代码为准）（基于字段名推断）	htdocs/install/mysql/tables/llx_projet_extrafields.sql	23
llx_projet_extrafields	项目	4	import_key	varchar(14)	varchar	YES		N	N				import key	导入批次/外部导入键；源码注释：import key	htdocs/install/mysql/tables/llx_projet_extrafields.sql	24
llx_projet_task	项目	1	rowid	integer	integer	NO		Y	Y	PRIMARY	PRIMARY			主键行标识；通常为自增整数	htdocs/install/mysql/tables/llx_projet_task.sql	22
llx_projet_task	项目	2	ref	varchar(50)	varchar	YES		N	N	uk_projet_task_ref	uk_projet_task_ref			业务参考号/单号	htdocs/install/mysql/tables/llx_projet_task.sql	23
llx_projet_task	项目	3	entity	integer	integer	NO	1	N	N	uk_projet_task_ref	uk_projet_task_ref		multi company id	多实体/多公司隔离标识；源码注释：multi company id	htdocs/install/mysql/tables/llx_projet_task.sql	24
llx_projet_task	项目	4	fk_projet	integer	integer	NO		N	N	idx_projet_task_fk_projet		llx_projet.rowid		关联项目 ID	htdocs/install/mysql/tables/llx_projet_task.sql	25
llx_projet_task	项目	5	fk_task_parent	integer	integer	NO	0	N	N					外部关联 ID（具体目标以外键或业务代码为准）（基于字段名推断）	htdocs/install/mysql/tables/llx_projet_task.sql	26
llx_projet_task	项目	6	datec	datetime	datetime	YES		N	N				date creation	创建日期/时间；源码注释：date creation	htdocs/install/mysql/tables/llx_projet_task.sql	27
llx_projet_task	项目	7	tms	timestamp	timestamp	YES	CURRENT_TIMESTAMP	N	N				last modification date	最后修改时间戳；源码注释：last modification date	htdocs/install/mysql/tables/llx_projet_task.sql	28
llx_projet_task	项目	8	dateo	datetime	datetime	YES		N	N				date start task	日期/时间字段；源码注释：date start task	htdocs/install/mysql/tables/llx_projet_task.sql	29
llx_projet_task	项目	9	datee	datetime	datetime	YES		N	N				date end task	日期/时间字段；源码注释：date end task	htdocs/install/mysql/tables/llx_projet_task.sql	30
llx_projet_task	项目	10	datev	datetime	datetime	YES		N	N				date validation	日期/时间字段；源码注释：date validation	htdocs/install/mysql/tables/llx_projet_task.sql	31
llx_projet_task	项目	11	label	varchar(255)	varchar	NO		N	N					名称或标签	htdocs/install/mysql/tables/llx_projet_task.sql	32
llx_projet_task	项目	12	description	text	text	YES		N	N					描述	htdocs/install/mysql/tables/llx_projet_task.sql	33
llx_projet_task	项目	13	duration_effective	real	real	YES	0	N	N				DENORMALIZED FIELD. total of time spent on the task. total of lines into llx_element_time	比例/百分比字段；源码注释：DENORMALIZED FIELD. total of time spent on the task. total of lines into llx_element_time	htdocs/install/mysql/tables/llx_projet_task.sql	34
llx_projet_task	项目	14	planned_workload	real	real	YES	0	N	N					字段 planned_workload（基于字段名推断）	htdocs/install/mysql/tables/llx_projet_task.sql	35
llx_projet_task	项目	15	progress	integer	integer	YES	0	N	N				percentage increase	字段 progress；源码注释：percentage increase	htdocs/install/mysql/tables/llx_projet_task.sql	36
llx_projet_task	项目	16	priority	integer	integer	YES	0	N	N				priority	字段 priority；源码注释：priority	htdocs/install/mysql/tables/llx_projet_task.sql	37
llx_projet_task	项目	17	budget_amount	double(24,8)	double	YES		N	N					金额、价格或税费字段（基于字段名推断）	htdocs/install/mysql/tables/llx_projet_task.sql	38
llx_projet_task	项目	18	fk_user_creat	integer	integer	YES		N	N	idx_projet_task_fk_user_creat		llx_user.rowid	user who created the task	创建人用户 ID；源码注释：user who created the task	htdocs/install/mysql/tables/llx_projet_task.sql	39
llx_projet_task	项目	19	fk_user_modif	integer	integer	YES		N	N				user who modify the task	最后修改人用户 ID；源码注释：user who modify the task	htdocs/install/mysql/tables/llx_projet_task.sql	40
llx_projet_task	项目	20	fk_user_valid	integer	integer	YES		N	N	idx_projet_task_fk_user_valid		llx_user.rowid	user who validated the task	审核/验证人用户 ID；源码注释：user who validated the task	htdocs/install/mysql/tables/llx_projet_task.sql	41
llx_projet_task	项目	21	fk_statut	smallint	smallint	NO	0	N	N				status of task	状态码；源码注释：status of task	htdocs/install/mysql/tables/llx_projet_task.sql	42
llx_projet_task	项目	22	note_private	text	text	YES		N	N					内部备注	htdocs/install/mysql/tables/llx_projet_task.sql	43
llx_projet_task	项目	23	note_public	text	text	YES		N	N					公开备注	htdocs/install/mysql/tables/llx_projet_task.sql	44
llx_projet_task	项目	24	rang	integer	integer	YES	0	N	N					字段 rang（基于字段名推断）	htdocs/install/mysql/tables/llx_projet_task.sql	45
llx_projet_task	项目	25	model_pdf	varchar(255)	varchar	YES		N	N					字段 model_pdf（基于字段名推断）	htdocs/install/mysql/tables/llx_projet_task.sql	46
llx_projet_task	项目	26	import_key	varchar(14)	varchar	YES		N	N				Import key,	导入批次/外部导入键；源码注释：Import key,	htdocs/install/mysql/tables/llx_projet_task.sql	47
llx_projet_task	项目	27	billable	smallint	smallint	YES	1	N	N					字段 billable（基于字段名推断）	htdocs/install/mysql/tables/llx_projet_task.sql	48
llx_projet_task_dependency	项目	1	rowid	integer	integer	NO		Y	Y	PRIMARY	PRIMARY			主键行标识；通常为自增整数	htdocs/install/mysql/tables/llx_projet_task_dependency-project.sql	21
llx_projet_task_dependency	项目	2	fk_task	integer	integer	NO		N	N	uk_projet_task_dependency, idx_projet_task_dependency_fk_task	uk_projet_task_dependency	llx_projet_task.rowid	the task that has a predecessor	外部关联 ID（具体目标以外键或业务代码为准）；源码注释：the task that has a predecessor	htdocs/install/mysql/tables/llx_projet_task_dependency-project.sql	22
llx_projet_task_dependency	项目	3	fk_task_depend	integer	integer	NO		N	N	uk_projet_task_dependency, idx_projet_task_dependency_fk_task_depend	uk_projet_task_dependency	llx_projet_task.rowid	the predecessor task (must be finished/started first)	外部关联 ID（具体目标以外键或业务代码为准）；源码注释：the predecessor task (must be finished/started first)	htdocs/install/mysql/tables/llx_projet_task_dependency-project.sql	23
llx_projet_task_dependency	项目	4	type	varchar(2)	varchar	NO	'FS'	N	N				dependency type: FS, SS, FF, SF	字段 type；源码注释：dependency type: FS, SS, FF, SF	htdocs/install/mysql/tables/llx_projet_task_dependency-project.sql	24
llx_projet_task_dependency	项目	5	entity	integer	integer	NO	1	N	N					多实体/多公司隔离标识	htdocs/install/mysql/tables/llx_projet_task_dependency-project.sql	25
llx_projet_task_dependency	项目	6	datec	datetime	datetime	YES		N	N					创建日期/时间	htdocs/install/mysql/tables/llx_projet_task_dependency-project.sql	26
llx_projet_task_extrafields	项目	1	rowid	integer	integer	NO		Y	Y	PRIMARY	PRIMARY			主键行标识；通常为自增整数	htdocs/install/mysql/tables/llx_projet_task_extrafields.sql	21
llx_projet_task_extrafields	项目	2	tms	timestamp	timestamp	YES	CURRENT_TIMESTAMP	N	N					最后修改时间戳	htdocs/install/mysql/tables/llx_projet_task_extrafields.sql	22
llx_projet_task_extrafields	项目	3	fk_object	integer	integer	NO		N	N	uk_projet_task_extrafields	uk_projet_task_extrafields			外部关联 ID（具体目标以外键或业务代码为准）（基于字段名推断）	htdocs/install/mysql/tables/llx_projet_task_extrafields.sql	23
llx_projet_task_extrafields	项目	4	import_key	varchar(14)	varchar	YES		N	N				import key	导入批次/外部导入键；源码注释：import key	htdocs/install/mysql/tables/llx_projet_task_extrafields.sql	24
llx_propal	商业提案	1	rowid	integer	integer	NO		Y	Y	PRIMARY	PRIMARY			主键行标识；通常为自增整数	htdocs/install/mysql/tables/llx_propal.sql	24
llx_propal	商业提案	2	ref	varchar(30)	varchar	NO		N	N	uk_propal_ref	uk_propal_ref		proposal reference number	业务参考号/单号；源码注释：proposal reference number	htdocs/install/mysql/tables/llx_propal.sql	25
llx_propal	商业提案	3	entity	integer	integer	NO	1	N	N	uk_propal_ref	uk_propal_ref		multi company id	多实体/多公司隔离标识；源码注释：multi company id	htdocs/install/mysql/tables/llx_propal.sql	26
llx_propal	商业提案	4	ref_ext	varchar(255)	varchar	YES		N	N				reference into an external system (not used by dolibarr)	代码/参考号字段；源码注释：reference into an external system (not used by dolibarr)	htdocs/install/mysql/tables/llx_propal.sql	28
llx_propal	商业提案	5	ref_client	varchar(255)	varchar	YES		N	N				customer proposal number	代码/参考号字段；源码注释：customer proposal number	htdocs/install/mysql/tables/llx_propal.sql	29
llx_propal	商业提案	6	fk_soc	integer	integer	YES		N	N	idx_propal_fk_soc		llx_societe.rowid		关联第三方企业 ID	htdocs/install/mysql/tables/llx_propal.sql	31
llx_propal	商业提案	7	fk_projet	integer	integer	YES	NULL	N	N	idx_propal_fk_projet		llx_projet.rowid	projet auquel est rattache la propale	关联项目 ID；源码注释：projet auquel est rattache la propale	htdocs/install/mysql/tables/llx_propal.sql	32
llx_propal	商业提案	8	tms	timestamp	timestamp	YES	CURRENT_TIMESTAMP	N	N					最后修改时间戳	htdocs/install/mysql/tables/llx_propal.sql	34
llx_propal	商业提案	9	datec	datetime	datetime	YES		N	N				date de creation	创建日期/时间；源码注释：date de creation	htdocs/install/mysql/tables/llx_propal.sql	35
llx_propal	商业提案	10	datep	date	date	YES		N	N				date de la propal	日期/时间字段；源码注释：date de la propal	htdocs/install/mysql/tables/llx_propal.sql	36
llx_propal	商业提案	11	fin_validite	datetime	datetime	YES		N	N				date de fin de validite	字段 fin_validite；源码注释：date de fin de validite	htdocs/install/mysql/tables/llx_propal.sql	37
llx_propal	商业提案	12	date_valid	datetime	datetime	YES		N	N				date de validation	审核/生效日期；源码注释：date de validation	htdocs/install/mysql/tables/llx_propal.sql	38
llx_propal	商业提案	13	date_signature	datetime	datetime	YES		N	N				date signature	日期/时间字段；源码注释：date signature	htdocs/install/mysql/tables/llx_propal.sql	39
llx_propal	商业提案	14	date_cloture	datetime	datetime	YES		N	N				date de cloture	日期/时间字段；源码注释：date de cloture	htdocs/install/mysql/tables/llx_propal.sql	40
llx_propal	商业提案	15	fk_user_author	integer	integer	YES		N	N	idx_propal_fk_user_author		llx_user.rowid	user making creation	创建人/制单人用户 ID；源码注释：user making creation	htdocs/install/mysql/tables/llx_propal.sql	41
llx_propal	商业提案	16	fk_user_modif	integer	integer	YES		N	N				user making last change	最后修改人用户 ID；源码注释：user making last change	htdocs/install/mysql/tables/llx_propal.sql	42
llx_propal	商业提案	17	fk_user_valid	integer	integer	YES		N	N	idx_propal_fk_user_valid		llx_user.rowid	user validating	审核/验证人用户 ID；源码注释：user validating	htdocs/install/mysql/tables/llx_propal.sql	43
llx_propal	商业提案	18	fk_user_signature	integer	integer	YES		N	N	idx_propal_fk_user_signature		llx_user.rowid	user signing (also means signed or not)	外部关联 ID（具体目标以外键或业务代码为准）；源码注释：user signing (also means signed or not)	htdocs/install/mysql/tables/llx_propal.sql	44
llx_propal	商业提案	19	fk_user_cloture	integer	integer	YES		N	N	idx_propal_fk_user_cloture		llx_user.rowid	user closing	外部关联 ID（具体目标以外键或业务代码为准）；源码注释：user closing	htdocs/install/mysql/tables/llx_propal.sql	45
llx_propal	商业提案	20	fk_statut	smallint	smallint	NO	0	N	N				0=draft, 1=validated, 2=accepted, 3=refused, 4=billed/closed	状态码；源码注释：0=draft, 1=validated, 2=accepted, 3=refused, 4=billed/closed	htdocs/install/mysql/tables/llx_propal.sql	46
llx_propal	商业提案	21	price	real	real	YES	0	N	N				(obsolete)	价格；源码注释：(obsolete)	htdocs/install/mysql/tables/llx_propal.sql	47
llx_propal	商业提案	22	remise_percent	real	real	YES	0	N	N				remise globale relative en pourcent (deprecated, not used)	比例/百分比字段；源码注释：remise globale relative en pourcent (deprecated, not used)	htdocs/install/mysql/tables/llx_propal.sql	49
llx_propal	商业提案	23	remise_absolue	real	real	YES	0	N	N				remise globale absolue (deprecated, not used)	字段 remise_absolue；源码注释：remise globale absolue (deprecated, not used)	htdocs/install/mysql/tables/llx_propal.sql	50
llx_propal	商业提案	24	remise	real	real	YES	0	N	N				remise calculee (deprecated, not used)	字段 remise；源码注释：remise calculee (deprecated, not used)	htdocs/install/mysql/tables/llx_propal.sql	51
llx_propal	商业提案	25	total_ht	double(24,8)	double	YES	0	N	N				montant total ht apres remise globale	未含税总额；源码注释：montant total ht apres remise globale	htdocs/install/mysql/tables/llx_propal.sql	53
llx_propal	商业提案	26	total_tva	double(24,8)	double	YES	0	N	N				montant total tva apres remise globale	税额总计；源码注释：montant total tva apres remise globale	htdocs/install/mysql/tables/llx_propal.sql	54
llx_propal	商业提案	27	localtax1	double(24,8)	double	YES	0	N	N				amount total localtax1	金额、价格或税费字段；源码注释：amount total localtax1	htdocs/install/mysql/tables/llx_propal.sql	55
llx_propal	商业提案	28	localtax2	double(24,8)	double	YES	0	N	N				amount total localtax2	金额、价格或税费字段；源码注释：amount total localtax2	htdocs/install/mysql/tables/llx_propal.sql	56
llx_propal	商业提案	29	total_ttc	double(24,8)	double	YES	0	N	N				montant total ttc apres remise globale	含税总额；源码注释：montant total ttc apres remise globale	htdocs/install/mysql/tables/llx_propal.sql	57
llx_propal	商业提案	30	fk_account	integer	integer	YES		N	N	idx_propal_fk_account			bank account	关联银行账户 ID；源码注释：bank account	htdocs/install/mysql/tables/llx_propal.sql	59
llx_propal	商业提案	31	fk_currency	varchar(3)	varchar	YES		N	N	idx_propal_fk_currency			currency code	关联货币代码；源码注释：currency code	htdocs/install/mysql/tables/llx_propal.sql	60
llx_propal	商业提案	32	fk_cond_reglement	integer	integer	YES		N	N				condition de reglement (30 jours, fin de mois ...)	外部关联 ID（具体目标以外键或业务代码为准）；源码注释：condition de reglement (30 jours, fin de mois ...)	htdocs/install/mysql/tables/llx_propal.sql	61
llx_propal	商业提案	33	deposit_percent	varchar(63)	varchar	YES	NULL	N	N				default deposit % if payment term needs it	比例/百分比字段；源码注释：default deposit % if payment term needs it	htdocs/install/mysql/tables/llx_propal.sql	62
llx_propal	商业提案	34	fk_mode_reglement	integer	integer	YES		N	N				mode de reglement (Virement, Prelevement)	外部关联 ID（具体目标以外键或业务代码为准）；源码注释：mode de reglement (Virement, Prelevement)	htdocs/install/mysql/tables/llx_propal.sql	63
llx_propal	商业提案	35	online_sign_ip	varchar(48)	varchar	YES		N	N					字段 online_sign_ip（基于字段名推断）	htdocs/install/mysql/tables/llx_propal.sql	65
llx_propal	商业提案	36	online_sign_name	varchar(64)	varchar	YES		N	N					名称/标题字段（基于字段名推断）	htdocs/install/mysql/tables/llx_propal.sql	66
llx_propal	商业提案	37	note_private	text	text	YES		N	N					内部备注	htdocs/install/mysql/tables/llx_propal.sql	68
llx_propal	商业提案	38	note_public	text	text	YES		N	N					公开备注	htdocs/install/mysql/tables/llx_propal.sql	69
llx_propal	商业提案	39	model_pdf	varchar(255)	varchar	YES		N	N				last template used to generate main document (exemple: azur, generic_invoice_odt:/pathto/template_invoice.odt)	字段 model_pdf；源码注释：last template used to generate main document (exemple: azur, generic_invoice_odt:/pathto/template_invoice.odt)	htdocs/install/mysql/tables/llx_propal.sql	71
llx_propal	商业提案	40	model_pdf_pos_sign	varchar(32)	varchar	YES		N	N				last position used to include the signature (example: posX:posY:Height:Width)	字段 model_pdf_pos_sign；源码注释：last position used to include the signature (example: posX:posY:Height:Width)	htdocs/install/mysql/tables/llx_propal.sql	72
llx_propal	商业提案	41	last_main_doc	varchar(255)	varchar	YES		N	N				relative filepath+filename of the last main generated document	字段 last_main_doc；源码注释：relative filepath+filename of the last main generated document	htdocs/install/mysql/tables/llx_propal.sql	73
llx_propal	商业提案	42	date_livraison	date	date	YES	NULL	N	N				delivery date	日期/时间字段；源码注释：delivery date	htdocs/install/mysql/tables/llx_propal.sql	75
llx_propal	商业提案	43	fk_shipping_method	integer	integer	YES		N	N				shipping method id	外部关联 ID（具体目标以外键或业务代码为准）；源码注释：shipping method id	htdocs/install/mysql/tables/llx_propal.sql	76
llx_propal	商业提案	44	fk_warehouse	integer	integer	YES	NULL	N	N	idx_propal_fk_warehouse			warehouse id	关联仓库 ID；源码注释：warehouse id	htdocs/install/mysql/tables/llx_propal.sql	77
llx_propal	商业提案	45	fk_availability	integer	integer	YES		N	N					外部关联 ID（具体目标以外键或业务代码为准）（基于字段名推断）	htdocs/install/mysql/tables/llx_propal.sql	78
llx_propal	商业提案	46	fk_input_reason	integer	integer	YES		N	N					外部关联 ID（具体目标以外键或业务代码为准）（基于字段名推断）	htdocs/install/mysql/tables/llx_propal.sql	79
llx_propal	商业提案	47	fk_incoterms	integer	integer	YES		N	N				for incoterms	外部关联 ID（具体目标以外键或业务代码为准）；源码注释：for incoterms	htdocs/install/mysql/tables/llx_propal.sql	80
llx_propal	商业提案	48	location_incoterms	varchar(255)	varchar	YES		N	N				for incoterms	字段 location_incoterms；源码注释：for incoterms	htdocs/install/mysql/tables/llx_propal.sql	81
llx_propal	商业提案	49	import_key	varchar(14)	varchar	YES		N	N					导入批次/外部导入键	htdocs/install/mysql/tables/llx_propal.sql	82
llx_propal	商业提案	50	extraparams	varchar(255)	varchar	YES		N	N				for stock other parameters with json format	扩展参数/结构化文本；源码注释：for stock other parameters with json format	htdocs/install/mysql/tables/llx_propal.sql	83
llx_propal	商业提案	51	fk_delivery_address	integer	integer	YES		N	N				delivery address (deprecated)	外部关联 ID（具体目标以外键或业务代码为准）；源码注释：delivery address (deprecated)	htdocs/install/mysql/tables/llx_propal.sql	84
llx_propal	商业提案	52	fk_multicurrency	integer	integer	YES		N	N					外部关联 ID（具体目标以外键或业务代码为准）（基于字段名推断）	htdocs/install/mysql/tables/llx_propal.sql	86
llx_propal	商业提案	53	multicurrency_code	varchar(3)	varchar	YES		N	N					代码/参考号字段（基于字段名推断）	htdocs/install/mysql/tables/llx_propal.sql	87
llx_propal	商业提案	54	multicurrency_tx	double(24,8)	double	YES	1	N	N					字段 multicurrency_tx（基于字段名推断）	htdocs/install/mysql/tables/llx_propal.sql	88
llx_propal	商业提案	55	multicurrency_total_ht	double(24,8)	double	YES	0	N	N					金额、价格或税费字段（基于字段名推断）	htdocs/install/mysql/tables/llx_propal.sql	89
llx_propal	商业提案	56	multicurrency_total_tva	double(24,8)	double	YES	0	N	N					金额、价格或税费字段（基于字段名推断）	htdocs/install/mysql/tables/llx_propal.sql	90
llx_propal	商业提案	57	multicurrency_total_ttc	double(24,8)	double	YES	0	N	N					金额、价格或税费字段（基于字段名推断）	htdocs/install/mysql/tables/llx_propal.sql	91
llx_propal_extrafields	商业提案	1	rowid	integer	integer	NO		Y	Y	PRIMARY	PRIMARY			主键行标识；通常为自增整数	htdocs/install/mysql/tables/llx_propal_extrafields.sql	21
llx_propal_extrafields	商业提案	2	tms	timestamp	timestamp	YES	CURRENT_TIMESTAMP	N	N					最后修改时间戳	htdocs/install/mysql/tables/llx_propal_extrafields.sql	22
llx_propal_extrafields	商业提案	3	fk_object	integer	integer	NO		N	N	uk_propal_extrafields	uk_propal_extrafields			外部关联 ID（具体目标以外键或业务代码为准）（基于字段名推断）	htdocs/install/mysql/tables/llx_propal_extrafields.sql	23
llx_propal_extrafields	商业提案	4	import_key	varchar(14)	varchar	YES		N	N				import key	导入批次/外部导入键；源码注释：import key	htdocs/install/mysql/tables/llx_propal_extrafields.sql	24
llx_propal_merge_pdf_product	商业提案	1	rowid	integer	integer	NO		Y	Y	PRIMARY	PRIMARY			主键行标识；通常为自增整数	htdocs/install/mysql/tables/llx_propal_merge_pdf_product.sql	18
llx_propal_merge_pdf_product	商业提案	2	fk_product	integer	integer	NO		N	N					关联产品/服务 ID	htdocs/install/mysql/tables/llx_propal_merge_pdf_product.sql	19
llx_propal_merge_pdf_product	商业提案	3	file_name	varchar(200)	varchar	NO		N	N					名称/标题字段（基于字段名推断）	htdocs/install/mysql/tables/llx_propal_merge_pdf_product.sql	20
llx_propal_merge_pdf_product	商业提案	4	lang	varchar(5)	varchar	YES	NULL	N	N					字段 lang（基于字段名推断）	htdocs/install/mysql/tables/llx_propal_merge_pdf_product.sql	21
llx_propal_merge_pdf_product	商业提案	5	fk_user_author	integer	integer	YES	NULL	N	N					创建人/制单人用户 ID	htdocs/install/mysql/tables/llx_propal_merge_pdf_product.sql	22
llx_propal_merge_pdf_product	商业提案	6	fk_user_mod	integer	integer	NO		N	N					外部关联 ID（具体目标以外键或业务代码为准）（基于字段名推断）	htdocs/install/mysql/tables/llx_propal_merge_pdf_product.sql	23
llx_propal_merge_pdf_product	商业提案	7	datec	datetime	datetime	NO		N	N					创建日期/时间	htdocs/install/mysql/tables/llx_propal_merge_pdf_product.sql	24
llx_propal_merge_pdf_product	商业提案	8	tms	timestamp	timestamp	YES	CURRENT_TIMESTAMP	N	N					最后修改时间戳	htdocs/install/mysql/tables/llx_propal_merge_pdf_product.sql	25
llx_propal_merge_pdf_product	商业提案	9	import_key	varchar(14)	varchar	YES	NULL	N	N					导入批次/外部导入键	htdocs/install/mysql/tables/llx_propal_merge_pdf_product.sql	26
llx_propaldet	商业提案	1	rowid	integer	integer	NO		Y	Y	PRIMARY	PRIMARY			主键行标识；通常为自增整数	htdocs/install/mysql/tables/llx_propaldet.sql	25
llx_propaldet	商业提案	2	fk_propal	integer	integer	NO		N	N	idx_propaldet_fk_propal		llx_propal.rowid		外部关联 ID（具体目标以外键或业务代码为准）（基于字段名推断）	htdocs/install/mysql/tables/llx_propaldet.sql	26
llx_propaldet	商业提案	3	fk_parent_line	integer	integer	YES		N	N					外部关联 ID（具体目标以外键或业务代码为准）（基于字段名推断）	htdocs/install/mysql/tables/llx_propaldet.sql	27
llx_propaldet	商业提案	4	fk_product	integer	integer	YES		N	N	idx_propaldet_fk_product				关联产品/服务 ID	htdocs/install/mysql/tables/llx_propaldet.sql	28
llx_propaldet	商业提案	5	label	varchar(255)	varchar	YES	NULL	N	N					名称或标签	htdocs/install/mysql/tables/llx_propaldet.sql	29
llx_propaldet	商业提案	6	description	text	text	YES		N	N					描述	htdocs/install/mysql/tables/llx_propaldet.sql	30
llx_propaldet	商业提案	7	fk_remise_except	integer	integer	YES		N	N				Link to table of fixed discounts	外部关联 ID（具体目标以外键或业务代码为准）；源码注释：Link to table of fixed discounts	htdocs/install/mysql/tables/llx_propaldet.sql	31
llx_propaldet	商业提案	8	vat_src_code	varchar(10)	varchar	YES	''	N	N				Vat code used as source of vat fields. Not strict foreign key here.	代码/参考号字段；源码注释：Vat code used as source of vat fields. Not strict foreign key here.	htdocs/install/mysql/tables/llx_propaldet.sql	32
llx_propaldet	商业提案	9	tva_tx	double(7,4)	double	YES	0	N	N				Vat rate	字段 tva_tx；源码注释：Vat rate	htdocs/install/mysql/tables/llx_propaldet.sql	33
llx_propaldet	商业提案	10	localtax1_tx	double(7,4)	double	YES	0	N	N				localtax1 rate	金额、价格或税费字段；源码注释：localtax1 rate	htdocs/install/mysql/tables/llx_propaldet.sql	34
llx_propaldet	商业提案	11	localtax1_type	varchar(10)	varchar	YES		N	N				localtax1 type	金额、价格或税费字段；源码注释：localtax1 type	htdocs/install/mysql/tables/llx_propaldet.sql	35
llx_propaldet	商业提案	12	localtax2_tx	double(7,4)	double	YES	0	N	N				localtax2 rate	金额、价格或税费字段；源码注释：localtax2 rate	htdocs/install/mysql/tables/llx_propaldet.sql	36
llx_propaldet	商业提案	13	localtax2_type	varchar(10)	varchar	YES		N	N				localtax2 type	金额、价格或税费字段；源码注释：localtax2 type	htdocs/install/mysql/tables/llx_propaldet.sql	37
llx_propaldet	商业提案	14	qty	real	real	YES		N	N				quantity	数量；源码注释：quantity	htdocs/install/mysql/tables/llx_propaldet.sql	38
llx_propaldet	商业提案	15	remise_percent	real	real	YES	0	N	N				% of discount on line (example 20%)	比例/百分比字段；源码注释：% of discount on line (example 20%)	htdocs/install/mysql/tables/llx_propaldet.sql	39
llx_propaldet	商业提案	16	remise	real	real	YES	0	N	N				Deprecated (Do, not use)	字段 remise；源码注释：Deprecated (Do, not use)	htdocs/install/mysql/tables/llx_propaldet.sql	40
llx_propaldet	商业提案	17	price	real	real	YES		N	N				Deprecated (Do not use)	价格；源码注释：Deprecated (Do not use)	htdocs/install/mysql/tables/llx_propaldet.sql	41
llx_propaldet	商业提案	18	subprice	double(24,8)	double	YES	0	N	N				unit price HT (example 100) - discount not included	金额、价格或税费字段；源码注释：unit price HT (example 100) - discount not included	htdocs/install/mysql/tables/llx_propaldet.sql	42
llx_propaldet	商业提案	19	subprice_ttc	double(24,8)	double	YES	0	N	N				unit price if price was entered including tax - discount not included	金额、价格或税费字段；源码注释：unit price if price was entered including tax - discount not included	htdocs/install/mysql/tables/llx_propaldet.sql	43
llx_propaldet	商业提案	20	total_ht	double(24,8)	double	YES	0	N	N				Total excluding VAT of the line all quantities and including line and global discount	未含税总额；源码注释：Total excluding VAT of the line all quantities and including line and global discount	htdocs/install/mysql/tables/llx_propaldet.sql	44
llx_propaldet	商业提案	21	total_tva	double(24,8)	double	YES	0	N	N				Total VAT of the line any quantity and including discount line and global	税额总计；源码注释：Total VAT of the line any quantity and including discount line and global	htdocs/install/mysql/tables/llx_propaldet.sql	45
llx_propaldet	商业提案	22	total_localtax1	double(24,8)	double	YES	0	N	N				Total localtax1	金额、价格或税费字段；源码注释：Total localtax1	htdocs/install/mysql/tables/llx_propaldet.sql	46
llx_propaldet	商业提案	23	total_localtax2	double(24,8)	double	YES	0	N	N				Total localtax2	金额、价格或税费字段；源码注释：Total localtax2	htdocs/install/mysql/tables/llx_propaldet.sql	47
llx_propaldet	商业提案	24	total_ttc	double(24,8)	double	YES	0	N	N				Total TTC of the line all quantity and including line and global discount	含税总额；源码注释：Total TTC of the line all quantity and including line and global discount	htdocs/install/mysql/tables/llx_propaldet.sql	48
llx_propaldet	商业提案	25	product_type	integer	integer	YES	0	N	N				0 or 1. Value 9 may be used by some modules (amount of line may not be included into generated discount if value is 9).	字段 product_type；源码注释：0 or 1. Value 9 may be used by some modules (amount of line may not be included into generated discount if value is 9).	htdocs/install/mysql/tables/llx_propaldet.sql	49
llx_propaldet	商业提案	26	date_start	datetime	datetime	YES	NULL	N	N				start date if service	日期/时间字段；源码注释：start date if service	htdocs/install/mysql/tables/llx_propaldet.sql	50
llx_propaldet	商业提案	27	date_end	datetime	datetime	YES	NULL	N	N				end date if service	日期/时间字段；源码注释：end date if service	htdocs/install/mysql/tables/llx_propaldet.sql	51
llx_propaldet	商业提案	28	info_bits	integer	integer	YES	0	N	N				VAT NPR or not	字段 info_bits；源码注释：VAT NPR or not	htdocs/install/mysql/tables/llx_propaldet.sql	52
llx_propaldet	商业提案	29	buy_price_ht	double(24,8)	double	YES	0	N	N				buying price	金额、价格或税费字段；源码注释：buying price	htdocs/install/mysql/tables/llx_propaldet.sql	54
llx_propaldet	商业提案	30	fk_product_fournisseur_price	integer	integer	YES	NULL	N	N				reference of supplier price when line was added (may be used to update buy_price_ht current price when future invoice will be created)	外部关联 ID（具体目标以外键或业务代码为准）；源码注释：reference of supplier price when line was added (may be used to update buy_price_ht current price when future invoice will be created)	htdocs/install/mysql/tables/llx_propaldet.sql	55
llx_propaldet	商业提案	31	special_code	integer	integer	YES	0	N	N				code for special lines (may be 1=transport, 2=ecotax, 3=option, moduleid=...)	代码/参考号字段；源码注释：code for special lines (may be 1=transport, 2=ecotax, 3=option, moduleid=...)	htdocs/install/mysql/tables/llx_propaldet.sql	57
llx_propaldet	商业提案	32	rang	integer	integer	YES	0	N	N				order display on the propal	字段 rang；源码注释：order display on the propal	htdocs/install/mysql/tables/llx_propaldet.sql	58
llx_propaldet	商业提案	33	fk_unit	integer	integer	YES	NULL	N	N			llx_c_units.rowid	link to table of units	外部关联 ID（具体目标以外键或业务代码为准）；源码注释：link to table of units	htdocs/install/mysql/tables/llx_propaldet.sql	59
llx_propaldet	商业提案	34	fk_multicurrency	integer	integer	YES		N	N					外部关联 ID（具体目标以外键或业务代码为准）（基于字段名推断）	htdocs/install/mysql/tables/llx_propaldet.sql	61
llx_propaldet	商业提案	35	multicurrency_code	varchar(3)	varchar	YES		N	N					代码/参考号字段（基于字段名推断）	htdocs/install/mysql/tables/llx_propaldet.sql	62
llx_propaldet	商业提案	36	multicurrency_subprice	double(24,8)	double	YES	0	N	N					金额、价格或税费字段（基于字段名推断）	htdocs/install/mysql/tables/llx_propaldet.sql	63
llx_propaldet	商业提案	37	multicurrency_subprice_ttc	double(24,8)	double	YES	0	N	N					金额、价格或税费字段（基于字段名推断）	htdocs/install/mysql/tables/llx_propaldet.sql	64
llx_propaldet	商业提案	38	multicurrency_total_ht	double(24,8)	double	YES	0	N	N					金额、价格或税费字段（基于字段名推断）	htdocs/install/mysql/tables/llx_propaldet.sql	65
llx_propaldet	商业提案	39	multicurrency_total_tva	double(24,8)	double	YES	0	N	N					金额、价格或税费字段（基于字段名推断）	htdocs/install/mysql/tables/llx_propaldet.sql	66
llx_propaldet	商业提案	40	multicurrency_total_ttc	double(24,8)	double	YES	0	N	N					金额、价格或税费字段（基于字段名推断）	htdocs/install/mysql/tables/llx_propaldet.sql	67
llx_propaldet	商业提案	41	import_key	varchar(14)	varchar	YES		N	N					导入批次/外部导入键	htdocs/install/mysql/tables/llx_propaldet.sql	69
llx_propaldet	商业提案	42	extraparams	varchar(255)	varchar	YES		N	N				to stock other parameters in json format	扩展参数/结构化文本；源码注释：to stock other parameters in json format	htdocs/install/mysql/tables/llx_propaldet.sql	70
llx_propaldet_extrafields	商业提案	1	rowid	integer	integer	NO		Y	Y	PRIMARY	PRIMARY			主键行标识；通常为自增整数	htdocs/install/mysql/tables/llx_propaldet_extrafields.sql	21
llx_propaldet_extrafields	商业提案	2	tms	timestamp	timestamp	YES	CURRENT_TIMESTAMP	N	N					最后修改时间戳	htdocs/install/mysql/tables/llx_propaldet_extrafields.sql	22
llx_propaldet_extrafields	商业提案	3	fk_object	integer	integer	NO		N	N	uk_propaldet_extrafields	uk_propaldet_extrafields		object id	外部关联 ID（具体目标以外键或业务代码为准）；源码注释：object id	htdocs/install/mysql/tables/llx_propaldet_extrafields.sql	23
llx_propaldet_extrafields	商业提案	4	import_key	varchar(14)	varchar	YES		N	N				import key	导入批次/外部导入键；源码注释：import key	htdocs/install/mysql/tables/llx_propaldet_extrafields.sql	24
llx_quickmemo_memo	核心/系统	1	rowid	integer	integer	NO		Y	Y	PRIMARY, idx_quickmemo_memo_rowid	PRIMARY			主键行标识；通常为自增整数	htdocs/install/mysql/tables/llx_quickmemo_memo-quickmemo.sql	18
llx_quickmemo_memo	核心/系统	2	entity	integer	integer	NO	1	N	N					多实体/多公司隔离标识	htdocs/install/mysql/tables/llx_quickmemo_memo-quickmemo.sql	19
llx_quickmemo_memo	核心/系统	3	fk_element	integer	integer	NO		N	N	idx_quickmemo_memo_element				外部关联 ID（具体目标以外键或业务代码为准）（基于字段名推断）	htdocs/install/mysql/tables/llx_quickmemo_memo-quickmemo.sql	21
llx_quickmemo_memo	核心/系统	4	element_type	varchar(64)	varchar	NO		N	N	idx_quickmemo_memo_element				字段 element_type（基于字段名推断）	htdocs/install/mysql/tables/llx_quickmemo_memo-quickmemo.sql	22
llx_quickmemo_memo	核心/系统	5	quick_note	text	text	YES		N	N					备注/说明字段（基于字段名推断）	htdocs/install/mysql/tables/llx_quickmemo_memo-quickmemo.sql	24
llx_quickmemo_memo	核心/系统	6	date_creation	datetime	datetime	NO		N	N					日期/时间字段（基于字段名推断）	htdocs/install/mysql/tables/llx_quickmemo_memo-quickmemo.sql	25
llx_quickmemo_memo	核心/系统	7	tms	timestamp	timestamp	YES	CURRENT_TIMESTAMP	N	N					最后修改时间戳	htdocs/install/mysql/tables/llx_quickmemo_memo-quickmemo.sql	26
llx_quickmemo_memo	核心/系统	8	fk_user_creat	integer	integer	NO		N	N					创建人用户 ID	htdocs/install/mysql/tables/llx_quickmemo_memo-quickmemo.sql	27
llx_quickmemo_memo	核心/系统	9	fk_user_modif	integer	integer	YES		N	N					最后修改人用户 ID	htdocs/install/mysql/tables/llx_quickmemo_memo-quickmemo.sql	28
llx_quickmemo_memo	核心/系统	10	fk_user_archived	integer	integer	YES		N	N					外部关联 ID（具体目标以外键或业务代码为准）（基于字段名推断）	htdocs/install/mysql/tables/llx_quickmemo_memo-quickmemo.sql	29
llx_quickmemo_memo	核心/系统	11	date_archived	timestamp	timestamp	YES	NULL	N	N					日期/时间字段（基于字段名推断）	htdocs/install/mysql/tables/llx_quickmemo_memo-quickmemo.sql	30
llx_quickmemo_memo	核心/系统	12	import_key	varchar(14)	varchar	YES		N	N					导入批次/外部导入键	htdocs/install/mysql/tables/llx_quickmemo_memo-quickmemo.sql	32
llx_quickmemo_memo	核心/系统	13	pos_z	integer	integer	NO	0	N	N					字段 pos_z（基于字段名推断）	htdocs/install/mysql/tables/llx_quickmemo_memo-quickmemo.sql	34
llx_quickmemo_memo	核心/系统	14	pos_y	integer	integer	NO	0	N	N					字段 pos_y（基于字段名推断）	htdocs/install/mysql/tables/llx_quickmemo_memo-quickmemo.sql	35
llx_quickmemo_memo	核心/系统	15	pos_x	integer	integer	NO	0	N	N					字段 pos_x（基于字段名推断）	htdocs/install/mysql/tables/llx_quickmemo_memo-quickmemo.sql	36
llx_quickmemo_memo	核心/系统	16	pos_w	integer	integer	NO	0	N	N					字段 pos_w（基于字段名推断）	htdocs/install/mysql/tables/llx_quickmemo_memo-quickmemo.sql	37
llx_quickmemo_memo	核心/系统	17	pos_h	integer	integer	NO	0	N	N					字段 pos_h（基于字段名推断）	htdocs/install/mysql/tables/llx_quickmemo_memo-quickmemo.sql	38
llx_quickmemo_memo	核心/系统	18	color	varchar(10)	varchar	YES		N	N					字段 color（基于字段名推断）	htdocs/install/mysql/tables/llx_quickmemo_memo-quickmemo.sql	40
llx_quickmemo_memo	核心/系统	19	context_tab	varchar(64)	varchar	YES		N	N					字段 context_tab（基于字段名推断）	htdocs/install/mysql/tables/llx_quickmemo_memo-quickmemo.sql	42
llx_quickmemo_memo	核心/系统	20	private	tinyint	tinyint	NO	1	N	N					字段 private（基于字段名推断）	htdocs/install/mysql/tables/llx_quickmemo_memo-quickmemo.sql	43
llx_quickmemo_memo	核心/系统	21	private_tpl	tinyint	tinyint	YES	0	N	N					字段 private_tpl（基于字段名推断）	htdocs/install/mysql/tables/llx_quickmemo_memo-quickmemo.sql	44
llx_quickmemo_memo	核心/系统	22	rank_tpl	integer	integer	YES	0	N	N					字段 rank_tpl（基于字段名推断）	htdocs/install/mysql/tables/llx_quickmemo_memo-quickmemo.sql	45
llx_quickmemo_memo	核心/系统	23	name_tpl	varchar(256)	varchar	YES		N	N					名称/标题字段（基于字段名推断）	htdocs/install/mysql/tables/llx_quickmemo_memo-quickmemo.sql	46
llx_quickmemo_memo	核心/系统	24	shared_on_element	integer	integer	NO	0	N	N					字段 shared_on_element（基于字段名推断）	htdocs/install/mysql/tables/llx_quickmemo_memo-quickmemo.sql	47
llx_quickmemo_memo	核心/系统	25	status	integer	integer	NO	1	N	N	idx_quickmemo_memo_status				状态标识	htdocs/install/mysql/tables/llx_quickmemo_memo-quickmemo.sql	48
llx_quickmemo_memo_extrafields	核心/系统	1	rowid	integer	integer	NO		Y	Y	PRIMARY	PRIMARY			主键行标识；通常为自增整数	htdocs/install/mysql/tables/llx_quickmemo_memo_extrafields-quickmemo.sql	18
llx_quickmemo_memo_extrafields	核心/系统	2	tms	timestamp	timestamp	YES	CURRENT_TIMESTAMP	N	N					最后修改时间戳	htdocs/install/mysql/tables/llx_quickmemo_memo_extrafields-quickmemo.sql	19
llx_quickmemo_memo_extrafields	核心/系统	3	fk_object	integer	integer	NO		N	N	uk_memo_fk_object	uk_memo_fk_object			外部关联 ID（具体目标以外键或业务代码为准）（基于字段名推断）	htdocs/install/mysql/tables/llx_quickmemo_memo_extrafields-quickmemo.sql	20
llx_quickmemo_memo_extrafields	核心/系统	4	import_key	varchar(14)	varchar	YES		N	N				import key	导入批次/外部导入键；源码注释：import key	htdocs/install/mysql/tables/llx_quickmemo_memo_extrafields-quickmemo.sql	21
llx_quickmemo_memo_user	核心/系统	1	rowid	integer	integer	NO		Y	Y	PRIMARY	PRIMARY			主键行标识；通常为自增整数	htdocs/install/mysql/tables/llx_quickmemo_memo_user-quickmemo.sql	18
llx_quickmemo_memo_user	核心/系统	2	fk_memo	integer	integer	NO		N	N	idx_quickmemo_memo_rowid, uk_memo_user	uk_memo_user			外部关联 ID（具体目标以外键或业务代码为准）（基于字段名推断）	htdocs/install/mysql/tables/llx_quickmemo_memo_user-quickmemo.sql	19
llx_quickmemo_memo_user	核心/系统	3	date_creation	datetime	datetime	NO		N	N					日期/时间字段（基于字段名推断）	htdocs/install/mysql/tables/llx_quickmemo_memo_user-quickmemo.sql	20
llx_quickmemo_memo_user	核心/系统	4	tms	timestamp	timestamp	YES	CURRENT_TIMESTAMP	N	N					最后修改时间戳	htdocs/install/mysql/tables/llx_quickmemo_memo_user-quickmemo.sql	21
llx_quickmemo_memo_user	核心/系统	5	fk_user	integer	integer	NO		N	N	uk_memo_user	uk_memo_user			外部关联 ID（具体目标以外键或业务代码为准）（基于字段名推断）	htdocs/install/mysql/tables/llx_quickmemo_memo_user-quickmemo.sql	22
llx_quickmemo_memo_user	核心/系统	6	pos_z	integer	integer	NO	0	N	N					字段 pos_z（基于字段名推断）	htdocs/install/mysql/tables/llx_quickmemo_memo_user-quickmemo.sql	23
llx_quickmemo_memo_user	核心/系统	7	pos_y	integer	integer	NO	0	N	N					字段 pos_y（基于字段名推断）	htdocs/install/mysql/tables/llx_quickmemo_memo_user-quickmemo.sql	24
llx_quickmemo_memo_user	核心/系统	8	pos_x	integer	integer	NO	0	N	N					字段 pos_x（基于字段名推断）	htdocs/install/mysql/tables/llx_quickmemo_memo_user-quickmemo.sql	25
llx_quickmemo_memo_user	核心/系统	9	pos_w	integer	integer	NO	0	N	N					字段 pos_w（基于字段名推断）	htdocs/install/mysql/tables/llx_quickmemo_memo_user-quickmemo.sql	26
llx_quickmemo_memo_user	核心/系统	10	pos_h	integer	integer	NO	0	N	N					字段 pos_h（基于字段名推断）	htdocs/install/mysql/tables/llx_quickmemo_memo_user-quickmemo.sql	27
llx_reception	核心/系统	1	rowid	integer	integer	NO		Y	Y	PRIMARY	PRIMARY			主键行标识；通常为自增整数	htdocs/install/mysql/tables/llx_reception.sql	25
llx_reception	核心/系统	2	tms	timestamp	timestamp	YES	CURRENT_TIMESTAMP	N	N					最后修改时间戳	htdocs/install/mysql/tables/llx_reception.sql	26
llx_reception	核心/系统	3	ref	varchar(30)	varchar	NO		N	N	idx_reception_uk_ref	idx_reception_uk_ref			业务参考号/单号	htdocs/install/mysql/tables/llx_reception.sql	27
llx_reception	核心/系统	4	entity	integer	integer	NO	1	N	N	idx_reception_uk_ref	idx_reception_uk_ref		multi company id	多实体/多公司隔离标识；源码注释：multi company id	htdocs/install/mysql/tables/llx_reception.sql	28
llx_reception	核心/系统	5	fk_soc	integer	integer	NO		N	N	idx_reception_fk_soc		llx_societe.rowid		关联第三方企业 ID	htdocs/install/mysql/tables/llx_reception.sql	29
llx_reception	核心/系统	6	fk_projet	integer	integer	YES	NULL	N	N					关联项目 ID	htdocs/install/mysql/tables/llx_reception.sql	30
llx_reception	核心/系统	7	ref_ext	varchar(30)	varchar	YES		N	N				reference into an external system (not used by dolibarr)	代码/参考号字段；源码注释：reference into an external system (not used by dolibarr)	htdocs/install/mysql/tables/llx_reception.sql	32
llx_reception	核心/系统	8	ref_supplier	varchar(255)	varchar	YES		N	N				reference of reception on supplier side	代码/参考号字段；源码注释：reference of reception on supplier side	htdocs/install/mysql/tables/llx_reception.sql	33
llx_reception	核心/系统	9	date_creation	datetime	datetime	YES		N	N				date de creation	日期/时间字段；源码注释：date de creation	htdocs/install/mysql/tables/llx_reception.sql	35
llx_reception	核心/系统	10	fk_user_author	integer	integer	YES		N	N	idx_reception_fk_user_author		llx_user.rowid	author of creation	创建人/制单人用户 ID；源码注释：author of creation	htdocs/install/mysql/tables/llx_reception.sql	36
llx_reception	核心/系统	11	fk_user_modif	integer	integer	YES		N	N				author of last change	最后修改人用户 ID；源码注释：author of last change	htdocs/install/mysql/tables/llx_reception.sql	37
llx_reception	核心/系统	12	date_valid	datetime	datetime	YES		N	N				date de validation	审核/生效日期；源码注释：date de validation	htdocs/install/mysql/tables/llx_reception.sql	38
llx_reception	核心/系统	13	fk_user_valid	integer	integer	YES		N	N	idx_reception_fk_user_valid		llx_user.rowid	valideur	审核/验证人用户 ID；源码注释：valideur	htdocs/install/mysql/tables/llx_reception.sql	39
llx_reception	核心/系统	14	date_delivery	datetime	datetime	YES	NULL	N	N				date planned of delivery	日期/时间字段；源码注释：date planned of delivery	htdocs/install/mysql/tables/llx_reception.sql	40
llx_reception	核心/系统	15	date_reception	datetime	datetime	YES		N	N					日期/时间字段（基于字段名推断）	htdocs/install/mysql/tables/llx_reception.sql	41
llx_reception	核心/系统	16	fk_shipping_method	integer	integer	YES		N	N	idx_reception_fk_shipping_method		llx_c_shipment_mode.rowid		外部关联 ID（具体目标以外键或业务代码为准）（基于字段名推断）	htdocs/install/mysql/tables/llx_reception.sql	42
llx_reception	核心/系统	17	tracking_number	varchar(50)	varchar	YES		N	N					字段 tracking_number（基于字段名推断）	htdocs/install/mysql/tables/llx_reception.sql	43
llx_reception	核心/系统	18	fk_statut	smallint	smallint	YES	0	N	N				0 = draft, 1 = validated, 2 = billed or closed depending on WORKFLOW_BILL_ON_SHIPMENT option	状态码；源码注释：0 = draft, 1 = validated, 2 = billed or closed depending on WORKFLOW_BILL_ON_SHIPMENT option	htdocs/install/mysql/tables/llx_reception.sql	44
llx_reception	核心/系统	19	billed	smallint	smallint	YES	0	N	N					字段 billed（基于字段名推断）	htdocs/install/mysql/tables/llx_reception.sql	45
llx_reception	核心/系统	20	height	float	float	YES		N	N				height	字段 height；源码注释：height	htdocs/install/mysql/tables/llx_reception.sql	47
llx_reception	核心/系统	21	width	float	float	YES		N	N				with	字段 width；源码注释：with	htdocs/install/mysql/tables/llx_reception.sql	48
llx_reception	核心/系统	22	size_units	integer	integer	YES		N	N				unit of all sizes (height, width, depth)	字段 size_units；源码注释：unit of all sizes (height, width, depth)	htdocs/install/mysql/tables/llx_reception.sql	49
llx_reception	核心/系统	23	size	float	float	YES		N	N				depth	字段 size；源码注释：depth	htdocs/install/mysql/tables/llx_reception.sql	50
llx_reception	核心/系统	24	weight_units	integer	integer	YES		N	N				unit of weight	字段 weight_units；源码注释：unit of weight	htdocs/install/mysql/tables/llx_reception.sql	51
llx_reception	核心/系统	25	weight	float	float	YES		N	N				weight	字段 weight；源码注释：weight	htdocs/install/mysql/tables/llx_reception.sql	52
llx_reception	核心/系统	26	note_private	text	text	YES		N	N					内部备注	htdocs/install/mysql/tables/llx_reception.sql	53
llx_reception	核心/系统	27	note_public	text	text	YES		N	N					公开备注	htdocs/install/mysql/tables/llx_reception.sql	54
llx_reception	核心/系统	28	model_pdf	varchar(255)	varchar	YES		N	N					字段 model_pdf（基于字段名推断）	htdocs/install/mysql/tables/llx_reception.sql	55
llx_reception	核心/系统	29	fk_incoterms	integer	integer	YES		N	N				for incoterms	外部关联 ID（具体目标以外键或业务代码为准）；源码注释：for incoterms	htdocs/install/mysql/tables/llx_reception.sql	56
llx_reception	核心/系统	30	location_incoterms	varchar(255)	varchar	YES		N	N				for incoterms	字段 location_incoterms；源码注释：for incoterms	htdocs/install/mysql/tables/llx_reception.sql	57
llx_reception	核心/系统	31	import_key	varchar(14)	varchar	YES		N	N					导入批次/外部导入键	htdocs/install/mysql/tables/llx_reception.sql	59
llx_reception	核心/系统	32	extraparams	varchar(255)	varchar	YES		N	N				for other parameters with json format	扩展参数/结构化文本；源码注释：for other parameters with json format	htdocs/install/mysql/tables/llx_reception.sql	60
llx_reception_extrafields	核心/系统	1	rowid	integer	integer	NO		Y	Y	PRIMARY	PRIMARY			主键行标识；通常为自增整数	htdocs/install/mysql/tables/llx_reception_extrafields.sql	21
llx_reception_extrafields	核心/系统	2	tms	timestamp	timestamp	YES	CURRENT_TIMESTAMP	N	N					最后修改时间戳	htdocs/install/mysql/tables/llx_reception_extrafields.sql	22
llx_reception_extrafields	核心/系统	3	fk_object	integer	integer	NO		N	N	uk_reception_extrafields	uk_reception_extrafields			外部关联 ID（具体目标以外键或业务代码为准）（基于字段名推断）	htdocs/install/mysql/tables/llx_reception_extrafields.sql	23
llx_reception_extrafields	核心/系统	4	import_key	varchar(14)	varchar	YES		N	N				import key	导入批次/外部导入键；源码注释：import key	htdocs/install/mysql/tables/llx_reception_extrafields.sql	24
llx_receptiondet_batch	核心/系统	1	rowid	integer	integer	NO		Y	Y	PRIMARY	PRIMARY			主键行标识；通常为自增整数	htdocs/install/mysql/tables/llx_receptiondet_batch.sql	27
llx_receptiondet_batch	核心/系统	2	fk_reception	integer	integer	YES	NULL	N	N	idx_receptiondet_batch_fk_reception		llx_reception.rowid	ID of parent object	外部关联 ID（具体目标以外键或业务代码为准）；源码注释：ID of parent object	htdocs/install/mysql/tables/llx_receptiondet_batch.sql	28
llx_receptiondet_batch	核心/系统	3	fk_element	integer	integer	YES		N	N	idx_receptiondet_batch_fk_element			ID of main source object.	外部关联 ID（具体目标以外键或业务代码为准）；源码注释：ID of main source object.	htdocs/install/mysql/tables/llx_receptiondet_batch.sql	29
llx_receptiondet_batch	核心/系统	4	fk_elementdet	integer	integer	YES		N	N	idx_receptiondet_batch_fk_elementdet			ID of line of main source object.	外部关联 ID（具体目标以外键或业务代码为准）；源码注释：ID of line of main source object.	htdocs/install/mysql/tables/llx_receptiondet_batch.sql	30
llx_receptiondet_batch	核心/系统	5	element_type	varchar(50)	varchar	NO	'supplier_order'	N	N				Type of source object ('supplier_order', ...)	字段 element_type；源码注释：Type of source object ('supplier_order', ...)	htdocs/install/mysql/tables/llx_receptiondet_batch.sql	31
llx_receptiondet_batch	核心/系统	6	fk_product	integer	integer	YES		N	N	idx_receptiondet_batch_fk_product				关联产品/服务 ID	htdocs/install/mysql/tables/llx_receptiondet_batch.sql	32
llx_receptiondet_batch	核心/系统	7	description	text	text	YES		N	N				Product description/label of non origin	描述；源码注释：Product description/label of non origin	htdocs/install/mysql/tables/llx_receptiondet_batch.sql	33
llx_receptiondet_batch	核心/系统	8	qty	float	float	YES		N	N				qty to move	数量；源码注释：qty to move	htdocs/install/mysql/tables/llx_receptiondet_batch.sql	34
llx_receptiondet_batch	核心/系统	9	fk_unit	integer	integer	YES		N	N				ID of unit code	外部关联 ID（具体目标以外键或业务代码为准）；源码注释：ID of unit code	htdocs/install/mysql/tables/llx_receptiondet_batch.sql	35
llx_receptiondet_batch	核心/系统	10	fk_entrepot	integer	integer	YES		N	N				ID of warehouse to use for the stock change	外部关联 ID（具体目标以外键或业务代码为准）；源码注释：ID of warehouse to use for the stock change	htdocs/install/mysql/tables/llx_receptiondet_batch.sql	36
llx_receptiondet_batch	核心/系统	11	fk_projet	integer	integer	YES	NULL	N	N					关联项目 ID	htdocs/install/mysql/tables/llx_receptiondet_batch.sql	37
llx_receptiondet_batch	核心/系统	12	comment	varchar(255)	varchar	YES		N	N				comment on movement	备注/说明字段；源码注释：comment on movement	htdocs/install/mysql/tables/llx_receptiondet_batch.sql	38
llx_receptiondet_batch	核心/系统	13	batch	varchar(128)	varchar	YES	NULL	N	N				serial/lot number	字段 batch；源码注释：serial/lot number	htdocs/install/mysql/tables/llx_receptiondet_batch.sql	39
llx_receptiondet_batch	核心/系统	14	eatby	date	date	YES	NULL	N	N					字段 eatby（基于字段名推断）	htdocs/install/mysql/tables/llx_receptiondet_batch.sql	40
llx_receptiondet_batch	核心/系统	15	sellby	date	date	YES	NULL	N	N					字段 sellby（基于字段名推断）	htdocs/install/mysql/tables/llx_receptiondet_batch.sql	41
llx_receptiondet_batch	核心/系统	16	status	integer	integer	YES		N	N					状态标识	htdocs/install/mysql/tables/llx_receptiondet_batch.sql	42
llx_receptiondet_batch	核心/系统	17	fk_user	integer	integer	YES		N	N					外部关联 ID（具体目标以外键或业务代码为准）（基于字段名推断）	htdocs/install/mysql/tables/llx_receptiondet_batch.sql	43
llx_receptiondet_batch	核心/系统	18	datec	datetime	datetime	YES		N	N					创建日期/时间	htdocs/install/mysql/tables/llx_receptiondet_batch.sql	44
llx_receptiondet_batch	核心/系统	19	tms	timestamp	timestamp	YES	CURRENT_TIMESTAMP	N	N					最后修改时间戳	htdocs/install/mysql/tables/llx_receptiondet_batch.sql	45
llx_receptiondet_batch	核心/系统	20	cost_price	double(24,8)	double	YES	0	N	N					金额、价格或税费字段（基于字段名推断）	htdocs/install/mysql/tables/llx_receptiondet_batch.sql	46
llx_receptiondet_batch	核心/系统	21	ref_fourn	varchar(128)	varchar	YES		N	N				supplier ref of the product price for this reception line. For information, not always filled.	代码/参考号字段；源码注释：supplier ref of the product price for this reception line. For information, not always filled.	htdocs/install/mysql/tables/llx_receptiondet_batch.sql	47
llx_receptiondet_batch	核心/系统	22	rang	integer	integer	YES	0	N	N				Position of line	字段 rang；源码注释：Position of line	htdocs/install/mysql/tables/llx_receptiondet_batch.sql	48
llx_receptiondet_batch	核心/系统	23	extraparams	varchar(255)	varchar	YES		N	N				to stock other parameters in json format	扩展参数/结构化文本；源码注释：to stock other parameters in json format	htdocs/install/mysql/tables/llx_receptiondet_batch.sql	49
llx_receptiondet_batch_extrafields	核心/系统	1	rowid	integer	integer	NO		Y	Y	PRIMARY	PRIMARY			主键行标识；通常为自增整数	htdocs/install/mysql/tables/llx_receptiondet_batch_extrafields.sql	22
llx_receptiondet_batch_extrafields	核心/系统	2	tms	timestamp	timestamp	YES	CURRENT_TIMESTAMP	N	N					最后修改时间戳	htdocs/install/mysql/tables/llx_receptiondet_batch_extrafields.sql	23
llx_receptiondet_batch_extrafields	核心/系统	3	fk_object	integer	integer	NO		N	N	uk_receptiondet_batch_extrafields	uk_receptiondet_batch_extrafields		object id	外部关联 ID（具体目标以外键或业务代码为准）；源码注释：object id	htdocs/install/mysql/tables/llx_receptiondet_batch_extrafields.sql	24
llx_receptiondet_batch_extrafields	核心/系统	4	import_key	varchar(14)	varchar	YES		N	N				import key	导入批次/外部导入键；源码注释：import key	htdocs/install/mysql/tables/llx_receptiondet_batch_extrafields.sql	25
llx_recruitment_recruitmentcandidature	招聘	1	rowid	integer	integer	NO		Y	Y	PRIMARY, idx_recruitment_recruitmentcandidature_rowid	PRIMARY			主键行标识；通常为自增整数	htdocs/install/mysql/tables/llx_recruitment_recruitmentcandidature-recruitment.sql	19
llx_recruitment_recruitmentcandidature	招聘	2	entity	integer	integer	NO	1	N	N					多实体/多公司隔离标识	htdocs/install/mysql/tables/llx_recruitment_recruitmentcandidature-recruitment.sql	20
llx_recruitment_recruitmentcandidature	招聘	3	ref	varchar(128)	varchar	NO	'(PROV)'	N	N	idx_recruitment_recruitmentcandidature_ref				业务参考号/单号	htdocs/install/mysql/tables/llx_recruitment_recruitmentcandidature-recruitment.sql	21
llx_recruitment_recruitmentcandidature	招聘	4	fk_recruitmentjobposition	INTEGER	integer	YES		N	N					外部关联 ID（具体目标以外键或业务代码为准）（基于字段名推断）	htdocs/install/mysql/tables/llx_recruitment_recruitmentcandidature-recruitment.sql	22
llx_recruitment_recruitmentcandidature	招聘	5	description	text	text	YES		N	N					描述	htdocs/install/mysql/tables/llx_recruitment_recruitmentcandidature-recruitment.sql	23
llx_recruitment_recruitmentcandidature	招聘	6	note_public	text	text	YES		N	N					公开备注	htdocs/install/mysql/tables/llx_recruitment_recruitmentcandidature-recruitment.sql	24
llx_recruitment_recruitmentcandidature	招聘	7	note_private	text	text	YES		N	N					内部备注	htdocs/install/mysql/tables/llx_recruitment_recruitmentcandidature-recruitment.sql	25
llx_recruitment_recruitmentcandidature	招聘	8	date_creation	datetime	datetime	NO		N	N					日期/时间字段（基于字段名推断）	htdocs/install/mysql/tables/llx_recruitment_recruitmentcandidature-recruitment.sql	26
llx_recruitment_recruitmentcandidature	招聘	9	tms	timestamp	timestamp	YES	CURRENT_TIMESTAMP	N	N					最后修改时间戳	htdocs/install/mysql/tables/llx_recruitment_recruitmentcandidature-recruitment.sql	27
llx_recruitment_recruitmentcandidature	招聘	10	fk_user_creat	integer	integer	YES		N	N			llx_user.rowid		创建人用户 ID	htdocs/install/mysql/tables/llx_recruitment_recruitmentcandidature-recruitment.sql	28
llx_recruitment_recruitmentcandidature	招聘	11	fk_user_modif	integer	integer	YES		N	N					最后修改人用户 ID	htdocs/install/mysql/tables/llx_recruitment_recruitmentcandidature-recruitment.sql	29
llx_recruitment_recruitmentcandidature	招聘	12	fk_user	integer	integer	YES		N	N				Id of user created from the job application	外部关联 ID（具体目标以外键或业务代码为准）；源码注释：Id of user created from the job application	htdocs/install/mysql/tables/llx_recruitment_recruitmentcandidature-recruitment.sql	30
llx_recruitment_recruitmentcandidature	招聘	13	import_key	varchar(14)	varchar	YES		N	N					导入批次/外部导入键	htdocs/install/mysql/tables/llx_recruitment_recruitmentcandidature-recruitment.sql	31
llx_recruitment_recruitmentcandidature	招聘	14	model_pdf	varchar(255)	varchar	YES		N	N					字段 model_pdf（基于字段名推断）	htdocs/install/mysql/tables/llx_recruitment_recruitmentcandidature-recruitment.sql	32
llx_recruitment_recruitmentcandidature	招聘	15	status	smallint	smallint	NO		N	N	idx_recruitment_recruitmentcandidature_status				状态标识	htdocs/install/mysql/tables/llx_recruitment_recruitmentcandidature-recruitment.sql	33
llx_recruitment_recruitmentcandidature	招聘	16	firstname	varchar(128)	varchar	YES		N	N					名称/标题字段（基于字段名推断）	htdocs/install/mysql/tables/llx_recruitment_recruitmentcandidature-recruitment.sql	34
llx_recruitment_recruitmentcandidature	招聘	17	lastname	varchar(128)	varchar	YES		N	N					名称/标题字段（基于字段名推断）	htdocs/install/mysql/tables/llx_recruitment_recruitmentcandidature-recruitment.sql	35
llx_recruitment_recruitmentcandidature	招聘	18	email	varchar(255)	varchar	YES		N	N					电子邮箱	htdocs/install/mysql/tables/llx_recruitment_recruitmentcandidature-recruitment.sql	36
llx_recruitment_recruitmentcandidature	招聘	19	phone	varchar(64)	varchar	YES		N	N					电话	htdocs/install/mysql/tables/llx_recruitment_recruitmentcandidature-recruitment.sql	37
llx_recruitment_recruitmentcandidature	招聘	20	date_birth	date	date	YES		N	N					日期/时间字段（基于字段名推断）	htdocs/install/mysql/tables/llx_recruitment_recruitmentcandidature-recruitment.sql	38
llx_recruitment_recruitmentcandidature	招聘	21	remuneration_requested	integer	integer	YES		N	N					比例/百分比字段（基于字段名推断）	htdocs/install/mysql/tables/llx_recruitment_recruitmentcandidature-recruitment.sql	39
llx_recruitment_recruitmentcandidature	招聘	22	remuneration_proposed	integer	integer	YES		N	N					比例/百分比字段（基于字段名推断）	htdocs/install/mysql/tables/llx_recruitment_recruitmentcandidature-recruitment.sql	40
llx_recruitment_recruitmentcandidature	招聘	23	email_msgid	varchar(175)	varchar	YES		N	N	uk_recruitmentcandidature_email_msgid	uk_recruitmentcandidature_email_msgid		Do not use a too large value, it generates trouble with unique index	字段 email_msgid；源码注释：Do not use a too large value, it generates trouble with unique index	htdocs/install/mysql/tables/llx_recruitment_recruitmentcandidature-recruitment.sql	41
llx_recruitment_recruitmentcandidature	招聘	24	email_date	datetime	datetime	YES		N	N					日期/时间字段（基于字段名推断）	htdocs/install/mysql/tables/llx_recruitment_recruitmentcandidature-recruitment.sql	42
llx_recruitment_recruitmentcandidature	招聘	25	fk_recruitment_origin	INTEGER	integer	YES		N	N					外部关联 ID（具体目标以外键或业务代码为准）（基于字段名推断）	htdocs/install/mysql/tables/llx_recruitment_recruitmentcandidature-recruitment.sql	43
llx_recruitment_recruitmentcandidature	招聘	26	ip	varchar(250)	varchar	YES		N	N				ip used to create record (for public submission page)	字段 ip；源码注释：ip used to create record (for public submission page)	htdocs/install/mysql/tables/llx_recruitment_recruitmentcandidature-recruitment.sql	44
llx_recruitment_recruitmentcandidature_extrafields	招聘	1	rowid	integer	integer	NO		Y	Y	PRIMARY	PRIMARY			主键行标识；通常为自增整数	htdocs/install/mysql/tables/llx_recruitment_recruitmentcandidature_extrafields-recruitment.sql	18
llx_recruitment_recruitmentcandidature_extrafields	招聘	2	tms	timestamp	timestamp	YES	CURRENT_TIMESTAMP	N	N					最后修改时间戳	htdocs/install/mysql/tables/llx_recruitment_recruitmentcandidature_extrafields-recruitment.sql	19
llx_recruitment_recruitmentcandidature_extrafields	招聘	3	fk_object	integer	integer	NO		N	N	uk_recruitmentcandidature_fk_object	uk_recruitmentcandidature_fk_object			外部关联 ID（具体目标以外键或业务代码为准）（基于字段名推断）	htdocs/install/mysql/tables/llx_recruitment_recruitmentcandidature_extrafields-recruitment.sql	20
llx_recruitment_recruitmentcandidature_extrafields	招聘	4	import_key	varchar(14)	varchar	YES		N	N				import key	导入批次/外部导入键；源码注释：import key	htdocs/install/mysql/tables/llx_recruitment_recruitmentcandidature_extrafields-recruitment.sql	21
llx_recruitment_recruitmentjobposition	招聘	1	rowid	integer	integer	NO		Y	Y	PRIMARY, idx_recruitment_recruitmentjobposition_rowid	PRIMARY			主键行标识；通常为自增整数	htdocs/install/mysql/tables/llx_recruitment_recruitmentjobposition-recruitment.sql	19
llx_recruitment_recruitmentjobposition	招聘	2	ref	varchar(128)	varchar	NO	'(PROV)'	N	N	idx_recruitment_recruitmentjobposition_ref				业务参考号/单号	htdocs/install/mysql/tables/llx_recruitment_recruitmentjobposition-recruitment.sql	20
llx_recruitment_recruitmentjobposition	招聘	3	entity	INTEGER	integer	NO	1	N	N					多实体/多公司隔离标识	htdocs/install/mysql/tables/llx_recruitment_recruitmentjobposition-recruitment.sql	21
llx_recruitment_recruitmentjobposition	招聘	4	label	varchar(255)	varchar	NO		N	N					名称或标签	htdocs/install/mysql/tables/llx_recruitment_recruitmentjobposition-recruitment.sql	22
llx_recruitment_recruitmentjobposition	招聘	5	qty	integer	integer	NO	1	N	N					数量	htdocs/install/mysql/tables/llx_recruitment_recruitmentjobposition-recruitment.sql	23
llx_recruitment_recruitmentjobposition	招聘	6	fk_soc	integer	integer	YES		N	N	idx_recruitment_recruitmentjobposition_fk_soc				关联第三方企业 ID	htdocs/install/mysql/tables/llx_recruitment_recruitmentjobposition-recruitment.sql	24
llx_recruitment_recruitmentjobposition	招聘	7	fk_project	integer	integer	YES		N	N	idx_recruitment_recruitmentjobposition_fk_project				关联项目 ID	htdocs/install/mysql/tables/llx_recruitment_recruitmentjobposition-recruitment.sql	25
llx_recruitment_recruitmentjobposition	招聘	8	fk_user_recruiter	integer	integer	YES		N	N			llx_user.rowid		外部关联 ID（具体目标以外键或业务代码为准）（基于字段名推断）	htdocs/install/mysql/tables/llx_recruitment_recruitmentjobposition-recruitment.sql	26
llx_recruitment_recruitmentjobposition	招聘	9	email_recruiter	varchar(255)	varchar	YES		N	N					字段 email_recruiter（基于字段名推断）	htdocs/install/mysql/tables/llx_recruitment_recruitmentjobposition-recruitment.sql	27
llx_recruitment_recruitmentjobposition	招聘	10	fk_user_supervisor	integer	integer	YES		N	N			llx_user.rowid		外部关联 ID（具体目标以外键或业务代码为准）（基于字段名推断）	htdocs/install/mysql/tables/llx_recruitment_recruitmentjobposition-recruitment.sql	28
llx_recruitment_recruitmentjobposition	招聘	11	fk_establishment	integer	integer	YES		N	N			llx_establishment.rowid		外部关联 ID（具体目标以外键或业务代码为准）（基于字段名推断）	htdocs/install/mysql/tables/llx_recruitment_recruitmentjobposition-recruitment.sql	29
llx_recruitment_recruitmentjobposition	招聘	12	date_planned	date	date	YES		N	N					日期/时间字段（基于字段名推断）	htdocs/install/mysql/tables/llx_recruitment_recruitmentjobposition-recruitment.sql	30
llx_recruitment_recruitmentjobposition	招聘	13	remuneration_suggested	varchar(255)	varchar	YES		N	N					比例/百分比字段（基于字段名推断）	htdocs/install/mysql/tables/llx_recruitment_recruitmentjobposition-recruitment.sql	31
llx_recruitment_recruitmentjobposition	招聘	14	description	text	text	YES		N	N					描述	htdocs/install/mysql/tables/llx_recruitment_recruitmentjobposition-recruitment.sql	32
llx_recruitment_recruitmentjobposition	招聘	15	note_public	text	text	YES		N	N					公开备注	htdocs/install/mysql/tables/llx_recruitment_recruitmentjobposition-recruitment.sql	33
llx_recruitment_recruitmentjobposition	招聘	16	note_private	text	text	YES		N	N					内部备注	htdocs/install/mysql/tables/llx_recruitment_recruitmentjobposition-recruitment.sql	34
llx_recruitment_recruitmentjobposition	招聘	17	date_creation	datetime	datetime	NO		N	N					日期/时间字段（基于字段名推断）	htdocs/install/mysql/tables/llx_recruitment_recruitmentjobposition-recruitment.sql	35
llx_recruitment_recruitmentjobposition	招聘	18	tms	timestamp	timestamp	YES	CURRENT_TIMESTAMP	N	N					最后修改时间戳	htdocs/install/mysql/tables/llx_recruitment_recruitmentjobposition-recruitment.sql	36
llx_recruitment_recruitmentjobposition	招聘	19	fk_user_creat	integer	integer	NO		N	N			llx_user.rowid		创建人用户 ID	htdocs/install/mysql/tables/llx_recruitment_recruitmentjobposition-recruitment.sql	37
llx_recruitment_recruitmentjobposition	招聘	20	fk_user_modif	integer	integer	YES		N	N					最后修改人用户 ID	htdocs/install/mysql/tables/llx_recruitment_recruitmentjobposition-recruitment.sql	38
llx_recruitment_recruitmentjobposition	招聘	21	last_main_doc	varchar(255)	varchar	YES		N	N					字段 last_main_doc（基于字段名推断）	htdocs/install/mysql/tables/llx_recruitment_recruitmentjobposition-recruitment.sql	39
llx_recruitment_recruitmentjobposition	招聘	22	import_key	varchar(14)	varchar	YES		N	N					导入批次/外部导入键	htdocs/install/mysql/tables/llx_recruitment_recruitmentjobposition-recruitment.sql	40
llx_recruitment_recruitmentjobposition	招聘	23	model_pdf	varchar(255)	varchar	YES		N	N					字段 model_pdf（基于字段名推断）	htdocs/install/mysql/tables/llx_recruitment_recruitmentjobposition-recruitment.sql	41
llx_recruitment_recruitmentjobposition	招聘	24	status	smallint	smallint	NO		N	N	idx_recruitment_recruitmentjobposition_status				状态标识	htdocs/install/mysql/tables/llx_recruitment_recruitmentjobposition-recruitment.sql	42
llx_recruitment_recruitmentjobposition_extrafields	招聘	1	rowid	integer	integer	NO		Y	Y	PRIMARY	PRIMARY			主键行标识；通常为自增整数	htdocs/install/mysql/tables/llx_recruitment_recruitmentjobposition_extrafields-recruitment.sql	18
llx_recruitment_recruitmentjobposition_extrafields	招聘	2	tms	timestamp	timestamp	YES	CURRENT_TIMESTAMP	N	N					最后修改时间戳	htdocs/install/mysql/tables/llx_recruitment_recruitmentjobposition_extrafields-recruitment.sql	19
llx_recruitment_recruitmentjobposition_extrafields	招聘	3	fk_object	integer	integer	NO		N	N	uk_recruitmentjobposition_fk_object	uk_recruitmentjobposition_fk_object			外部关联 ID（具体目标以外键或业务代码为准）（基于字段名推断）	htdocs/install/mysql/tables/llx_recruitment_recruitmentjobposition_extrafields-recruitment.sql	20
llx_recruitment_recruitmentjobposition_extrafields	招聘	4	import_key	varchar(14)	varchar	YES		N	N				import key	导入批次/外部导入键；源码注释：import key	htdocs/install/mysql/tables/llx_recruitment_recruitmentjobposition_extrafields-recruitment.sql	21
llx_resource	资源	1	rowid	integer	integer	NO		Y	Y	PRIMARY	PRIMARY			主键行标识；通常为自增整数	htdocs/install/mysql/tables/llx_resource.sql	21
llx_resource	资源	2	entity	integer	integer	NO	1	N	N	uk_resource_ref	uk_resource_ref			多实体/多公司隔离标识	htdocs/install/mysql/tables/llx_resource.sql	22
llx_resource	资源	3	ref	varchar(255)	varchar	YES		N	N	uk_resource_ref	uk_resource_ref			业务参考号/单号	htdocs/install/mysql/tables/llx_resource.sql	23
llx_resource	资源	4	asset_number	varchar(255)	varchar	YES		N	N					字段 asset_number（基于字段名推断）	htdocs/install/mysql/tables/llx_resource.sql	24
llx_resource	资源	5	description	text	text	YES		N	N					描述	htdocs/install/mysql/tables/llx_resource.sql	25
llx_resource	资源	6	fk_code_type_resource	varchar(32)	varchar	YES		N	N	fk_code_type_resource_idx				外部关联 ID（具体目标以外键或业务代码为准）（基于字段名推断）	htdocs/install/mysql/tables/llx_resource.sql	26
llx_resource	资源	7	address	varchar(255)	varchar	YES	NULL	N	N					地址	htdocs/install/mysql/tables/llx_resource.sql	27
llx_resource	资源	8	zip	varchar(25)	varchar	YES	NULL	N	N					邮政编码	htdocs/install/mysql/tables/llx_resource.sql	28
llx_resource	资源	9	town	varchar(50)	varchar	YES	NULL	N	N					城市/城镇	htdocs/install/mysql/tables/llx_resource.sql	29
llx_resource	资源	10	photo_filename	varchar(255)	varchar	YES	NULL	N	N					名称/标题字段（基于字段名推断）	htdocs/install/mysql/tables/llx_resource.sql	30
llx_resource	资源	11	max_users	integer	integer	YES	NULL	N	N					字段 max_users（基于字段名推断）	htdocs/install/mysql/tables/llx_resource.sql	31
llx_resource	资源	12	phone	varchar(30)	varchar	YES	NULL	N	N					电话	htdocs/install/mysql/tables/llx_resource.sql	32
llx_resource	资源	13	email	varchar(255)	varchar	YES	NULL	N	N					电子邮箱	htdocs/install/mysql/tables/llx_resource.sql	33
llx_resource	资源	14	url	varchar(255)	varchar	YES	NULL	N	N					字段 url（基于字段名推断）	htdocs/install/mysql/tables/llx_resource.sql	34
llx_resource	资源	15	datec	datetime	datetime	YES	NULL	N	N					创建日期/时间	htdocs/install/mysql/tables/llx_resource.sql	35
llx_resource	资源	16	date_valid	datetime	datetime	YES	NULL	N	N					审核/生效日期	htdocs/install/mysql/tables/llx_resource.sql	36
llx_resource	资源	17	fk_user_author	integer	integer	YES	NULL	N	N					创建人/制单人用户 ID	htdocs/install/mysql/tables/llx_resource.sql	37
llx_resource	资源	18	fk_user_modif	integer	integer	YES	NULL	N	N					最后修改人用户 ID	htdocs/install/mysql/tables/llx_resource.sql	38
llx_resource	资源	19	fk_user_valid	integer	integer	YES	NULL	N	N					审核/验证人用户 ID	htdocs/install/mysql/tables/llx_resource.sql	39
llx_resource	资源	20	fk_statut	smallint	smallint	NO	'0'	N	N					状态码	htdocs/install/mysql/tables/llx_resource.sql	40
llx_resource	资源	21	note_public	text	text	YES		N	N					公开备注	htdocs/install/mysql/tables/llx_resource.sql	41
llx_resource	资源	22	note_private	text	text	YES		N	N					内部备注	htdocs/install/mysql/tables/llx_resource.sql	42
llx_resource	资源	23	import_key	varchar(14)	varchar	YES		N	N					导入批次/外部导入键	htdocs/install/mysql/tables/llx_resource.sql	43
llx_resource	资源	24	extraparams	varchar(255)	varchar	YES		N	N				for stock other parameters with json format	扩展参数/结构化文本；源码注释：for stock other parameters with json format	htdocs/install/mysql/tables/llx_resource.sql	44
llx_resource	资源	25	fk_country	integer	integer	YES	NULL	N	N	idx_resource_fk_country		llx_c_country.rowid	Optional id of original country	外部关联 ID（具体目标以外键或业务代码为准）；源码注释：Optional id of original country	htdocs/install/mysql/tables/llx_resource.sql	45
llx_resource	资源	26	fk_state	integer	integer	YES	NULL	N	N	idx_resource_fk_state				外部关联 ID（具体目标以外键或业务代码为准）（基于字段名推断）	htdocs/install/mysql/tables/llx_resource.sql	46
llx_resource	资源	27	tms	timestamp	timestamp	YES	CURRENT_TIMESTAMP	N	N					最后修改时间戳	htdocs/install/mysql/tables/llx_resource.sql	47
llx_resource_extrafields	资源	1	rowid	integer	integer	NO		Y	Y	PRIMARY	PRIMARY			主键行标识；通常为自增整数	htdocs/install/mysql/tables/llx_resource_extrafields.sql	21
llx_resource_extrafields	资源	2	tms	timestamp	timestamp	YES	CURRENT_TIMESTAMP	N	N					最后修改时间戳	htdocs/install/mysql/tables/llx_resource_extrafields.sql	22
llx_resource_extrafields	资源	3	fk_object	integer	integer	NO		N	N	uk_resource_extrafields	uk_resource_extrafields			外部关联 ID（具体目标以外键或业务代码为准）（基于字段名推断）	htdocs/install/mysql/tables/llx_resource_extrafields.sql	23
llx_resource_extrafields	资源	4	import_key	varchar(14)	varchar	YES		N	N				import key	导入批次/外部导入键；源码注释：import key	htdocs/install/mysql/tables/llx_resource_extrafields.sql	24
llx_rights_def	核心/系统	1	id	integer	integer	NO		N	N					主键标识；部分参考表使用非自增 ID	htdocs/install/mysql/tables/llx_rights_def.sql	22
llx_rights_def	核心/系统	2	entity	integer	integer	NO	1	N	N				Multicompany id	多实体/多公司隔离标识；源码注释：Multicompany id	htdocs/install/mysql/tables/llx_rights_def.sql	23
llx_rights_def	核心/系统	3	libelle	varchar(255)	varchar	YES		N	N					字段 libelle（基于字段名推断）	htdocs/install/mysql/tables/llx_rights_def.sql	24
llx_rights_def	核心/系统	4	module	varchar(64)	varchar	YES		N	N					字段 module（基于字段名推断）	htdocs/install/mysql/tables/llx_rights_def.sql	25
llx_rights_def	核心/系统	5	module_origin	varchar(64)	varchar	YES		N	N				if the permission is for a module but provided by another module, we add here the name of the module that provides the permission	字段 module_origin；源码注释：if the permission is for a module but provided by another module, we add here the name of the module that provides the permission	htdocs/install/mysql/tables/llx_rights_def.sql	26
llx_rights_def	核心/系统	6	module_position	integer	integer	NO	0	N	N					字段 module_position（基于字段名推断）	htdocs/install/mysql/tables/llx_rights_def.sql	27
llx_rights_def	核心/系统	7	family	varchar(64)	varchar	YES		N	N					字段 family（基于字段名推断）	htdocs/install/mysql/tables/llx_rights_def.sql	28
llx_rights_def	核心/系统	8	family_position	integer	integer	NO	0	N	N					字段 family_position（基于字段名推断）	htdocs/install/mysql/tables/llx_rights_def.sql	29
llx_rights_def	核心/系统	9	right_position	integer	integer	NO	0	N	N				optional fine position inside the module/family group; when 0 (default), sorting falls back to id (unchanged behavior). Used by rights filed into another module's section via module_origin to sort next to a given native right (set to that right's id).	字段 right_position；源码注释：optional fine position inside the module/family group; when 0 (default), sorting falls back to id (unchanged behavior). Used by rights filed into another module's section via module_origin to sort next to a given native right (set to that right's id).	htdocs/install/mysql/tables/llx_rights_def.sql	30
llx_rights_def	核心/系统	10	perms	varchar(50)	varchar	YES		N	N					字段 perms（基于字段名推断）	htdocs/install/mysql/tables/llx_rights_def.sql	31
llx_rights_def	核心/系统	11	subperms	varchar(50)	varchar	YES		N	N					字段 subperms（基于字段名推断）	htdocs/install/mysql/tables/llx_rights_def.sql	32
llx_rights_def	核心/系统	12	type	varchar(1)	varchar	YES		N	N				deprecated	字段 type；源码注释：deprecated	htdocs/install/mysql/tables/llx_rights_def.sql	33
llx_rights_def	核心/系统	13	bydefault	tinyint	tinyint	YES	0	N	N					字段 bydefault（基于字段名推断）	htdocs/install/mysql/tables/llx_rights_def.sql	34
llx_rights_def	核心/系统	14	enabled	text	text	YES		N	N				Condition to show or hide	布尔/开关标识；源码注释：Condition to show or hide	htdocs/install/mysql/tables/llx_rights_def.sql	35
llx_salary	工资	1	rowid	integer	integer	NO		Y	Y	PRIMARY	PRIMARY			主键行标识；通常为自增整数	htdocs/install/mysql/tables/llx_salary.sql	22
llx_salary	工资	2	ref	varchar(30)	varchar	YES		N	N	uk_salary_ref	uk_salary_ref		payment reference number (currently NULL because there is no numbering manager yet)	业务参考号/单号；源码注释：payment reference number (currently NULL because there is no numbering manager yet)	htdocs/install/mysql/tables/llx_salary.sql	23
llx_salary	工资	3	ref_ext	varchar(255)	varchar	YES		N	N				reference into an external system (not used by dolibarr)	代码/参考号字段；源码注释：reference into an external system (not used by dolibarr)	htdocs/install/mysql/tables/llx_salary.sql	24
llx_salary	工资	4	tms	timestamp	timestamp	YES	CURRENT_TIMESTAMP	N	N					最后修改时间戳	htdocs/install/mysql/tables/llx_salary.sql	25
llx_salary	工资	5	datec	datetime	datetime	YES		N	N				Create date	创建日期/时间；源码注释：Create date	htdocs/install/mysql/tables/llx_salary.sql	26
llx_salary	工资	6	fk_user	integer	integer	NO		N	N	idx_salary_fk_user		llx_user.rowid		外部关联 ID（具体目标以外键或业务代码为准）（基于字段名推断）	htdocs/install/mysql/tables/llx_salary.sql	27
llx_salary	工资	7	datep	date	date	YES		N	N				payment date	日期/时间字段；源码注释：payment date	htdocs/install/mysql/tables/llx_salary.sql	28
llx_salary	工资	8	datev	date	date	YES		N	N				value date (this field should not be here, only into bank tables)	日期/时间字段；源码注释：value date (this field should not be here, only into bank tables)	htdocs/install/mysql/tables/llx_salary.sql	29
llx_salary	工资	9	salary	double(24,8)	double	YES		N	N				salary of user when payment was done	字段 salary；源码注释：salary of user when payment was done	htdocs/install/mysql/tables/llx_salary.sql	30
llx_salary	工资	10	amount	double(24,8)	double	NO	0	N	N					金额	htdocs/install/mysql/tables/llx_salary.sql	31
llx_salary	工资	11	fk_projet	integer	integer	YES	NULL	N	N	idx_salary_fk_projet		llx_projet.rowid		关联项目 ID	htdocs/install/mysql/tables/llx_salary.sql	32
llx_salary	工资	12	fk_typepayment	integer	integer	NO		N	N	idx_salary_fk_typepayment		llx_c_paiement.id	default expected payment	外部关联 ID（具体目标以外键或业务代码为准）；源码注释：default expected payment	htdocs/install/mysql/tables/llx_salary.sql	33
llx_salary	工资	13	num_payment	varchar(50)	varchar	YES		N	N				num cheque or other (deprecated, now stored into the payment)	字段 num_payment；源码注释：num cheque or other (deprecated, now stored into the payment)	htdocs/install/mysql/tables/llx_salary.sql	34
llx_salary	工资	14	label	varchar(255)	varchar	YES		N	N					名称或标签	htdocs/install/mysql/tables/llx_salary.sql	35
llx_salary	工资	15	datesp	date	date	YES		N	N				date start period	日期/时间字段；源码注释：date start period	htdocs/install/mysql/tables/llx_salary.sql	36
llx_salary	工资	16	dateep	date	date	YES		N	N				date end period	日期/时间字段；源码注释：date end period	htdocs/install/mysql/tables/llx_salary.sql	37
llx_salary	工资	17	entity	integer	integer	NO	1	N	N	uk_salary_ref, idx_salary_entity	uk_salary_ref		multi company id	多实体/多公司隔离标识；源码注释：multi company id	htdocs/install/mysql/tables/llx_salary.sql	38
llx_salary	工资	18	note	text	text	YES		N	N					备注/说明字段（基于字段名推断）	htdocs/install/mysql/tables/llx_salary.sql	39
llx_salary	工资	19	note_public	text	text	YES		N	N					公开备注	htdocs/install/mysql/tables/llx_salary.sql	40
llx_salary	工资	20	model_pdf	varchar(255)	varchar	YES	NULL	N	N					字段 model_pdf（基于字段名推断）	htdocs/install/mysql/tables/llx_salary.sql	41
llx_salary	工资	21	fk_bank	integer	integer	YES		N	N	idx_salary_fk_bank		llx_bank.rowid		外部关联 ID（具体目标以外键或业务代码为准）（基于字段名推断）	htdocs/install/mysql/tables/llx_salary.sql	42
llx_salary	工资	22	paye	smallint	smallint	NO	0	N	N					字段 paye（基于字段名推断）	htdocs/install/mysql/tables/llx_salary.sql	43
llx_salary	工资	23	fk_account	integer	integer	YES		N	N	idx_salary_fk_account		llx_bank_account.rowid		关联银行账户 ID	htdocs/install/mysql/tables/llx_salary.sql	44
llx_salary	工资	24	fk_user_author	integer	integer	YES		N	N	idx_salary_fk_user_author		llx_user.rowid	user creating	创建人/制单人用户 ID；源码注释：user creating	htdocs/install/mysql/tables/llx_salary.sql	45
llx_salary	工资	25	fk_user_modif	integer	integer	YES		N	N	idx_salary_fk_user_modif		llx_user.rowid	user making last change	最后修改人用户 ID；源码注释：user making last change	htdocs/install/mysql/tables/llx_salary.sql	46
llx_salary_extrafields	工资	1	rowid	integer	integer	NO		Y	Y	PRIMARY	PRIMARY			主键行标识；通常为自增整数	htdocs/install/mysql/tables/llx_salary_extrafields.sql	21
llx_salary_extrafields	工资	2	tms	timestamp	timestamp	YES	CURRENT_TIMESTAMP	N	N					最后修改时间戳	htdocs/install/mysql/tables/llx_salary_extrafields.sql	22
llx_salary_extrafields	工资	3	fk_object	integer	integer	NO		N	N	uk_salary_extrafields	uk_salary_extrafields		salary id	外部关联 ID（具体目标以外键或业务代码为准）；源码注释：salary id	htdocs/install/mysql/tables/llx_salary_extrafields.sql	23
llx_salary_extrafields	工资	4	import_key	varchar(14)	varchar	YES		N	N				import key	导入批次/外部导入键；源码注释：import key	htdocs/install/mysql/tables/llx_salary_extrafields.sql	24
llx_session	核心/系统	1	session_id	varchar(50)	varchar	NO		N	Y	PRIMARY	PRIMARY			字段 session_id（基于字段名推断）	htdocs/install/mysql/tables/llx_session-disabled.sql	22
llx_session	核心/系统	2	session_variable	text	text	YES		N	N					字段 session_variable（基于字段名推断）	htdocs/install/mysql/tables/llx_session-disabled.sql	23
llx_session	核心/系统	3	date_creation	datetime	datetime	NO		N	N					日期/时间字段（基于字段名推断）	htdocs/install/mysql/tables/llx_session-disabled.sql	24
llx_session	核心/系统	4	last_accessed	datetime	datetime	NO		N	N					字段 last_accessed（基于字段名推断）	htdocs/install/mysql/tables/llx_session-disabled.sql	25
llx_session	核心/系统	5	fk_user	integer	integer	NO		N	N					外部关联 ID（具体目标以外键或业务代码为准）（基于字段名推断）	htdocs/install/mysql/tables/llx_session-disabled.sql	26
llx_session	核心/系统	6	remote_ip	varchar(64)	varchar	YES		N	N					字段 remote_ip（基于字段名推断）	htdocs/install/mysql/tables/llx_session-disabled.sql	27
llx_session	核心/系统	7	user_agent	varchar(255)	varchar	YES		N	N					字段 user_agent（基于字段名推断）	htdocs/install/mysql/tables/llx_session-disabled.sql	28
llx_societe	第三方/企业	1	rowid	integer	integer	NO		Y	Y	PRIMARY	PRIMARY			主键行标识；通常为自增整数	htdocs/install/mysql/tables/llx_societe.sql	27
llx_societe	第三方/企业	2	nom	varchar(128)	varchar	YES		N	N	idx_societe_nom			company reference name (should be same length than adherent.societe)	名称；源码注释：company reference name (should be same length than adherent.societe)	htdocs/install/mysql/tables/llx_societe.sql	28
llx_societe	第三方/企业	3	name_alias	varchar(128)	varchar	YES		N	N					名称/标题字段（基于字段名推断）	htdocs/install/mysql/tables/llx_societe.sql	29
llx_societe	第三方/企业	4	entity	integer	integer	NO	1	N	N	uk_societe_prefix_comm, uk_societe_code_client, uk_societe_code_fournisseur, uk_societe_barcode	uk_societe_prefix_comm, uk_societe_code_client, uk_societe_code_fournisseur, uk_societe_barcode		multi company id	多实体/多公司隔离标识；源码注释：multi company id	htdocs/install/mysql/tables/llx_societe.sql	30
llx_societe	第三方/企业	5	ref_ext	varchar(255)	varchar	YES		N	N				reference into an external system (not used by dolibarr)	代码/参考号字段；源码注释：reference into an external system (not used by dolibarr)	htdocs/install/mysql/tables/llx_societe.sql	32
llx_societe	第三方/企业	6	statut	tinyint	tinyint	YES	0	N	N				statut (deprecated)	状态标识；源码注释：statut (deprecated)	htdocs/install/mysql/tables/llx_societe.sql	34
llx_societe	第三方/企业	7	parent	integer	integer	YES		N	N					字段 parent（基于字段名推断）	htdocs/install/mysql/tables/llx_societe.sql	35
llx_societe	第三方/企业	8	status	tinyint	tinyint	YES	1	N	N				active or not ( 1 -- active, 0 -- closed or not open)	状态标识；源码注释：active or not ( 1 -- active, 0 -- closed or not open)	htdocs/install/mysql/tables/llx_societe.sql	37
llx_societe	第三方/企业	9	code_client	varchar(24)	varchar	YES		N	N	uk_societe_code_client	uk_societe_code_client		code client	代码/参考号字段；源码注释：code client	htdocs/install/mysql/tables/llx_societe.sql	39
llx_societe	第三方/企业	10	code_fournisseur	varchar(24)	varchar	YES		N	N	uk_societe_code_fournisseur	uk_societe_code_fournisseur		code fournisseur	代码/参考号字段；源码注释：code fournisseur	htdocs/install/mysql/tables/llx_societe.sql	40
llx_societe	第三方/企业	11	tp_payment_reference	varchar(25)	varchar	YES		N	N				SEPA and any other national or custom payment id	字段 tp_payment_reference；源码注释：SEPA and any other national or custom payment id	htdocs/install/mysql/tables/llx_societe.sql	41
llx_societe	第三方/企业	12	accountancy_code_customer_general	varchar(32)	varchar	YES	NULL	N	N				customer accountancy general account	代码/参考号字段；源码注释：customer accountancy general account	htdocs/install/mysql/tables/llx_societe.sql	42
llx_societe	第三方/企业	13	code_compta	varchar(32)	varchar	YES		N	N				customer accountancy auxiliary account	代码/参考号字段；源码注释：customer accountancy auxiliary account	htdocs/install/mysql/tables/llx_societe.sql	43
llx_societe	第三方/企业	14	accountancy_code_supplier_general	varchar(32)	varchar	YES	NULL	N	N				supplier accountancy general account	代码/参考号字段；源码注释：supplier accountancy general account	htdocs/install/mysql/tables/llx_societe.sql	44
llx_societe	第三方/企业	15	code_compta_fournisseur	varchar(32)	varchar	YES		N	N				supplier accountancy auxiliary account	代码/参考号字段；源码注释：supplier accountancy auxiliary account	htdocs/install/mysql/tables/llx_societe.sql	45
llx_societe	第三方/企业	16	address	varchar(255)	varchar	YES		N	N				company address	地址；源码注释：company address	htdocs/install/mysql/tables/llx_societe.sql	47
llx_societe	第三方/企业	17	zip	varchar(25)	varchar	YES		N	N				zipcode	邮政编码；源码注释：zipcode	htdocs/install/mysql/tables/llx_societe.sql	48
llx_societe	第三方/企业	18	town	varchar(50)	varchar	YES		N	N				town	城市/城镇；源码注释：town	htdocs/install/mysql/tables/llx_societe.sql	49
llx_societe	第三方/企业	19	fk_departement	integer	integer	YES	0	N	N				state	外部关联 ID（具体目标以外键或业务代码为准）；源码注释：state	htdocs/install/mysql/tables/llx_societe.sql	50
llx_societe	第三方/企业	20	fk_pays	integer	integer	YES	0	N	N	idx_societe_pays			country	外部关联 ID（具体目标以外键或业务代码为准）；源码注释：country	htdocs/install/mysql/tables/llx_societe.sql	51
llx_societe	第三方/企业	21	geolat	double(24,8)	double	YES	NULL	N	N					日期/时间字段（基于字段名推断）	htdocs/install/mysql/tables/llx_societe.sql	53
llx_societe	第三方/企业	22	geolong	double(24,8)	double	YES	NULL	N	N					字段 geolong（基于字段名推断）	htdocs/install/mysql/tables/llx_societe.sql	54
llx_societe	第三方/企业	23	geopoint	point	point	YES	NULL	N	N					字段 geopoint（基于字段名推断）	htdocs/install/mysql/tables/llx_societe.sql	55
llx_societe	第三方/企业	24	georesultcode	varchar(16)	varchar	YES		N	N					代码/参考号字段（基于字段名推断）	htdocs/install/mysql/tables/llx_societe.sql	56
llx_societe	第三方/企业	25	phone	varchar(30)	varchar	YES		N	N				phone number	电话；源码注释：phone number	htdocs/install/mysql/tables/llx_societe.sql	58
llx_societe	第三方/企业	26	phone_mobile	varchar(30)	varchar	YES		N	N				mobile phone number	字段 phone_mobile；源码注释：mobile phone number	htdocs/install/mysql/tables/llx_societe.sql	59
llx_societe	第三方/企业	27	fax	varchar(30)	varchar	YES		N	N				fax number	字段 fax；源码注释：fax number	htdocs/install/mysql/tables/llx_societe.sql	60
llx_societe	第三方/企业	28	url	varchar(255)	varchar	YES		N	N				web site	字段 url；源码注释：web site	htdocs/install/mysql/tables/llx_societe.sql	61
llx_societe	第三方/企业	29	email	varchar(128)	varchar	YES		N	N				main email	电子邮箱；源码注释：main email	htdocs/install/mysql/tables/llx_societe.sql	62
llx_societe	第三方/企业	30	fk_account	integer	integer	YES	0	N	N	idx_societe_account			default bank account	关联银行账户 ID；源码注释：default bank account	htdocs/install/mysql/tables/llx_societe.sql	64
llx_societe	第三方/企业	31	socialnetworks	text	text	YES	NULL	N	N				json with socialnetworks	字段 socialnetworks；源码注释：json with socialnetworks	htdocs/install/mysql/tables/llx_societe.sql	66
llx_societe	第三方/企业	32	fk_effectif	integer	integer	YES	0	N	N					外部关联 ID（具体目标以外键或业务代码为准）（基于字段名推断）	htdocs/install/mysql/tables/llx_societe.sql	68
llx_societe	第三方/企业	33	fk_typent	integer	integer	YES	NULL	N	N	idx_societe_typent			type ent	外部关联 ID（具体目标以外键或业务代码为准）；源码注释：type ent	htdocs/install/mysql/tables/llx_societe.sql	69
llx_societe	第三方/企业	34	fk_forme_juridique	integer	integer	YES	0	N	N	idx_societe_forme_juridique			juridical status	外部关联 ID（具体目标以外键或业务代码为准）；源码注释：juridical status	htdocs/install/mysql/tables/llx_societe.sql	70
llx_societe	第三方/企业	35	birth	date	date	YES		N	N				date of company creation	字段 birth；源码注释：date of company creation	htdocs/install/mysql/tables/llx_societe.sql	71
llx_societe	第三方/企业	36	fk_currency	varchar(3)	varchar	YES		N	N				default currency	关联货币代码；源码注释：default currency	htdocs/install/mysql/tables/llx_societe.sql	72
llx_societe	第三方/企业	37	siren	varchar(128)	varchar	YES		N	N				IDProf1: depends on country (example: Siren for france, ...)	字段 siren；源码注释：IDProf1: depends on country (example: Siren for france, ...)	htdocs/install/mysql/tables/llx_societe.sql	73
llx_societe	第三方/企业	38	siret	varchar(128)	varchar	YES		N	N				IDProf2: depends on country (example: Siret for france, ...)	字段 siret；源码注释：IDProf2: depends on country (example: Siret for france, ...)	htdocs/install/mysql/tables/llx_societe.sql	74
llx_societe	第三方/企业	39	ape	varchar(128)	varchar	YES		N	N				IDProf3: depends on country (example: Code ape for france, ...)	字段 ape；源码注释：IDProf3: depends on country (example: Code ape for france, ...)	htdocs/install/mysql/tables/llx_societe.sql	75
llx_societe	第三方/企业	40	idprof4	varchar(128)	varchar	YES		N	N				IDProf4: depends on country (example: Rcs/rm for france, ...)	字段 idprof4；源码注释：IDProf4: depends on country (example: Rcs/rm for france, ...)	htdocs/install/mysql/tables/llx_societe.sql	76
llx_societe	第三方/企业	41	idprof5	varchar(128)	varchar	YES		N	N				IDProf5: depends on country (example: EORI, ...)	字段 idprof5；源码注释：IDProf5: depends on country (example: EORI, ...)	htdocs/install/mysql/tables/llx_societe.sql	77
llx_societe	第三方/企业	42	idprof6	varchar(128)	varchar	YES		N	N				IDProf6: depends on country (example: Not used for france, ...	字段 idprof6；源码注释：IDProf6: depends on country (example: Not used for france, ...	htdocs/install/mysql/tables/llx_societe.sql	78
llx_societe	第三方/企业	43	euid	varchar(64)	varchar	YES		N	N				EUID number (European Unique Identifier)	字段 euid；源码注释：EUID number (European Unique Identifier)	htdocs/install/mysql/tables/llx_societe.sql	79
llx_societe	第三方/企业	44	tva_intra	varchar(20)	varchar	YES		N	N				VAT number (example: FR12345678901 for france, ...)	字段 tva_intra；源码注释：VAT number (example: FR12345678901 for france, ...)	htdocs/install/mysql/tables/llx_societe.sql	80
llx_societe	第三方/企业	45	capital	double(24,8)	double	YES	NULL	N	N				capital of company	字段 capital；源码注释：capital of company	htdocs/install/mysql/tables/llx_societe.sql	81
llx_societe	第三方/企业	46	fk_stcomm	integer	integer	NO	0	N	N	idx_societe_stcomm			commercial status	外部关联 ID（具体目标以外键或业务代码为准）；源码注释：commercial status	htdocs/install/mysql/tables/llx_societe.sql	82
llx_societe	第三方/企业	47	note_private	text	text	YES		N	N					内部备注	htdocs/install/mysql/tables/llx_societe.sql	83
llx_societe	第三方/企业	48	note_public	text	text	YES		N	N					公开备注	htdocs/install/mysql/tables/llx_societe.sql	84
llx_societe	第三方/企业	49	model_pdf	varchar(255)	varchar	YES		N	N				the last template used to generate a document	字段 model_pdf；源码注释：the last template used to generate a document	htdocs/install/mysql/tables/llx_societe.sql	85
llx_societe	第三方/企业	50	last_main_doc	varchar(255)	varchar	YES		N	N				relative filepath+filename of the last main generated document	字段 last_main_doc；源码注释：relative filepath+filename of the last main generated document	htdocs/install/mysql/tables/llx_societe.sql	86
llx_societe	第三方/企业	51	prefix_comm	varchar(5)	varchar	YES		N	N	uk_societe_prefix_comm	uk_societe_prefix_comm		prefix commercial (deprecated)	字段 prefix_comm；源码注释：prefix commercial (deprecated)	htdocs/install/mysql/tables/llx_societe.sql	87
llx_societe	第三方/企业	52	client	tinyint	tinyint	YES	0	N	N				client 0/1/2	字段 client；源码注释：client 0/1/2	htdocs/install/mysql/tables/llx_societe.sql	88
llx_societe	第三方/企业	53	fournisseur	tinyint	tinyint	YES	0	N	N				fournisseur 0/1	字段 fournisseur；源码注释：fournisseur 0/1	htdocs/install/mysql/tables/llx_societe.sql	89
llx_societe	第三方/企业	54	supplier_account	varchar(32)	varchar	YES		N	N				Id of our customer account known by the supplier	字段 supplier_account；源码注释：Id of our customer account known by the supplier	htdocs/install/mysql/tables/llx_societe.sql	90
llx_societe	第三方/企业	55	fk_prospectlevel	varchar(12)	varchar	YES		N	N	idx_societe_prospectlevel			prospect level (in llx_c_prospectlevel)	外部关联 ID（具体目标以外键或业务代码为准）；源码注释：prospect level (in llx_c_prospectlevel)	htdocs/install/mysql/tables/llx_societe.sql	91
llx_societe	第三方/企业	56	fk_incoterms	integer	integer	YES		N	N				for incoterms	外部关联 ID（具体目标以外键或业务代码为准）；源码注释：for incoterms	htdocs/install/mysql/tables/llx_societe.sql	92
llx_societe	第三方/企业	57	location_incoterms	varchar(255)	varchar	YES		N	N				for incoterms	字段 location_incoterms；源码注释：for incoterms	htdocs/install/mysql/tables/llx_societe.sql	93
llx_societe	第三方/企业	58	customer_bad	tinyint	tinyint	YES	0	N	N				mauvais payeur 0/1	字段 customer_bad；源码注释：mauvais payeur 0/1	htdocs/install/mysql/tables/llx_societe.sql	94
llx_societe	第三方/企业	59	customer_rate	real	real	YES	0	N	N				taux fiabilite client (0 a 1)	比例/百分比字段；源码注释：taux fiabilite client (0 a 1)	htdocs/install/mysql/tables/llx_societe.sql	95
llx_societe	第三方/企业	60	supplier_rate	real	real	YES	0	N	N				taux fiabilite fournisseur (0 a 1)	比例/百分比字段；源码注释：taux fiabilite fournisseur (0 a 1)	htdocs/install/mysql/tables/llx_societe.sql	96
llx_societe	第三方/企业	61	remise_client	real	real	YES	0	N	N				discount by default granted to this customer	字段 remise_client；源码注释：discount by default granted to this customer	htdocs/install/mysql/tables/llx_societe.sql	97
llx_societe	第三方/企业	62	remise_supplier	real	real	YES	0	N	N				discount by default granted by this supplier	字段 remise_supplier；源码注释：discount by default granted by this supplier	htdocs/install/mysql/tables/llx_societe.sql	98
llx_societe	第三方/企业	63	mode_reglement	integer	integer	YES		N	N				payment mode customer	字段 mode_reglement；源码注释：payment mode customer	htdocs/install/mysql/tables/llx_societe.sql	99
llx_societe	第三方/企业	64	cond_reglement	tinyint	tinyint	YES		N	N				payment term customer	字段 cond_reglement；源码注释：payment term customer	htdocs/install/mysql/tables/llx_societe.sql	100
llx_societe	第三方/企业	65	deposit_percent	varchar(63)	varchar	YES	NULL	N	N				default deposit % if payment term needs it	比例/百分比字段；源码注释：default deposit % if payment term needs it	htdocs/install/mysql/tables/llx_societe.sql	101
llx_societe	第三方/企业	66	transport_mode	tinyint	tinyint	YES		N	N				transport mode customer (Intracomm report)	字段 transport_mode；源码注释：transport mode customer (Intracomm report)	htdocs/install/mysql/tables/llx_societe.sql	102
llx_societe	第三方/企业	67	mode_reglement_supplier	tinyint	tinyint	YES		N	N				payment mode supplier	字段 mode_reglement_supplier；源码注释：payment mode supplier	htdocs/install/mysql/tables/llx_societe.sql	103
llx_societe	第三方/企业	68	cond_reglement_supplier	tinyint	tinyint	YES		N	N				payment term supplier	字段 cond_reglement_supplier；源码注释：payment term supplier	htdocs/install/mysql/tables/llx_societe.sql	104
llx_societe	第三方/企业	69	transport_mode_supplier	tinyint	tinyint	YES		N	N				transport mode supplier (Intracomm report)	字段 transport_mode_supplier；源码注释：transport mode supplier (Intracomm report)	htdocs/install/mysql/tables/llx_societe.sql	105
llx_societe	第三方/企业	70	fk_shipping_method	integer	integer	YES		N	N	idx_societe_shipping_method			preferred shipping method id	外部关联 ID（具体目标以外键或业务代码为准）；源码注释：preferred shipping method id	htdocs/install/mysql/tables/llx_societe.sql	106
llx_societe	第三方/企业	71	tva_assuj	tinyint	tinyint	YES	1	N	N				if company using VAT or is exempted	字段 tva_assuj；源码注释：if company using VAT or is exempted	htdocs/install/mysql/tables/llx_societe.sql	107
llx_societe	第三方/企业	72	vatexemptcode	varchar(24)	varchar	YES		N	N				if company is exempted, the VAT reason code of exemption	代码/参考号字段；源码注释：if company is exempted, the VAT reason code of exemption	htdocs/install/mysql/tables/llx_societe.sql	108
llx_societe	第三方/企业	73	vat_reverse_charge	tinyint	tinyint	YES	0	N	N				By default, company is not concerned by vat reverse charge	字段 vat_reverse_charge；源码注释：By default, company is not concerned by vat reverse charge	htdocs/install/mysql/tables/llx_societe.sql	109
llx_societe	第三方/企业	74	localtax1_assuj	tinyint	tinyint	YES	0	N	N				assujeti ou non a local tax 1	金额、价格或税费字段；源码注释：assujeti ou non a local tax 1	htdocs/install/mysql/tables/llx_societe.sql	110
llx_societe	第三方/企业	75	localtax1_value	double(7,4)	double	YES		N	N					金额、价格或税费字段（基于字段名推断）	htdocs/install/mysql/tables/llx_societe.sql	111
llx_societe	第三方/企业	76	localtax2_assuj	tinyint	tinyint	YES	0	N	N				assujeti ou non a local tax 2	金额、价格或税费字段；源码注释：assujeti ou non a local tax 2	htdocs/install/mysql/tables/llx_societe.sql	112
llx_societe	第三方/企业	77	localtax2_value	double(7,4)	double	YES		N	N					金额、价格或税费字段（基于字段名推断）	htdocs/install/mysql/tables/llx_societe.sql	113
llx_societe	第三方/企业	78	barcode	varchar(180)	varchar	YES		N	N	uk_societe_barcode	uk_societe_barcode		barcode	代码/参考号字段；源码注释：barcode	htdocs/install/mysql/tables/llx_societe.sql	114
llx_societe	第三方/企业	79	fk_barcode_type	integer	integer	YES	0	N	N	uk_societe_barcode	uk_societe_barcode		barcode type	外部关联 ID（具体目标以外键或业务代码为准）；源码注释：barcode type	htdocs/install/mysql/tables/llx_societe.sql	115
llx_societe	第三方/企业	80	price_level	integer	integer	YES		N	N				level of price for multiprices	金额、价格或税费字段；源码注释：level of price for multiprices	htdocs/install/mysql/tables/llx_societe.sql	116
llx_societe	第三方/企业	81	outstanding_limit	double(24,8)	double	YES	NULL	N	N				allowed outstanding limit	字段 outstanding_limit；源码注释：allowed outstanding limit	htdocs/install/mysql/tables/llx_societe.sql	117
llx_societe	第三方/企业	82	order_min_amount	double(24,8)	double	YES	NULL	N	N				min amount for orders	金额、价格或税费字段；源码注释：min amount for orders	htdocs/install/mysql/tables/llx_societe.sql	118
llx_societe	第三方/企业	83	supplier_order_min_amount	double(24,8)	double	YES	NULL	N	N				min amount for supplier orders	金额、价格或税费字段；源码注释：min amount for supplier orders	htdocs/install/mysql/tables/llx_societe.sql	119
llx_societe	第三方/企业	84	default_lang	varchar(6)	varchar	YES		N	N				default language	字段 default_lang；源码注释：default language	htdocs/install/mysql/tables/llx_societe.sql	120
llx_societe	第三方/企业	85	logo	varchar(255)	varchar	YES	NULL	N	N					字段 logo（基于字段名推断）	htdocs/install/mysql/tables/llx_societe.sql	121
llx_societe	第三方/企业	86	logo_squarred	varchar(255)	varchar	YES	NULL	N	N					字段 logo_squarred（基于字段名推断）	htdocs/install/mysql/tables/llx_societe.sql	122
llx_societe	第三方/企业	87	canvas	varchar(32)	varchar	YES	NULL	N	N				type of canvas if used (null by default)	字段 canvas；源码注释：type of canvas if used (null by default)	htdocs/install/mysql/tables/llx_societe.sql	123
llx_societe	第三方/企业	88	fk_warehouse	integer	integer	YES	NULL	N	N				if we need a link between third party and warehouse	关联仓库 ID；源码注释：if we need a link between third party and warehouse	htdocs/install/mysql/tables/llx_societe.sql	124
llx_societe	第三方/企业	89	webservices_url	varchar(255)	varchar	YES		N	N				supplier webservice url	字段 webservices_url；源码注释：supplier webservice url	htdocs/install/mysql/tables/llx_societe.sql	125
llx_societe	第三方/企业	90	webservices_key	varchar(128)	varchar	YES		N	N				supplier webservice key	字段 webservices_key；源码注释：supplier webservice key	htdocs/install/mysql/tables/llx_societe.sql	126
llx_societe	第三方/企业	91	accountancy_code_sell	varchar(32)	varchar	YES		N	N				Selling accountancy code	代码/参考号字段；源码注释：Selling accountancy code	htdocs/install/mysql/tables/llx_societe.sql	128
llx_societe	第三方/企业	92	accountancy_code_buy	varchar(32)	varchar	YES		N	N				Buying accountancy code	代码/参考号字段；源码注释：Buying accountancy code	htdocs/install/mysql/tables/llx_societe.sql	129
llx_societe	第三方/企业	93	datec	datetime	datetime	YES		N	N				creation date	创建日期/时间；源码注释：creation date	htdocs/install/mysql/tables/llx_societe.sql	131
llx_societe	第三方/企业	94	tms	timestamp	timestamp	YES	CURRENT_TIMESTAMP	N	N				last modification date	最后修改时间戳；源码注释：last modification date	htdocs/install/mysql/tables/llx_societe.sql	132
llx_societe	第三方/企业	95	fk_user_creat	integer	integer	YES		N	N	idx_societe_user_creat			creation user	创建人用户 ID；源码注释：creation user	htdocs/install/mysql/tables/llx_societe.sql	133
llx_societe	第三方/企业	96	fk_user_modif	integer	integer	YES		N	N	idx_societe_user_modif			last modification user	最后修改人用户 ID；源码注释：last modification user	htdocs/install/mysql/tables/llx_societe.sql	134
llx_societe	第三方/企业	97	fk_multicurrency	integer	integer	YES		N	N					外部关联 ID（具体目标以外键或业务代码为准）（基于字段名推断）	htdocs/install/mysql/tables/llx_societe.sql	136
llx_societe	第三方/企业	98	multicurrency_code	varchar(3)	varchar	YES		N	N					代码/参考号字段（基于字段名推断）	htdocs/install/mysql/tables/llx_societe.sql	137
llx_societe	第三方/企业	99	ip	varchar(250)	varchar	YES		N	N				ip used to create record (for public submission page)	字段 ip；源码注释：ip used to create record (for public submission page)	htdocs/install/mysql/tables/llx_societe.sql	139
llx_societe	第三方/企业	100	import_key	varchar(14)	varchar	YES		N	N				import key	导入批次/外部导入键；源码注释：import key	htdocs/install/mysql/tables/llx_societe.sql	141
llx_societe_account	第三方/企业	1	rowid	integer	integer	NO		Y	Y	PRIMARY, idx_societe_account_rowid	PRIMARY			主键行标识；通常为自增整数	htdocs/install/mysql/tables/llx_societe_account.sql	21
llx_societe_account	第三方/企业	2	entity	integer	integer	YES	1	N	N	uk_societe_account_login_website, uk_societe_account_key_account_soc	uk_societe_account_login_website, uk_societe_account_key_account_soc			多实体/多公司隔离标识	htdocs/install/mysql/tables/llx_societe_account.sql	22
llx_societe_account	第三方/企业	3	login	varchar(128)	varchar	NO		N	N	idx_societe_account_login, uk_societe_account_login_website	uk_societe_account_login_website		a login string into website or external system	字段 login；源码注释：a login string into website or external system	htdocs/install/mysql/tables/llx_societe_account.sql	24
llx_societe_account	第三方/企业	4	pass_encoding	varchar(24)	varchar	YES		N	N					字段 pass_encoding（基于字段名推断）	htdocs/install/mysql/tables/llx_societe_account.sql	25
llx_societe_account	第三方/企业	5	pass_crypted	varchar(128)	varchar	YES		N	N				the hashed password	字段 pass_crypted；源码注释：the hashed password	htdocs/install/mysql/tables/llx_societe_account.sql	26
llx_societe_account	第三方/企业	6	pass_temp	varchar(128)	varchar	YES		N	N				temporary password when asked for forget password	字段 pass_temp；源码注释：temporary password when asked for forget password	htdocs/install/mysql/tables/llx_societe_account.sql	27
llx_societe_account	第三方/企业	7	fk_soc	integer	integer	YES		N	N	idx_societe_account_fk_soc, uk_societe_account_key_account_soc	uk_societe_account_key_account_soc	llx_societe.rowid	if entry is linked to a thirdparty	关联第三方企业 ID；源码注释：if entry is linked to a thirdparty	htdocs/install/mysql/tables/llx_societe_account.sql	28
llx_societe_account	第三方/企业	8	fk_website	integer	integer	YES		N	N	idx_societe_account_fk_website, uk_societe_account_login_website, uk_societe_account_key_account_soc	uk_societe_account_login_website, uk_societe_account_key_account_soc		id of local web site (if dk_website is filled, site is empty)	外部关联 ID（具体目标以外键或业务代码为准）；源码注释：id of local web site (if dk_website is filled, site is empty)	htdocs/install/mysql/tables/llx_societe_account.sql	29
llx_societe_account	第三方/企业	9	site	varchar(128)	varchar	NO		N	N	uk_societe_account_login_website, uk_societe_account_key_account_soc	uk_societe_account_login_website, uk_societe_account_key_account_soc		name of external web site (if site is filled, fk_website is empty)	字段 site；源码注释：name of external web site (if site is filled, fk_website is empty)	htdocs/install/mysql/tables/llx_societe_account.sql	30
llx_societe_account	第三方/企业	10	site_account	varchar(128)	varchar	YES		N	N				a key to identify the account on external web site (for example: 'stripe', 'paypal', 'myextapp')	字段 site_account；源码注释：a key to identify the account on external web site (for example: 'stripe', 'paypal', 'myextapp')	htdocs/install/mysql/tables/llx_societe_account.sql	31
llx_societe_account	第三方/企业	11	key_account	varchar(128)	varchar	YES		N	N	uk_societe_account_key_account_soc	uk_societe_account_key_account_soc		the id of an account in external web site (for site_account if site_account defined. some sites needs both an account name and a login that is different)	字段 key_account；源码注释：the id of an account in external web site (for site_account if site_account defined. some sites needs both an account name and a login that is different)	htdocs/install/mysql/tables/llx_societe_account.sql	32
llx_societe_account	第三方/企业	12	note_private	text	text	YES		N	N					内部备注	htdocs/install/mysql/tables/llx_societe_account.sql	33
llx_societe_account	第三方/企业	13	date_last_login	datetime	datetime	YES		N	N					日期/时间字段（基于字段名推断）	htdocs/install/mysql/tables/llx_societe_account.sql	34
llx_societe_account	第三方/企业	14	date_previous_login	datetime	datetime	YES		N	N					日期/时间字段（基于字段名推断）	htdocs/install/mysql/tables/llx_societe_account.sql	35
llx_societe_account	第三方/企业	15	date_last_reset_password	datetime	datetime	YES		N	N					日期/时间字段（基于字段名推断）	htdocs/install/mysql/tables/llx_societe_account.sql	36
llx_societe_account	第三方/企业	16	date_creation	datetime	datetime	NO		N	N					日期/时间字段（基于字段名推断）	htdocs/install/mysql/tables/llx_societe_account.sql	37
llx_societe_account	第三方/企业	17	tms	timestamp	timestamp	YES	CURRENT_TIMESTAMP	N	N					最后修改时间戳	htdocs/install/mysql/tables/llx_societe_account.sql	38
llx_societe_account	第三方/企业	18	fk_user_creat	integer	integer	NO		N	N					创建人用户 ID	htdocs/install/mysql/tables/llx_societe_account.sql	39
llx_societe_account	第三方/企业	19	fk_user_modif	integer	integer	YES		N	N					最后修改人用户 ID	htdocs/install/mysql/tables/llx_societe_account.sql	40
llx_societe_account	第三方/企业	20	ip	varchar(250)	varchar	YES		N	N				ip of the user that add the entry (For DOS Protection)	字段 ip；源码注释：ip of the user that add the entry (For DOS Protection)	htdocs/install/mysql/tables/llx_societe_account.sql	41
llx_societe_account	第三方/企业	21	import_key	varchar(14)	varchar	YES		N	N					导入批次/外部导入键	htdocs/install/mysql/tables/llx_societe_account.sql	42
llx_societe_account	第三方/企业	22	status	integer	integer	YES		N	N	idx_societe_account_status				状态标识	htdocs/install/mysql/tables/llx_societe_account.sql	43
llx_societe_commerciaux	第三方/企业	1	rowid	integer	integer	NO		Y	Y	PRIMARY	PRIMARY			主键行标识；通常为自增整数	htdocs/install/mysql/tables/llx_societe_commerciaux.sql	22
llx_societe_commerciaux	第三方/企业	2	fk_soc	integer	integer	YES		N	N	uk_societe_commerciaux_c_type_contact	uk_societe_commerciaux_c_type_contact	llx_societe.rowid		关联第三方企业 ID	htdocs/install/mysql/tables/llx_societe_commerciaux.sql	23
llx_societe_commerciaux	第三方/企业	3	fk_user	integer	integer	YES		N	N	uk_societe_commerciaux_c_type_contact	uk_societe_commerciaux_c_type_contact	llx_user.rowid		外部关联 ID（具体目标以外键或业务代码为准）（基于字段名推断）	htdocs/install/mysql/tables/llx_societe_commerciaux.sql	24
llx_societe_commerciaux	第三方/企业	4	fk_c_type_contact_code	varchar(32)	varchar	NO	'SALESREPTHIRD'	N	N	uk_societe_commerciaux_c_type_contact	uk_societe_commerciaux_c_type_contact			外部关联 ID（具体目标以外键或业务代码为准）（基于字段名推断）	htdocs/install/mysql/tables/llx_societe_commerciaux.sql	25
llx_societe_commerciaux	第三方/企业	5	import_key	varchar(14)	varchar	YES		N	N					导入批次/外部导入键	htdocs/install/mysql/tables/llx_societe_commerciaux.sql	26
llx_societe_contacts	第三方/企业	1	rowid	integer	integer	NO		Y	Y	PRIMARY	PRIMARY			主键行标识；通常为自增整数	htdocs/install/mysql/tables/llx_societe_contacts.sql	24
llx_societe_contacts	第三方/企业	2	entity	integer	integer	NO	1	N	N	idx_societe_contacts_idx1	idx_societe_contacts_idx1			多实体/多公司隔离标识	htdocs/install/mysql/tables/llx_societe_contacts.sql	25
llx_societe_contacts	第三方/企业	3	date_creation	datetime	datetime	NO		N	N					日期/时间字段（基于字段名推断）	htdocs/install/mysql/tables/llx_societe_contacts.sql	26
llx_societe_contacts	第三方/企业	4	fk_soc	integer	integer	NO		N	N	idx_societe_contacts_idx1	idx_societe_contacts_idx1	llx_societe.rowid		关联第三方企业 ID	htdocs/install/mysql/tables/llx_societe_contacts.sql	27
llx_societe_contacts	第三方/企业	5	fk_c_type_contact	int	int	NO		N	N	idx_societe_contacts_idx1	idx_societe_contacts_idx1	llx_c_type_contact.rowid		外部关联 ID（具体目标以外键或业务代码为准）（基于字段名推断）	htdocs/install/mysql/tables/llx_societe_contacts.sql	28
llx_societe_contacts	第三方/企业	6	fk_socpeople	integer	integer	NO		N	N	idx_societe_contacts_idx1	idx_societe_contacts_idx1	llx_socpeople.rowid		关联第三方联系人 ID	htdocs/install/mysql/tables/llx_societe_contacts.sql	29
llx_societe_contacts	第三方/企业	7	tms	TIMESTAMP	timestamp	YES		N	N					最后修改时间戳	htdocs/install/mysql/tables/llx_societe_contacts.sql	30
llx_societe_contacts	第三方/企业	8	import_key	VARCHAR(14)	varchar	YES		N	N					导入批次/外部导入键	htdocs/install/mysql/tables/llx_societe_contacts.sql	31
llx_societe_extrafields	第三方/企业	1	rowid	integer	integer	NO		Y	Y	PRIMARY	PRIMARY			主键行标识；通常为自增整数	htdocs/install/mysql/tables/llx_societe_extrafields.sql	21
llx_societe_extrafields	第三方/企业	2	tms	timestamp	timestamp	YES	CURRENT_TIMESTAMP	N	N					最后修改时间戳	htdocs/install/mysql/tables/llx_societe_extrafields.sql	22
llx_societe_extrafields	第三方/企业	3	fk_object	integer	integer	NO		N	N	uk_societe_extrafields	uk_societe_extrafields			外部关联 ID（具体目标以外键或业务代码为准）（基于字段名推断）	htdocs/install/mysql/tables/llx_societe_extrafields.sql	23
llx_societe_extrafields	第三方/企业	4	import_key	varchar(14)	varchar	YES		N	N				import key	导入批次/外部导入键；源码注释：import key	htdocs/install/mysql/tables/llx_societe_extrafields.sql	24
llx_societe_perentity	第三方/企业	1	rowid	integer	integer	NO		Y	Y	PRIMARY	PRIMARY			主键行标识；通常为自增整数	htdocs/install/mysql/tables/llx_societe_perentity-multicompany.sql	22
llx_societe_perentity	第三方/企业	2	fk_soc	integer	integer	YES		N	N	idx_societe_perentity_fk_soc, uk_societe_perentity	uk_societe_perentity			关联第三方企业 ID	htdocs/install/mysql/tables/llx_societe_perentity-multicompany.sql	23
llx_societe_perentity	第三方/企业	3	entity	integer	integer	NO	1	N	N	uk_societe_perentity	uk_societe_perentity		multi company id	多实体/多公司隔离标识；源码注释：multi company id	htdocs/install/mysql/tables/llx_societe_perentity-multicompany.sql	24
llx_societe_perentity	第三方/企业	4	accountancy_code_customer_general	varchar(32)	varchar	YES	NULL	N	N				customer accountancy general account	代码/参考号字段；源码注释：customer accountancy general account	htdocs/install/mysql/tables/llx_societe_perentity-multicompany.sql	25
llx_societe_perentity	第三方/企业	5	accountancy_code_customer	varchar(32)	varchar	YES		N	N				customer accountancy auxiliary account	代码/参考号字段；源码注释：customer accountancy auxiliary account	htdocs/install/mysql/tables/llx_societe_perentity-multicompany.sql	26
llx_societe_perentity	第三方/企业	6	accountancy_code_supplier_general	varchar(32)	varchar	YES	NULL	N	N				supplier accountancy general account	代码/参考号字段；源码注释：supplier accountancy general account	htdocs/install/mysql/tables/llx_societe_perentity-multicompany.sql	27
llx_societe_perentity	第三方/企业	7	accountancy_code_supplier	varchar(32)	varchar	YES		N	N				supplier accountancy auxiliary account	代码/参考号字段；源码注释：supplier accountancy auxiliary account	htdocs/install/mysql/tables/llx_societe_perentity-multicompany.sql	28
llx_societe_perentity	第三方/企业	8	accountancy_code_sell	varchar(32)	varchar	YES		N	N				Selling accountancy code	代码/参考号字段；源码注释：Selling accountancy code	htdocs/install/mysql/tables/llx_societe_perentity-multicompany.sql	29
llx_societe_perentity	第三方/企业	9	accountancy_code_buy	varchar(32)	varchar	YES		N	N				Buying accountancy code	代码/参考号字段；源码注释：Buying accountancy code	htdocs/install/mysql/tables/llx_societe_perentity-multicompany.sql	30
llx_societe_perentity	第三方/企业	10	vat_reverse_charge	tinyint	tinyint	YES	0	N	N				VAT reverse charge	字段 vat_reverse_charge；源码注释：VAT reverse charge	htdocs/install/mysql/tables/llx_societe_perentity-multicompany.sql	31
llx_societe_perentity	第三方/企业	11	fk_account	integer	integer	YES	NULL	N	N				default bank account	关联银行账户 ID；源码注释：default bank account	htdocs/install/mysql/tables/llx_societe_perentity-multicompany.sql	32
llx_societe_perentity	第三方/企业	12	mode_reglement	integer	integer	YES	NULL	N	N				payment mode customer	字段 mode_reglement；源码注释：payment mode customer	htdocs/install/mysql/tables/llx_societe_perentity-multicompany.sql	33
llx_societe_perentity	第三方/企业	13	cond_reglement	tinyint	tinyint	YES	NULL	N	N				payment term customer	字段 cond_reglement；源码注释：payment term customer	htdocs/install/mysql/tables/llx_societe_perentity-multicompany.sql	34
llx_societe_perentity	第三方/企业	14	mode_reglement_supplier	tinyint	tinyint	YES	NULL	N	N				payment mode supplier	字段 mode_reglement_supplier；源码注释：payment mode supplier	htdocs/install/mysql/tables/llx_societe_perentity-multicompany.sql	35
llx_societe_perentity	第三方/企业	15	cond_reglement_supplier	tinyint	tinyint	YES	NULL	N	N				payment term supplier	字段 cond_reglement_supplier；源码注释：payment term supplier	htdocs/install/mysql/tables/llx_societe_perentity-multicompany.sql	36
llx_societe_prices	第三方/企业	1	rowid	integer	integer	NO		Y	Y	PRIMARY	PRIMARY			主键行标识；通常为自增整数	htdocs/install/mysql/tables/llx_societe_prices.sql	21
llx_societe_prices	第三方/企业	2	fk_soc	integer	integer	YES	0	N	N					关联第三方企业 ID	htdocs/install/mysql/tables/llx_societe_prices.sql	22
llx_societe_prices	第三方/企业	3	tms	timestamp	timestamp	YES	CURRENT_TIMESTAMP	N	N					最后修改时间戳	htdocs/install/mysql/tables/llx_societe_prices.sql	23
llx_societe_prices	第三方/企业	4	datec	datetime	datetime	YES		N	N					创建日期/时间	htdocs/install/mysql/tables/llx_societe_prices.sql	24
llx_societe_prices	第三方/企业	5	fk_user_author	integer	integer	YES		N	N					创建人/制单人用户 ID	htdocs/install/mysql/tables/llx_societe_prices.sql	25
llx_societe_prices	第三方/企业	6	price_level	tinyint	tinyint	YES	1	N	N					金额、价格或税费字段（基于字段名推断）	htdocs/install/mysql/tables/llx_societe_prices.sql	26
llx_societe_remise	第三方/企业	1	rowid	integer	integer	NO		Y	Y	PRIMARY	PRIMARY			主键行标识；通常为自增整数	htdocs/install/mysql/tables/llx_societe_remise.sql	24
llx_societe_remise	第三方/企业	2	entity	integer	integer	NO	1	N	N				multi company id	多实体/多公司隔离标识；源码注释：multi company id	htdocs/install/mysql/tables/llx_societe_remise.sql	25
llx_societe_remise	第三方/企业	3	fk_soc	integer	integer	NO		N	N					关联第三方企业 ID	htdocs/install/mysql/tables/llx_societe_remise.sql	26
llx_societe_remise	第三方/企业	4	tms	timestamp	timestamp	YES	CURRENT_TIMESTAMP	N	N					最后修改时间戳	htdocs/install/mysql/tables/llx_societe_remise.sql	27
llx_societe_remise	第三方/企业	5	datec	datetime	datetime	YES		N	N				creation date	创建日期/时间；源码注释：creation date	htdocs/install/mysql/tables/llx_societe_remise.sql	28
llx_societe_remise	第三方/企业	6	fk_user_author	integer	integer	YES		N	N				creation user	创建人/制单人用户 ID；源码注释：creation user	htdocs/install/mysql/tables/llx_societe_remise.sql	29
llx_societe_remise	第三方/企业	7	remise_client	double(7,4)	double	NO	0	N	N				discount	字段 remise_client；源码注释：discount	htdocs/install/mysql/tables/llx_societe_remise.sql	30
llx_societe_remise	第三方/企业	8	note	text	text	YES		N	N					备注/说明字段（基于字段名推断）	htdocs/install/mysql/tables/llx_societe_remise.sql	31
llx_societe_remise_except	第三方/企业	1	rowid	integer	integer	NO		Y	Y	PRIMARY	PRIMARY			主键行标识；通常为自增整数	htdocs/install/mysql/tables/llx_societe_remise_except.sql	25
llx_societe_remise_except	第三方/企业	2	entity	integer	integer	NO	1	N	N				multi company id	多实体/多公司隔离标识；源码注释：multi company id	htdocs/install/mysql/tables/llx_societe_remise_except.sql	26
llx_societe_remise_except	第三方/企业	3	fk_soc	integer	integer	NO		N	N	idx_societe_remise_except_fk_soc		llx_societe.rowid	customer or supplier	关联第三方企业 ID；源码注释：customer or supplier	htdocs/install/mysql/tables/llx_societe_remise_except.sql	27
llx_societe_remise_except	第三方/企业	4	discount_type	integer	integer	NO	0	N	N	idx_societe_remise_except_discount_type			0 => customer, 1 => supplier	字段 discount_type；源码注释：0 => customer, 1 => supplier	htdocs/install/mysql/tables/llx_societe_remise_except.sql	28
llx_societe_remise_except	第三方/企业	5	datec	datetime	datetime	YES		N	N					创建日期/时间	htdocs/install/mysql/tables/llx_societe_remise_except.sql	29
llx_societe_remise_except	第三方/企业	6	amount_ht	double(24,8)	double	NO		N	N					金额、价格或税费字段（基于字段名推断）	htdocs/install/mysql/tables/llx_societe_remise_except.sql	30
llx_societe_remise_except	第三方/企业	7	amount_tva	double(24,8)	double	NO	0	N	N					金额、价格或税费字段（基于字段名推断）	htdocs/install/mysql/tables/llx_societe_remise_except.sql	31
llx_societe_remise_except	第三方/企业	8	amount_localtax1	double(24,8)	double	NO	0	N	N					金额、价格或税费字段（基于字段名推断）	htdocs/install/mysql/tables/llx_societe_remise_except.sql	32
llx_societe_remise_except	第三方/企业	9	amount_localtax2	double(24,8)	double	NO	0	N	N					金额、价格或税费字段（基于字段名推断）	htdocs/install/mysql/tables/llx_societe_remise_except.sql	33
llx_societe_remise_except	第三方/企业	10	amount_ttc	double(24,8)	double	NO	0	N	N					金额、价格或税费字段（基于字段名推断）	htdocs/install/mysql/tables/llx_societe_remise_except.sql	34
llx_societe_remise_except	第三方/企业	11	tva_tx	double(7,4)	double	NO	0	N	N					字段 tva_tx（基于字段名推断）	htdocs/install/mysql/tables/llx_societe_remise_except.sql	35
llx_societe_remise_except	第三方/企业	12	localtax1_tx	double(7,4)	double	NO	0	N	N					金额、价格或税费字段（基于字段名推断）	htdocs/install/mysql/tables/llx_societe_remise_except.sql	36
llx_societe_remise_except	第三方/企业	13	localtax1_type	varchar(10)	varchar	YES		N	N					金额、价格或税费字段（基于字段名推断）	htdocs/install/mysql/tables/llx_societe_remise_except.sql	37
llx_societe_remise_except	第三方/企业	14	localtax2_tx	double(7,4)	double	NO	0	N	N					金额、价格或税费字段（基于字段名推断）	htdocs/install/mysql/tables/llx_societe_remise_except.sql	38
llx_societe_remise_except	第三方/企业	15	localtax2_type	varchar(10)	varchar	YES		N	N					金额、价格或税费字段（基于字段名推断）	htdocs/install/mysql/tables/llx_societe_remise_except.sql	39
llx_societe_remise_except	第三方/企业	16	vat_src_code	varchar(10)	varchar	YES	''	N	N				Vat code used as source of vat fields. Not strict foreign key here.	代码/参考号字段；源码注释：Vat code used as source of vat fields. Not strict foreign key here.	htdocs/install/mysql/tables/llx_societe_remise_except.sql	40
llx_societe_remise_except	第三方/企业	17	fk_user	integer	integer	NO		N	N	idx_societe_remise_except_fk_user		llx_user.rowid		外部关联 ID（具体目标以外键或业务代码为准）（基于字段名推断）	htdocs/install/mysql/tables/llx_societe_remise_except.sql	41
llx_societe_remise_except	第三方/企业	18	fk_facture_line	integer	integer	YES		N	N	idx_societe_remise_except_fk_facture_line		llx_facturedet.rowid		外部关联 ID（具体目标以外键或业务代码为准）（基于字段名推断）	htdocs/install/mysql/tables/llx_societe_remise_except.sql	42
llx_societe_remise_except	第三方/企业	19	fk_facture	integer	integer	YES		N	N	idx_societe_remise_except_fk_facture		llx_facture.rowid		外部关联 ID（具体目标以外键或业务代码为准）（基于字段名推断）	htdocs/install/mysql/tables/llx_societe_remise_except.sql	43
llx_societe_remise_except	第三方/企业	20	fk_facture_source	integer	integer	YES		N	N	idx_societe_remise_except_fk_facture_source		llx_facture.rowid		外部关联 ID（具体目标以外键或业务代码为准）（基于字段名推断）	htdocs/install/mysql/tables/llx_societe_remise_except.sql	44
llx_societe_remise_except	第三方/企业	21	fk_invoice_supplier_line	integer	integer	YES		N	N			llx_facture_fourn_det.rowid		外部关联 ID（具体目标以外键或业务代码为准）（基于字段名推断）	htdocs/install/mysql/tables/llx_societe_remise_except.sql	45
llx_societe_remise_except	第三方/企业	22	fk_invoice_supplier	integer	integer	YES		N	N			llx_facture_fourn.rowid, llx_facture_fourn.rowid		外部关联 ID（具体目标以外键或业务代码为准）（基于字段名推断）	htdocs/install/mysql/tables/llx_societe_remise_except.sql	46
llx_societe_remise_except	第三方/企业	23	fk_invoice_supplier_source	integer	integer	YES		N	N					外部关联 ID（具体目标以外键或业务代码为准）（基于字段名推断）	htdocs/install/mysql/tables/llx_societe_remise_except.sql	47
llx_societe_remise_except	第三方/企业	24	description	text	text	NO		N	N					描述	htdocs/install/mysql/tables/llx_societe_remise_except.sql	48
llx_societe_remise_except	第三方/企业	25	multicurrency_code	varchar(3)	varchar	YES		N	N					代码/参考号字段（基于字段名推断）	htdocs/install/mysql/tables/llx_societe_remise_except.sql	49
llx_societe_remise_except	第三方/企业	26	multicurrency_tx	double(24,8)	double	YES		N	N					字段 multicurrency_tx（基于字段名推断）	htdocs/install/mysql/tables/llx_societe_remise_except.sql	50
llx_societe_remise_except	第三方/企业	27	multicurrency_amount_ht	double(24,8)	double	NO	0	N	N					金额、价格或税费字段（基于字段名推断）	htdocs/install/mysql/tables/llx_societe_remise_except.sql	51
llx_societe_remise_except	第三方/企业	28	multicurrency_amount_tva	double(24,8)	double	NO	0	N	N					金额、价格或税费字段（基于字段名推断）	htdocs/install/mysql/tables/llx_societe_remise_except.sql	52
llx_societe_remise_except	第三方/企业	29	multicurrency_amount_ttc	double(24,8)	double	NO	0	N	N					金额、价格或税费字段（基于字段名推断）	htdocs/install/mysql/tables/llx_societe_remise_except.sql	53
llx_societe_remise_supplier	第三方/企业	1	rowid	integer	integer	NO		Y	Y	PRIMARY	PRIMARY			主键行标识；通常为自增整数	htdocs/install/mysql/tables/llx_societe_remise_supplier.sql	24
llx_societe_remise_supplier	第三方/企业	2	entity	integer	integer	NO	1	N	N				multi company id	多实体/多公司隔离标识；源码注释：multi company id	htdocs/install/mysql/tables/llx_societe_remise_supplier.sql	25
llx_societe_remise_supplier	第三方/企业	3	fk_soc	integer	integer	NO		N	N					关联第三方企业 ID	htdocs/install/mysql/tables/llx_societe_remise_supplier.sql	26
llx_societe_remise_supplier	第三方/企业	4	tms	timestamp	timestamp	YES	CURRENT_TIMESTAMP	N	N					最后修改时间戳	htdocs/install/mysql/tables/llx_societe_remise_supplier.sql	27
llx_societe_remise_supplier	第三方/企业	5	datec	datetime	datetime	YES		N	N				creation date	创建日期/时间；源码注释：creation date	htdocs/install/mysql/tables/llx_societe_remise_supplier.sql	28
llx_societe_remise_supplier	第三方/企业	6	fk_user_author	integer	integer	YES		N	N				creation user	创建人/制单人用户 ID；源码注释：creation user	htdocs/install/mysql/tables/llx_societe_remise_supplier.sql	29
llx_societe_remise_supplier	第三方/企业	7	remise_supplier	double(7,4)	double	NO	0	N	N				discount	字段 remise_supplier；源码注释：discount	htdocs/install/mysql/tables/llx_societe_remise_supplier.sql	30
llx_societe_remise_supplier	第三方/企业	8	note	text	text	YES		N	N					备注/说明字段（基于字段名推断）	htdocs/install/mysql/tables/llx_societe_remise_supplier.sql	31
llx_societe_rib	第三方/企业	1	rowid	integer	integer	NO		Y	Y	PRIMARY	PRIMARY			主键行标识；通常为自增整数	htdocs/install/mysql/tables/llx_societe_rib.sql	26
llx_societe_rib	第三方/企业	2	entity	integer	integer	NO	1	N	N	uk_societe_rib	uk_societe_rib		multi company id	多实体/多公司隔离标识；源码注释：multi company id	htdocs/install/mysql/tables/llx_societe_rib.sql	27
llx_societe_rib	第三方/企业	3	type	varchar(32)	varchar	NO	'ban'	N	N				'ban' or 'paypal' or 'card' or 'stripe'	字段 type；源码注释：'ban' or 'paypal' or 'card' or 'stripe'	htdocs/install/mysql/tables/llx_societe_rib.sql	28
llx_societe_rib	第三方/企业	4	label	varchar(180)	varchar	YES		N	N	uk_societe_rib	uk_societe_rib			名称或标签	htdocs/install/mysql/tables/llx_societe_rib.sql	29
llx_societe_rib	第三方/企业	5	fk_soc	integer	integer	NO		N	N	uk_societe_rib	uk_societe_rib	llx_societe.rowid		关联第三方企业 ID	htdocs/install/mysql/tables/llx_societe_rib.sql	30
llx_societe_rib	第三方/企业	6	datec	datetime	datetime	YES		N	N					创建日期/时间	htdocs/install/mysql/tables/llx_societe_rib.sql	31
llx_societe_rib	第三方/企业	7	tms	timestamp	timestamp	YES	CURRENT_TIMESTAMP	N	N					最后修改时间戳	htdocs/install/mysql/tables/llx_societe_rib.sql	32
llx_societe_rib	第三方/企业	8	bank	varchar(255)	varchar	YES		N	N				bank name	字段 bank；源码注释：bank name	htdocs/install/mysql/tables/llx_societe_rib.sql	35
llx_societe_rib	第三方/企业	9	code_banque	varchar(128)	varchar	YES		N	N				bank code	代码/参考号字段；源码注释：bank code	htdocs/install/mysql/tables/llx_societe_rib.sql	36
llx_societe_rib	第三方/企业	10	code_guichet	varchar(6)	varchar	YES		N	N				desk code	代码/参考号字段；源码注释：desk code	htdocs/install/mysql/tables/llx_societe_rib.sql	37
llx_societe_rib	第三方/企业	11	number	varchar(255)	varchar	YES		N	N				account number	字段 number；源码注释：account number	htdocs/install/mysql/tables/llx_societe_rib.sql	38
llx_societe_rib	第三方/企业	12	cle_rib	varchar(5)	varchar	YES		N	N				key of bank account	字段 cle_rib；源码注释：key of bank account	htdocs/install/mysql/tables/llx_societe_rib.sql	39
llx_societe_rib	第三方/企业	13	bic	varchar(20)	varchar	YES		N	N				11 according to ISO 9362 (we keep 20 for backward compatibility)	字段 bic；源码注释：11 according to ISO 9362 (we keep 20 for backward compatibility)	htdocs/install/mysql/tables/llx_societe_rib.sql	41
llx_societe_rib	第三方/企业	14	bic_intermediate	varchar(11)	varchar	YES		N	N				11 according to ISO 9362. Same as bic but for intermediate bank	字段 bic_intermediate；源码注释：11 according to ISO 9362. Same as bic but for intermediate bank	htdocs/install/mysql/tables/llx_societe_rib.sql	42
llx_societe_rib	第三方/企业	15	iban_prefix	varchar(100)	varchar	YES		N	N				full iban. 34 according to ISO 13616 but we set 100 to allow to store it with encryption information	字段 iban_prefix；源码注释：full iban. 34 according to ISO 13616 but we set 100 to allow to store it with encryption information	htdocs/install/mysql/tables/llx_societe_rib.sql	43
llx_societe_rib	第三方/企业	16	cci	varchar(100)	varchar	YES		N	N				Interbank code for some countries like Chile	字段 cci；源码注释：Interbank code for some countries like Chile	htdocs/install/mysql/tables/llx_societe_rib.sql	44
llx_societe_rib	第三方/企业	17	domiciliation	varchar(255)	varchar	YES		N	N					字段 domiciliation（基于字段名推断）	htdocs/install/mysql/tables/llx_societe_rib.sql	46
llx_societe_rib	第三方/企业	18	proprio	varchar(60)	varchar	YES		N	N					字段 proprio（基于字段名推断）	htdocs/install/mysql/tables/llx_societe_rib.sql	47
llx_societe_rib	第三方/企业	19	owner_address	varchar(255)	varchar	YES		N	N					字段 owner_address（基于字段名推断）	htdocs/install/mysql/tables/llx_societe_rib.sql	48
llx_societe_rib	第三方/企业	20	default_rib	smallint	smallint	NO	0	N	N					字段 default_rib（基于字段名推断）	htdocs/install/mysql/tables/llx_societe_rib.sql	49
llx_societe_rib	第三方/企业	21	state_id	integer	integer	YES		N	N					字段 state_id（基于字段名推断）	htdocs/install/mysql/tables/llx_societe_rib.sql	50
llx_societe_rib	第三方/企业	22	fk_country	integer	integer	YES		N	N					外部关联 ID（具体目标以外键或业务代码为准）（基于字段名推断）	htdocs/install/mysql/tables/llx_societe_rib.sql	51
llx_societe_rib	第三方/企业	23	currency_code	varchar(3)	varchar	YES		N	N					代码/参考号字段（基于字段名推断）	htdocs/install/mysql/tables/llx_societe_rib.sql	52
llx_societe_rib	第三方/企业	24	model_pdf	varchar(255)	varchar	YES		N	N				last template used to generate main document	字段 model_pdf；源码注释：last template used to generate main document	htdocs/install/mysql/tables/llx_societe_rib.sql	54
llx_societe_rib	第三方/企业	25	last_main_doc	varchar(255)	varchar	YES		N	N				relative filepath+filename of last main generated document	字段 last_main_doc；源码注释：relative filepath+filename of last main generated document	htdocs/install/mysql/tables/llx_societe_rib.sql	55
llx_societe_rib	第三方/企业	26	rum	varchar(32)	varchar	YES		N	N				RUM value to use for SEPA generation	字段 rum；源码注释：RUM value to use for SEPA generation	htdocs/install/mysql/tables/llx_societe_rib.sql	58
llx_societe_rib	第三方/企业	27	date_rum	date	date	YES		N	N				Date of mandate	日期/时间字段；源码注释：Date of mandate	htdocs/install/mysql/tables/llx_societe_rib.sql	59
llx_societe_rib	第三方/企业	28	frstrecur	varchar(16)	varchar	YES	'FRST'	N	N				'FRST' or 'RECUR'	字段 frstrecur；源码注释：'FRST' or 'RECUR'	htdocs/install/mysql/tables/llx_societe_rib.sql	60
llx_societe_rib	第三方/企业	29	last_four	varchar(4)	varchar	YES		N	N				last 4	字段 last_four；源码注释：last 4	htdocs/install/mysql/tables/llx_societe_rib.sql	63
llx_societe_rib	第三方/企业	30	card_type	varchar(255)	varchar	YES		N	N				card type 'VISA', 'MC' , ...	字段 card_type；源码注释：card type 'VISA', 'MC' , ...	htdocs/install/mysql/tables/llx_societe_rib.sql	64
llx_societe_rib	第三方/企业	31	cvn	varchar(255)	varchar	YES		N	N					字段 cvn（基于字段名推断）	htdocs/install/mysql/tables/llx_societe_rib.sql	65
llx_societe_rib	第三方/企业	32	exp_date_month	integer	integer	YES		N	N					日期/时间字段（基于字段名推断）	htdocs/install/mysql/tables/llx_societe_rib.sql	66
llx_societe_rib	第三方/企业	33	exp_date_year	integer	integer	YES		N	N					日期/时间字段（基于字段名推断）	htdocs/install/mysql/tables/llx_societe_rib.sql	67
llx_societe_rib	第三方/企业	34	country_code	varchar(10)	varchar	YES		N	N					代码/参考号字段（基于字段名推断）	htdocs/install/mysql/tables/llx_societe_rib.sql	68
llx_societe_rib	第三方/企业	35	approved	integer	integer	YES	0	N	N					字段 approved（基于字段名推断）	htdocs/install/mysql/tables/llx_societe_rib.sql	71
llx_societe_rib	第三方/企业	36	email	varchar(255)	varchar	YES		N	N					电子邮箱	htdocs/install/mysql/tables/llx_societe_rib.sql	72
llx_societe_rib	第三方/企业	37	ending_date	date	date	YES		N	N					日期/时间字段（基于字段名推断）	htdocs/install/mysql/tables/llx_societe_rib.sql	73
llx_societe_rib	第三方/企业	38	max_total_amount_of_all_payments	double(24,8)	double	YES		N	N					金额、价格或税费字段（基于字段名推断）	htdocs/install/mysql/tables/llx_societe_rib.sql	74
llx_societe_rib	第三方/企业	39	preapproval_key	varchar(255)	varchar	YES		N	N					字段 preapproval_key（基于字段名推断）	htdocs/install/mysql/tables/llx_societe_rib.sql	75
llx_societe_rib	第三方/企业	40	starting_date	date	date	YES		N	N					日期/时间字段（基于字段名推断）	htdocs/install/mysql/tables/llx_societe_rib.sql	76
llx_societe_rib	第三方/企业	41	total_amount_of_all_payments	double(24,8)	double	YES		N	N					金额、价格或税费字段（基于字段名推断）	htdocs/install/mysql/tables/llx_societe_rib.sql	77
llx_societe_rib	第三方/企业	42	stripe_card_ref	varchar(128)	varchar	YES		N	N				card_...'	字段 stripe_card_ref；源码注释：card_...'	htdocs/install/mysql/tables/llx_societe_rib.sql	80
llx_societe_rib	第三方/企业	43	stripe_account	varchar(128)	varchar	YES		N	N				'pk_live_...'	字段 stripe_account；源码注释：'pk_live_...'	htdocs/install/mysql/tables/llx_societe_rib.sql	81
llx_societe_rib	第三方/企业	44	ext_payment_site	varchar(128)	varchar	YES		N	N				name of external paymentmode (for example 'StripeLive')	字段 ext_payment_site；源码注释：name of external paymentmode (for example 'StripeLive')	htdocs/install/mysql/tables/llx_societe_rib.sql	83
llx_societe_rib	第三方/企业	45	extraparams	varchar(255)	varchar	YES		N	N				for other parameters with json format	扩展参数/结构化文本；源码注释：for other parameters with json format	htdocs/install/mysql/tables/llx_societe_rib.sql	85
llx_societe_rib	第三方/企业	46	date_signature	datetime	datetime	YES		N	N					日期/时间字段（基于字段名推断）	htdocs/install/mysql/tables/llx_societe_rib.sql	88
llx_societe_rib	第三方/企业	47	online_sign_ip	varchar(48)	varchar	YES		N	N					字段 online_sign_ip（基于字段名推断）	htdocs/install/mysql/tables/llx_societe_rib.sql	89
llx_societe_rib	第三方/企业	48	online_sign_name	varchar(64)	varchar	YES		N	N					名称/标题字段（基于字段名推断）	htdocs/install/mysql/tables/llx_societe_rib.sql	90
llx_societe_rib	第三方/企业	49	comment	varchar(255)	varchar	YES		N	N					备注/说明字段（基于字段名推断）	htdocs/install/mysql/tables/llx_societe_rib.sql	92
llx_societe_rib	第三方/企业	50	ipaddress	varchar(68)	varchar	YES		N	N					字段 ipaddress（基于字段名推断）	htdocs/install/mysql/tables/llx_societe_rib.sql	93
llx_societe_rib	第三方/企业	51	status	integer	integer	NO	1	N	N				1=ACTIVE, 0=IN_TRASH	状态标识；源码注释：1=ACTIVE, 0=IN_TRASH	htdocs/install/mysql/tables/llx_societe_rib.sql	94
llx_societe_rib	第三方/企业	52	import_key	varchar(14)	varchar	YES		N	N				import key	导入批次/外部导入键；源码注释：import key	htdocs/install/mysql/tables/llx_societe_rib.sql	95
llx_socpeople	联系人	1	rowid	integer	integer	NO		Y	Y	PRIMARY	PRIMARY			主键行标识；通常为自增整数	htdocs/install/mysql/tables/llx_socpeople.sql	24
llx_socpeople	联系人	2	datec	datetime	datetime	YES		N	N					创建日期/时间	htdocs/install/mysql/tables/llx_socpeople.sql	25
llx_socpeople	联系人	3	tms	timestamp	timestamp	YES	CURRENT_TIMESTAMP	N	N					最后修改时间戳	htdocs/install/mysql/tables/llx_socpeople.sql	26
llx_socpeople	联系人	4	fk_soc	integer	integer	YES		N	N	idx_socpeople_fk_soc		llx_societe.rowid	lien vers la societe	关联第三方企业 ID；源码注释：lien vers la societe	htdocs/install/mysql/tables/llx_socpeople.sql	27
llx_socpeople	联系人	5	use_thirdparty_address	smallint	smallint	YES	NULL	N	N				1=use linked thirdparty address, 0=use contact address, null=legacy resolution	字段 use_thirdparty_address；源码注释：1=use linked thirdparty address, 0=use contact address, null=legacy resolution	htdocs/install/mysql/tables/llx_socpeople.sql	28
llx_socpeople	联系人	6	entity	integer	integer	NO	1	N	N				multi company id	多实体/多公司隔离标识；源码注释：multi company id	htdocs/install/mysql/tables/llx_socpeople.sql	29
llx_socpeople	联系人	7	ref_ext	varchar(255)	varchar	YES		N	N				reference into an external system (not used by dolibarr)	代码/参考号字段；源码注释：reference into an external system (not used by dolibarr)	htdocs/install/mysql/tables/llx_socpeople.sql	30
llx_socpeople	联系人	8	name_alias	varchar(255)	varchar	YES		N	N					名称/标题字段（基于字段名推断）	htdocs/install/mysql/tables/llx_socpeople.sql	31
llx_socpeople	联系人	9	fk_parent	integer	integer	YES		N	N					外部关联 ID（具体目标以外键或业务代码为准）（基于字段名推断）	htdocs/install/mysql/tables/llx_socpeople.sql	32
llx_socpeople	联系人	10	civility	varchar(6)	varchar	YES		N	N					字段 civility（基于字段名推断）	htdocs/install/mysql/tables/llx_socpeople.sql	34
llx_socpeople	联系人	11	lastname	varchar(50)	varchar	YES		N	N	idx_socpeople_lastname				名称/标题字段（基于字段名推断）	htdocs/install/mysql/tables/llx_socpeople.sql	35
llx_socpeople	联系人	12	firstname	varchar(50)	varchar	YES		N	N					名称/标题字段（基于字段名推断）	htdocs/install/mysql/tables/llx_socpeople.sql	36
llx_socpeople	联系人	13	address	varchar(255)	varchar	YES		N	N					地址	htdocs/install/mysql/tables/llx_socpeople.sql	37
llx_socpeople	联系人	14	zip	varchar(25)	varchar	YES		N	N					邮政编码	htdocs/install/mysql/tables/llx_socpeople.sql	38
llx_socpeople	联系人	15	town	varchar(255)	varchar	YES		N	N					城市/城镇	htdocs/install/mysql/tables/llx_socpeople.sql	39
llx_socpeople	联系人	16	fk_departement	integer	integer	YES		N	N					外部关联 ID（具体目标以外键或业务代码为准）（基于字段名推断）	htdocs/install/mysql/tables/llx_socpeople.sql	40
llx_socpeople	联系人	17	fk_pays	integer	integer	YES	0	N	N					外部关联 ID（具体目标以外键或业务代码为准）（基于字段名推断）	htdocs/install/mysql/tables/llx_socpeople.sql	41
llx_socpeople	联系人	18	geolat	double(24,8)	double	YES	NULL	N	N					日期/时间字段（基于字段名推断）	htdocs/install/mysql/tables/llx_socpeople.sql	43
llx_socpeople	联系人	19	geolong	double(24,8)	double	YES	NULL	N	N					字段 geolong（基于字段名推断）	htdocs/install/mysql/tables/llx_socpeople.sql	44
llx_socpeople	联系人	20	geopoint	point	point	YES	NULL	N	N					字段 geopoint（基于字段名推断）	htdocs/install/mysql/tables/llx_socpeople.sql	45
llx_socpeople	联系人	21	georesultcode	varchar(16)	varchar	YES		N	N					代码/参考号字段（基于字段名推断）	htdocs/install/mysql/tables/llx_socpeople.sql	46
llx_socpeople	联系人	22	birthday	date	date	YES		N	N					字段 birthday（基于字段名推断）	htdocs/install/mysql/tables/llx_socpeople.sql	48
llx_socpeople	联系人	23	poste	varchar(255)	varchar	YES		N	N					字段 poste（基于字段名推断）	htdocs/install/mysql/tables/llx_socpeople.sql	49
llx_socpeople	联系人	24	phone	varchar(30)	varchar	YES		N	N					电话	htdocs/install/mysql/tables/llx_socpeople.sql	50
llx_socpeople	联系人	25	phone_perso	varchar(30)	varchar	YES		N	N					字段 phone_perso（基于字段名推断）	htdocs/install/mysql/tables/llx_socpeople.sql	51
llx_socpeople	联系人	26	phone_mobile	varchar(30)	varchar	YES		N	N					字段 phone_mobile（基于字段名推断）	htdocs/install/mysql/tables/llx_socpeople.sql	52
llx_socpeople	联系人	27	fax	varchar(30)	varchar	YES		N	N					字段 fax（基于字段名推断）	htdocs/install/mysql/tables/llx_socpeople.sql	53
llx_socpeople	联系人	28	url	varchar(255)	varchar	YES		N	N				web site	字段 url；源码注释：web site	htdocs/install/mysql/tables/llx_socpeople.sql	54
llx_socpeople	联系人	29	email	varchar(255)	varchar	YES		N	N					电子邮箱	htdocs/install/mysql/tables/llx_socpeople.sql	55
llx_socpeople	联系人	30	socialnetworks	text	text	YES	NULL	N	N				json with socialnetworks	字段 socialnetworks；源码注释：json with socialnetworks	htdocs/install/mysql/tables/llx_socpeople.sql	57
llx_socpeople	联系人	31	photo	varchar(255)	varchar	YES		N	N					字段 photo（基于字段名推断）	htdocs/install/mysql/tables/llx_socpeople.sql	59
llx_socpeople	联系人	32	no_email	smallint	smallint	NO	0	N	N				deprecated. Use table llx_mailing_unsubscribe instead	字段 no_email；源码注释：deprecated. Use table llx_mailing_unsubscribe instead	htdocs/install/mysql/tables/llx_socpeople.sql	60
llx_socpeople	联系人	33	priv	smallint	smallint	NO	0	N	N					字段 priv（基于字段名推断）	htdocs/install/mysql/tables/llx_socpeople.sql	61
llx_socpeople	联系人	34	fk_prospectlevel	varchar(12)	varchar	YES		N	N				prospect level (in llx_c_prospectcontactlevel)	外部关联 ID（具体目标以外键或业务代码为准）；源码注释：prospect level (in llx_c_prospectcontactlevel)	htdocs/install/mysql/tables/llx_socpeople.sql	62
llx_socpeople	联系人	35	fk_stcommcontact	integer	integer	NO	0	N	N				commercial statut	外部关联 ID（具体目标以外键或业务代码为准）；源码注释：commercial statut	htdocs/install/mysql/tables/llx_socpeople.sql	63
llx_socpeople	联系人	36	fk_user_creat	integer	integer	YES	0	N	N	idx_socpeople_fk_user_creat		llx_user.rowid	user qui a creel'enregistrement	创建人用户 ID；源码注释：user qui a creel'enregistrement	htdocs/install/mysql/tables/llx_socpeople.sql	64
llx_socpeople	联系人	37	fk_user_modif	integer	integer	YES		N	N					最后修改人用户 ID	htdocs/install/mysql/tables/llx_socpeople.sql	65
llx_socpeople	联系人	38	note_private	text	text	YES		N	N					内部备注	htdocs/install/mysql/tables/llx_socpeople.sql	66
llx_socpeople	联系人	39	note_public	text	text	YES		N	N					公开备注	htdocs/install/mysql/tables/llx_socpeople.sql	67
llx_socpeople	联系人	40	default_lang	varchar(6)	varchar	YES		N	N					字段 default_lang（基于字段名推断）	htdocs/install/mysql/tables/llx_socpeople.sql	68
llx_socpeople	联系人	41	canvas	varchar(32)	varchar	YES		N	N				type of canvas if used (null by default)	字段 canvas；源码注释：type of canvas if used (null by default)	htdocs/install/mysql/tables/llx_socpeople.sql	69
llx_socpeople	联系人	42	import_key	varchar(14)	varchar	YES		N	N					导入批次/外部导入键	htdocs/install/mysql/tables/llx_socpeople.sql	70
llx_socpeople	联系人	43	statut	tinyint	tinyint	NO	1	N	N					状态标识	htdocs/install/mysql/tables/llx_socpeople.sql	71
llx_socpeople	联系人	44	ip	varchar(250)	varchar	YES		N	N				ip used to create record (for public submission page)	字段 ip；源码注释：ip used to create record (for public submission page)	htdocs/install/mysql/tables/llx_socpeople.sql	72
llx_socpeople_extrafields	联系人	1	rowid	integer	integer	NO		Y	Y	PRIMARY	PRIMARY			主键行标识；通常为自增整数	htdocs/install/mysql/tables/llx_socpeople_extrafields.sql	21
llx_socpeople_extrafields	联系人	2	tms	timestamp	timestamp	YES	CURRENT_TIMESTAMP	N	N					最后修改时间戳	htdocs/install/mysql/tables/llx_socpeople_extrafields.sql	22
llx_socpeople_extrafields	联系人	3	fk_object	integer	integer	NO		N	N	uk_socpeople_extrafields	uk_socpeople_extrafields			外部关联 ID（具体目标以外键或业务代码为准）（基于字段名推断）	htdocs/install/mysql/tables/llx_socpeople_extrafields.sql	23
llx_socpeople_extrafields	联系人	4	import_key	varchar(14)	varchar	YES		N	N				import key	导入批次/外部导入键；源码注释：import key	htdocs/install/mysql/tables/llx_socpeople_extrafields.sql	24
llx_stock_mouvement	库存	1	rowid	integer	integer	NO		Y	Y	PRIMARY	PRIMARY			主键行标识；通常为自增整数	htdocs/install/mysql/tables/llx_stock_mouvement.sql	22
llx_stock_mouvement	库存	2	tms	timestamp	timestamp	YES	CURRENT_TIMESTAMP	N	N					最后修改时间戳	htdocs/install/mysql/tables/llx_stock_mouvement.sql	23
llx_stock_mouvement	库存	3	datem	datetime	datetime	YES		N	N	idx_stock_mouvement_batch_entrepot_type_datem			Date and hour of movement	日期/时间字段；源码注释：Date and hour of movement	htdocs/install/mysql/tables/llx_stock_mouvement.sql	24
llx_stock_mouvement	库存	4	fk_product	integer	integer	NO		N	N	idx_stock_mouvement_fk_product			Id of product	关联产品/服务 ID；源码注释：Id of product	htdocs/install/mysql/tables/llx_stock_mouvement.sql	25
llx_stock_mouvement	库存	5	batch	varchar(128)	varchar	YES	NULL	N	N	idx_stock_mouvement_batch_entrepot_type_datem			Lot or serial number	字段 batch；源码注释：Lot or serial number	htdocs/install/mysql/tables/llx_stock_mouvement.sql	26
llx_stock_mouvement	库存	6	eatby	date	date	YES	NULL	N	N				Eatby date (deprecated, we should get value from batch number in table llx_product_lot)	字段 eatby；源码注释：Eatby date (deprecated, we should get value from batch number in table llx_product_lot)	htdocs/install/mysql/tables/llx_stock_mouvement.sql	27
llx_stock_mouvement	库存	7	sellby	date	date	YES	NULL	N	N				Sellby date (deprecated, we should get value from batch number in table llx_product_lot)	字段 sellby；源码注释：Sellby date (deprecated, we should get value from batch number in table llx_product_lot)	htdocs/install/mysql/tables/llx_stock_mouvement.sql	28
llx_stock_mouvement	库存	8	fk_entrepot	integer	integer	NO		N	N	idx_stock_mouvement_fk_entrepot, idx_stock_mouvement_batch_entrepot_type_datem			Id warehouse	外部关联 ID（具体目标以外键或业务代码为准）；源码注释：Id warehouse	htdocs/install/mysql/tables/llx_stock_mouvement.sql	29
llx_stock_mouvement	库存	9	value	real	real	YES		N	N				Qty of movement	字段 value；源码注释：Qty of movement	htdocs/install/mysql/tables/llx_stock_mouvement.sql	30
llx_stock_mouvement	库存	10	price	double(24,8)	double	YES	0	N	N				Entry price (used to calculate PMP, FIFO or LIFO value)	价格；源码注释：Entry price (used to calculate PMP, FIFO or LIFO value)	htdocs/install/mysql/tables/llx_stock_mouvement.sql	31
llx_stock_mouvement	库存	11	type_mouvement	smallint	smallint	YES		N	N	idx_stock_mouvement_batch_entrepot_type_datem			Type/Direction of movement (manual entry = 0, manual exit = 1, automatic exit = 2, automatic entry = 3)	字段 type_mouvement；源码注释：Type/Direction of movement (manual entry = 0, manual exit = 1, automatic exit = 2, automatic entry = 3)	htdocs/install/mysql/tables/llx_stock_mouvement.sql	32
llx_stock_mouvement	库存	12	fk_user_author	integer	integer	YES		N	N				Id user making movement	创建人/制单人用户 ID；源码注释：Id user making movement	htdocs/install/mysql/tables/llx_stock_mouvement.sql	33
llx_stock_mouvement	库存	13	label	varchar(255)	varchar	YES		N	N				Comment on movement	名称或标签；源码注释：Comment on movement	htdocs/install/mysql/tables/llx_stock_mouvement.sql	34
llx_stock_mouvement	库存	14	inventorycode	varchar(128)	varchar	YES		N	N				Code used to group different movement line into one operation (may be an inventory, a mass picking)	代码/参考号字段；源码注释：Code used to group different movement line into one operation (may be an inventory, a mass picking)	htdocs/install/mysql/tables/llx_stock_mouvement.sql	35
llx_stock_mouvement	库存	15	fk_project	integer	integer	YES		N	N					关联项目 ID	htdocs/install/mysql/tables/llx_stock_mouvement.sql	36
llx_stock_mouvement	库存	16	fk_origin	integer	integer	YES		N	N					外部关联 ID（具体目标以外键或业务代码为准）（基于字段名推断）	htdocs/install/mysql/tables/llx_stock_mouvement.sql	37
llx_stock_mouvement	库存	17	origintype	varchar(64)	varchar	YES		N	N					字段 origintype（基于字段名推断）	htdocs/install/mysql/tables/llx_stock_mouvement.sql	38
llx_stock_mouvement	库存	18	model_pdf	varchar(255)	varchar	YES		N	N					字段 model_pdf（基于字段名推断）	htdocs/install/mysql/tables/llx_stock_mouvement.sql	39
llx_stock_mouvement	库存	19	fk_projet	integer	integer	NO	0	N	N					关联项目 ID	htdocs/install/mysql/tables/llx_stock_mouvement.sql	40
llx_stock_mouvement_extrafields	库存	1	rowid	integer	integer	NO		Y	Y	PRIMARY	PRIMARY			主键行标识；通常为自增整数	htdocs/install/mysql/tables/llx_stock_mouvement_extrafields.sql	20
llx_stock_mouvement_extrafields	库存	2	tms	timestamp	timestamp	YES	CURRENT_TIMESTAMP	N	N					最后修改时间戳	htdocs/install/mysql/tables/llx_stock_mouvement_extrafields.sql	21
llx_stock_mouvement_extrafields	库存	3	fk_object	integer	integer	NO		N	N	uk_stock_mouvement_extrafields	uk_stock_mouvement_extrafields			外部关联 ID（具体目标以外键或业务代码为准）（基于字段名推断）	htdocs/install/mysql/tables/llx_stock_mouvement_extrafields.sql	22
llx_stock_mouvement_extrafields	库存	4	import_key	varchar(14)	varchar	YES		N	N					导入批次/外部导入键	htdocs/install/mysql/tables/llx_stock_mouvement_extrafields.sql	23
llx_stocktransfer_stocktransfer	库存调拨	1	rowid	integer	integer	NO		Y	Y	PRIMARY, idx_stocktransfer_stocktransfer_rowid	PRIMARY			主键行标识；通常为自增整数	htdocs/install/mysql/tables/llx_stocktransfer_stocktransfer-stocktransfer.sql	19
llx_stocktransfer_stocktransfer	库存调拨	2	entity	integer	integer	NO	1	N	N					多实体/多公司隔离标识	htdocs/install/mysql/tables/llx_stocktransfer_stocktransfer-stocktransfer.sql	20
llx_stocktransfer_stocktransfer	库存调拨	3	ref	varchar(128)	varchar	NO	'(PROV)'	N	N	idx_stocktransfer_stocktransfer_ref				业务参考号/单号	htdocs/install/mysql/tables/llx_stocktransfer_stocktransfer-stocktransfer.sql	21
llx_stocktransfer_stocktransfer	库存调拨	4	label	varchar(255)	varchar	YES		N	N					名称或标签	htdocs/install/mysql/tables/llx_stocktransfer_stocktransfer-stocktransfer.sql	22
llx_stocktransfer_stocktransfer	库存调拨	5	fk_soc	integer	integer	YES		N	N	idx_stocktransfer_stocktransfer_fk_soc				关联第三方企业 ID	htdocs/install/mysql/tables/llx_stocktransfer_stocktransfer-stocktransfer.sql	23
llx_stocktransfer_stocktransfer	库存调拨	6	fk_project	integer	integer	YES		N	N	idx_stocktransfer_stocktransfer_fk_project				关联项目 ID	htdocs/install/mysql/tables/llx_stocktransfer_stocktransfer-stocktransfer.sql	24
llx_stocktransfer_stocktransfer	库存调拨	7	fk_warehouse_source	integer	integer	YES		N	N					外部关联 ID（具体目标以外键或业务代码为准）（基于字段名推断）	htdocs/install/mysql/tables/llx_stocktransfer_stocktransfer-stocktransfer.sql	25
llx_stocktransfer_stocktransfer	库存调拨	8	fk_warehouse_destination	integer	integer	YES		N	N					外部关联 ID（具体目标以外键或业务代码为准）（基于字段名推断）	htdocs/install/mysql/tables/llx_stocktransfer_stocktransfer-stocktransfer.sql	26
llx_stocktransfer_stocktransfer	库存调拨	9	description	text	text	YES		N	N					描述	htdocs/install/mysql/tables/llx_stocktransfer_stocktransfer-stocktransfer.sql	27
llx_stocktransfer_stocktransfer	库存调拨	10	note_public	text	text	YES		N	N					公开备注	htdocs/install/mysql/tables/llx_stocktransfer_stocktransfer-stocktransfer.sql	28
llx_stocktransfer_stocktransfer	库存调拨	11	note_private	text	text	YES		N	N					内部备注	htdocs/install/mysql/tables/llx_stocktransfer_stocktransfer-stocktransfer.sql	29
llx_stocktransfer_stocktransfer	库存调拨	12	tms	timestamp	timestamp	YES	CURRENT_TIMESTAMP	N	N					最后修改时间戳	htdocs/install/mysql/tables/llx_stocktransfer_stocktransfer-stocktransfer.sql	30
llx_stocktransfer_stocktransfer	库存调拨	13	date_creation	datetime	datetime	NO		N	N					日期/时间字段（基于字段名推断）	htdocs/install/mysql/tables/llx_stocktransfer_stocktransfer-stocktransfer.sql	31
llx_stocktransfer_stocktransfer	库存调拨	14	date_prevue_depart	date	date	YES	NULL	N	N					日期/时间字段（基于字段名推断）	htdocs/install/mysql/tables/llx_stocktransfer_stocktransfer-stocktransfer.sql	32
llx_stocktransfer_stocktransfer	库存调拨	15	date_reelle_depart	date	date	YES	NULL	N	N					日期/时间字段（基于字段名推断）	htdocs/install/mysql/tables/llx_stocktransfer_stocktransfer-stocktransfer.sql	33
llx_stocktransfer_stocktransfer	库存调拨	16	date_prevue_arrivee	date	date	YES	NULL	N	N					日期/时间字段（基于字段名推断）	htdocs/install/mysql/tables/llx_stocktransfer_stocktransfer-stocktransfer.sql	34
llx_stocktransfer_stocktransfer	库存调拨	17	date_reelle_arrivee	date	date	YES	NULL	N	N					日期/时间字段（基于字段名推断）	htdocs/install/mysql/tables/llx_stocktransfer_stocktransfer-stocktransfer.sql	35
llx_stocktransfer_stocktransfer	库存调拨	18	lead_time_for_warning	integer	integer	YES	NULL	N	N					字段 lead_time_for_warning（基于字段名推断）	htdocs/install/mysql/tables/llx_stocktransfer_stocktransfer-stocktransfer.sql	36
llx_stocktransfer_stocktransfer	库存调拨	19	fk_user_creat	integer	integer	NO		N	N			llx_user.rowid		创建人用户 ID	htdocs/install/mysql/tables/llx_stocktransfer_stocktransfer-stocktransfer.sql	37
llx_stocktransfer_stocktransfer	库存调拨	20	fk_user_modif	integer	integer	YES		N	N					最后修改人用户 ID	htdocs/install/mysql/tables/llx_stocktransfer_stocktransfer-stocktransfer.sql	38
llx_stocktransfer_stocktransfer	库存调拨	21	import_key	varchar(14)	varchar	YES		N	N					导入批次/外部导入键	htdocs/install/mysql/tables/llx_stocktransfer_stocktransfer-stocktransfer.sql	39
llx_stocktransfer_stocktransfer	库存调拨	22	model_pdf	varchar(255)	varchar	YES		N	N					字段 model_pdf（基于字段名推断）	htdocs/install/mysql/tables/llx_stocktransfer_stocktransfer-stocktransfer.sql	40
llx_stocktransfer_stocktransfer	库存调拨	23	last_main_doc	varchar(255)	varchar	YES		N	N					字段 last_main_doc（基于字段名推断）	htdocs/install/mysql/tables/llx_stocktransfer_stocktransfer-stocktransfer.sql	41
llx_stocktransfer_stocktransfer	库存调拨	24	status	smallint	smallint	NO		N	N	idx_stocktransfer_stocktransfer_status				状态标识	htdocs/install/mysql/tables/llx_stocktransfer_stocktransfer-stocktransfer.sql	42
llx_stocktransfer_stocktransfer	库存调拨	25	fk_incoterms	integer	integer	YES		N	N				for incoterms	外部关联 ID（具体目标以外键或业务代码为准）；源码注释：for incoterms	htdocs/install/mysql/tables/llx_stocktransfer_stocktransfer-stocktransfer.sql	43
llx_stocktransfer_stocktransfer	库存调拨	26	location_incoterms	varchar(255)	varchar	YES		N	N					字段 location_incoterms（基于字段名推断）	htdocs/install/mysql/tables/llx_stocktransfer_stocktransfer-stocktransfer.sql	44
llx_stocktransfer_stocktransfer_extrafields	库存调拨	1	rowid	integer	integer	NO		Y	Y	PRIMARY	PRIMARY			主键行标识；通常为自增整数	htdocs/install/mysql/tables/llx_stocktransfer_stocktransfer_extrafields-stocktransfer.sql	18
llx_stocktransfer_stocktransfer_extrafields	库存调拨	2	tms	timestamp	timestamp	YES	CURRENT_TIMESTAMP	N	N					最后修改时间戳	htdocs/install/mysql/tables/llx_stocktransfer_stocktransfer_extrafields-stocktransfer.sql	19
llx_stocktransfer_stocktransfer_extrafields	库存调拨	3	fk_object	integer	integer	NO		N	N	idx_fk_object				外部关联 ID（具体目标以外键或业务代码为准）（基于字段名推断）	htdocs/install/mysql/tables/llx_stocktransfer_stocktransfer_extrafields-stocktransfer.sql	20
llx_stocktransfer_stocktransfer_extrafields	库存调拨	4	import_key	varchar(14)	varchar	YES		N	N				import key	导入批次/外部导入键；源码注释：import key	htdocs/install/mysql/tables/llx_stocktransfer_stocktransfer_extrafields-stocktransfer.sql	21
llx_stocktransfer_stocktransferline	库存调拨	1	rowid	integer	integer	NO		Y	Y	PRIMARY, idx_stocktransfer_stocktransferline_rowid	PRIMARY			主键行标识；通常为自增整数	htdocs/install/mysql/tables/llx_stocktransfer_stocktransferline-stocktransfer.sql	19
llx_stocktransfer_stocktransferline	库存调拨	2	amount	double	double	YES	NULL	N	N					金额	htdocs/install/mysql/tables/llx_stocktransfer_stocktransferline-stocktransfer.sql	20
llx_stocktransfer_stocktransferline	库存调拨	3	qty	real	real	YES		N	N					数量	htdocs/install/mysql/tables/llx_stocktransfer_stocktransferline-stocktransfer.sql	21
llx_stocktransfer_stocktransferline	库存调拨	4	fk_warehouse_source	integer	integer	NO		N	N					外部关联 ID（具体目标以外键或业务代码为准）（基于字段名推断）	htdocs/install/mysql/tables/llx_stocktransfer_stocktransferline-stocktransfer.sql	22
llx_stocktransfer_stocktransferline	库存调拨	5	fk_warehouse_destination	integer	integer	NO		N	N					外部关联 ID（具体目标以外键或业务代码为准）（基于字段名推断）	htdocs/install/mysql/tables/llx_stocktransfer_stocktransferline-stocktransfer.sql	23
llx_stocktransfer_stocktransferline	库存调拨	6	fk_stocktransfer	integer	integer	NO		N	N					外部关联 ID（具体目标以外键或业务代码为准）（基于字段名推断）	htdocs/install/mysql/tables/llx_stocktransfer_stocktransferline-stocktransfer.sql	24
llx_stocktransfer_stocktransferline	库存调拨	7	fk_product	integer	integer	NO		N	N					关联产品/服务 ID	htdocs/install/mysql/tables/llx_stocktransfer_stocktransferline-stocktransfer.sql	25
llx_stocktransfer_stocktransferline	库存调拨	8	batch	varchar(128)	varchar	YES	NULL	N	N				Lot or serial number	字段 batch；源码注释：Lot or serial number	htdocs/install/mysql/tables/llx_stocktransfer_stocktransferline-stocktransfer.sql	26
llx_stocktransfer_stocktransferline	库存调拨	9	pmp	double	double	YES		N	N					字段 pmp（基于字段名推断）	htdocs/install/mysql/tables/llx_stocktransfer_stocktransferline-stocktransfer.sql	27
llx_stocktransfer_stocktransferline	库存调拨	10	rang	integer	integer	YES	0	N	N					字段 rang（基于字段名推断）	htdocs/install/mysql/tables/llx_stocktransfer_stocktransferline-stocktransfer.sql	28
llx_stocktransfer_stocktransferline	库存调拨	11	fk_parent_line	integer	integer	YES		N	N					外部关联 ID（具体目标以外键或业务代码为准）（基于字段名推断）	htdocs/install/mysql/tables/llx_stocktransfer_stocktransferline-stocktransfer.sql	29
llx_stocktransfer_stocktransferline_extrafields	库存调拨	1	rowid	integer	integer	NO		Y	Y	PRIMARY	PRIMARY			主键行标识；通常为自增整数	htdocs/install/mysql/tables/llx_stocktransfer_stocktransferline_extrafields-stocktransfer.sql	18
llx_stocktransfer_stocktransferline_extrafields	库存调拨	2	tms	timestamp	timestamp	YES	CURRENT_TIMESTAMP	N	N					最后修改时间戳	htdocs/install/mysql/tables/llx_stocktransfer_stocktransferline_extrafields-stocktransfer.sql	19
llx_stocktransfer_stocktransferline_extrafields	库存调拨	3	fk_object	integer	integer	NO		N	N	idx_fk_object				外部关联 ID（具体目标以外键或业务代码为准）（基于字段名推断）	htdocs/install/mysql/tables/llx_stocktransfer_stocktransferline_extrafields-stocktransfer.sql	20
llx_stocktransfer_stocktransferline_extrafields	库存调拨	4	import_key	varchar(14)	varchar	YES		N	N				import key	导入批次/外部导入键；源码注释：import key	htdocs/install/mysql/tables/llx_stocktransfer_stocktransferline_extrafields-stocktransfer.sql	21
llx_subscription	核心/系统	1	rowid	integer	integer	NO		Y	Y	PRIMARY	PRIMARY			主键行标识；通常为自增整数	htdocs/install/mysql/tables/llx_subscription.sql	21
llx_subscription	核心/系统	2	tms	timestamp	timestamp	YES	CURRENT_TIMESTAMP	N	N					最后修改时间戳	htdocs/install/mysql/tables/llx_subscription.sql	22
llx_subscription	核心/系统	3	datec	datetime	datetime	YES		N	N					创建日期/时间	htdocs/install/mysql/tables/llx_subscription.sql	23
llx_subscription	核心/系统	4	fk_adherent	integer	integer	YES		N	N	uk_subscription, idx_subscription_fk_adherent	uk_subscription			外部关联 ID（具体目标以外键或业务代码为准）（基于字段名推断）	htdocs/install/mysql/tables/llx_subscription.sql	24
llx_subscription	核心/系统	5	fk_type	integer	integer	YES		N	N					外部关联 ID（具体目标以外键或业务代码为准）（基于字段名推断）	htdocs/install/mysql/tables/llx_subscription.sql	25
llx_subscription	核心/系统	6	dateadh	datetime	datetime	YES		N	N	uk_subscription, idx_subscription_dateadh	uk_subscription			日期/时间字段（基于字段名推断）	htdocs/install/mysql/tables/llx_subscription.sql	26
llx_subscription	核心/系统	7	datef	datetime	datetime	YES		N	N					业务日期	htdocs/install/mysql/tables/llx_subscription.sql	27
llx_subscription	核心/系统	8	subscription	double(24,8)	double	YES		N	N					字段 subscription（基于字段名推断）	htdocs/install/mysql/tables/llx_subscription.sql	28
llx_subscription	核心/系统	9	fk_bank	integer	integer	YES	NULL	N	N	idx_subscription_fk_bank			id of bank transaction in llx_bank	外部关联 ID（具体目标以外键或业务代码为准）；源码注释：id of bank transaction in llx_bank	htdocs/install/mysql/tables/llx_subscription.sql	29
llx_subscription	核心/系统	10	fk_user_creat	integer	integer	YES	NULL	N	N					创建人用户 ID	htdocs/install/mysql/tables/llx_subscription.sql	30
llx_subscription	核心/系统	11	fk_user_valid	integer	integer	YES	NULL	N	N					审核/验证人用户 ID	htdocs/install/mysql/tables/llx_subscription.sql	31
llx_subscription	核心/系统	12	ref_ext	varchar(128)	varchar	YES		N	N				reference into an external system (not used by dolibarr)	代码/参考号字段；源码注释：reference into an external system (not used by dolibarr)	htdocs/install/mysql/tables/llx_subscription.sql	32
llx_subscription	核心/系统	13	note	text	text	YES		N	N				public note	备注/说明字段；源码注释：public note	htdocs/install/mysql/tables/llx_subscription.sql	33
llx_subscription	核心/系统	14	note_private	text	text	YES		N	N				private note	内部备注；源码注释：private note	htdocs/install/mysql/tables/llx_subscription.sql	34
llx_subscription	核心/系统	15	import_key	varchar(14)	varchar	YES		N	N				Import key	导入批次/外部导入键；源码注释：Import key	htdocs/install/mysql/tables/llx_subscription.sql	35
llx_supplier_proposal	供应商提案	1	rowid	integer	integer	NO		Y	Y	PRIMARY	PRIMARY			主键行标识；通常为自增整数	htdocs/install/mysql/tables/llx_supplier_proposal.sql	19
llx_supplier_proposal	供应商提案	2	ref	varchar(30)	varchar	NO		N	N	uk_supplier_proposal_ref	uk_supplier_proposal_ref			业务参考号/单号	htdocs/install/mysql/tables/llx_supplier_proposal.sql	20
llx_supplier_proposal	供应商提案	3	entity	integer	integer	NO	1	N	N	uk_supplier_proposal_ref	uk_supplier_proposal_ref			多实体/多公司隔离标识	htdocs/install/mysql/tables/llx_supplier_proposal.sql	21
llx_supplier_proposal	供应商提案	4	ref_ext	varchar(255)	varchar	YES	NULL	N	N					代码/参考号字段（基于字段名推断）	htdocs/install/mysql/tables/llx_supplier_proposal.sql	22
llx_supplier_proposal	供应商提案	5	fk_soc	integer	integer	YES	NULL	N	N	idx_supplier_proposal_fk_soc				关联第三方企业 ID	htdocs/install/mysql/tables/llx_supplier_proposal.sql	23
llx_supplier_proposal	供应商提案	6	fk_projet	integer	integer	YES	NULL	N	N	idx_supplier_proposal_fk_projet				关联项目 ID	htdocs/install/mysql/tables/llx_supplier_proposal.sql	24
llx_supplier_proposal	供应商提案	7	tms	timestamp	timestamp	YES	CURRENT_TIMESTAMP	N	N					最后修改时间戳	htdocs/install/mysql/tables/llx_supplier_proposal.sql	25
llx_supplier_proposal	供应商提案	8	datec	datetime	datetime	YES	NULL	N	N					创建日期/时间	htdocs/install/mysql/tables/llx_supplier_proposal.sql	26
llx_supplier_proposal	供应商提案	9	date_valid	datetime	datetime	YES	NULL	N	N					审核/生效日期	htdocs/install/mysql/tables/llx_supplier_proposal.sql	27
llx_supplier_proposal	供应商提案	10	date_cloture	datetime	datetime	YES	NULL	N	N					日期/时间字段（基于字段名推断）	htdocs/install/mysql/tables/llx_supplier_proposal.sql	28
llx_supplier_proposal	供应商提案	11	fk_user_author	integer	integer	YES	NULL	N	N	idx_supplier_proposal_fk_user_author				创建人/制单人用户 ID	htdocs/install/mysql/tables/llx_supplier_proposal.sql	29
llx_supplier_proposal	供应商提案	12	fk_user_modif	integer	integer	YES	NULL	N	N					最后修改人用户 ID	htdocs/install/mysql/tables/llx_supplier_proposal.sql	30
llx_supplier_proposal	供应商提案	13	fk_user_valid	integer	integer	YES	NULL	N	N	idx_supplier_proposal_fk_user_valid				审核/验证人用户 ID	htdocs/install/mysql/tables/llx_supplier_proposal.sql	31
llx_supplier_proposal	供应商提案	14	fk_user_cloture	integer	integer	YES	NULL	N	N					外部关联 ID（具体目标以外键或业务代码为准）（基于字段名推断）	htdocs/install/mysql/tables/llx_supplier_proposal.sql	32
llx_supplier_proposal	供应商提案	15	fk_statut	smallint	smallint	NO	0	N	N				0=draft, 1=validated, 2=accepted, 3=refused, 4=billed/closed	状态码；源码注释：0=draft, 1=validated, 2=accepted, 3=refused, 4=billed/closed	htdocs/install/mysql/tables/llx_supplier_proposal.sql	33
llx_supplier_proposal	供应商提案	16	price	double	double	YES	0	N	N					价格	htdocs/install/mysql/tables/llx_supplier_proposal.sql	34
llx_supplier_proposal	供应商提案	17	remise_percent	double	double	YES	0	N	N				deprecated, not used	比例/百分比字段；源码注释：deprecated, not used	htdocs/install/mysql/tables/llx_supplier_proposal.sql	36
llx_supplier_proposal	供应商提案	18	remise_absolue	double	double	YES	0	N	N				deprecated, not used	字段 remise_absolue；源码注释：deprecated, not used	htdocs/install/mysql/tables/llx_supplier_proposal.sql	37
llx_supplier_proposal	供应商提案	19	remise	double	double	YES	0	N	N				deprecated, not used	字段 remise；源码注释：deprecated, not used	htdocs/install/mysql/tables/llx_supplier_proposal.sql	38
llx_supplier_proposal	供应商提案	20	total_ht	double(24,8)	double	YES	0	N	N					未含税总额	htdocs/install/mysql/tables/llx_supplier_proposal.sql	40
llx_supplier_proposal	供应商提案	21	total_tva	double(24,8)	double	YES	0	N	N					税额总计	htdocs/install/mysql/tables/llx_supplier_proposal.sql	41
llx_supplier_proposal	供应商提案	22	localtax1	double(24,8)	double	YES	0	N	N					金额、价格或税费字段（基于字段名推断）	htdocs/install/mysql/tables/llx_supplier_proposal.sql	42
llx_supplier_proposal	供应商提案	23	localtax2	double(24,8)	double	YES	0	N	N					金额、价格或税费字段（基于字段名推断）	htdocs/install/mysql/tables/llx_supplier_proposal.sql	43
llx_supplier_proposal	供应商提案	24	total_ttc	double(24,8)	double	YES	0	N	N					含税总额	htdocs/install/mysql/tables/llx_supplier_proposal.sql	44
llx_supplier_proposal	供应商提案	25	fk_account	integer	integer	YES	NULL	N	N	idx_supplier_proposal_fk_account				关联银行账户 ID	htdocs/install/mysql/tables/llx_supplier_proposal.sql	45
llx_supplier_proposal	供应商提案	26	fk_currency	varchar(3)	varchar	YES	NULL	N	N					关联货币代码	htdocs/install/mysql/tables/llx_supplier_proposal.sql	46
llx_supplier_proposal	供应商提案	27	fk_cond_reglement	integer	integer	YES	NULL	N	N					外部关联 ID（具体目标以外键或业务代码为准）（基于字段名推断）	htdocs/install/mysql/tables/llx_supplier_proposal.sql	47
llx_supplier_proposal	供应商提案	28	deposit_percent	varchar(63)	varchar	YES	NULL	N	N				default deposit % if payment term needs it	比例/百分比字段；源码注释：default deposit % if payment term needs it	htdocs/install/mysql/tables/llx_supplier_proposal.sql	48
llx_supplier_proposal	供应商提案	29	fk_mode_reglement	integer	integer	YES	NULL	N	N					外部关联 ID（具体目标以外键或业务代码为准）（基于字段名推断）	htdocs/install/mysql/tables/llx_supplier_proposal.sql	49
llx_supplier_proposal	供应商提案	30	note_private	text	text	YES		N	N					内部备注	htdocs/install/mysql/tables/llx_supplier_proposal.sql	50
llx_supplier_proposal	供应商提案	31	note_public	text	text	YES		N	N					公开备注	htdocs/install/mysql/tables/llx_supplier_proposal.sql	51
llx_supplier_proposal	供应商提案	32	model_pdf	varchar(255)	varchar	YES	NULL	N	N					字段 model_pdf（基于字段名推断）	htdocs/install/mysql/tables/llx_supplier_proposal.sql	52
llx_supplier_proposal	供应商提案	33	last_main_doc	varchar(255)	varchar	YES		N	N				relative filepath+filename of last main generated document	字段 last_main_doc；源码注释：relative filepath+filename of last main generated document	htdocs/install/mysql/tables/llx_supplier_proposal.sql	53
llx_supplier_proposal	供应商提案	34	date_livraison	date	date	YES	NULL	N	N					日期/时间字段（基于字段名推断）	htdocs/install/mysql/tables/llx_supplier_proposal.sql	55
llx_supplier_proposal	供应商提案	35	fk_shipping_method	integer	integer	YES	NULL	N	N					外部关联 ID（具体目标以外键或业务代码为准）（基于字段名推断）	htdocs/install/mysql/tables/llx_supplier_proposal.sql	56
llx_supplier_proposal	供应商提案	36	import_key	varchar(14)	varchar	YES	NULL	N	N					导入批次/外部导入键	htdocs/install/mysql/tables/llx_supplier_proposal.sql	57
llx_supplier_proposal	供应商提案	37	extraparams	varchar(255)	varchar	YES	NULL	N	N					扩展参数/结构化文本（基于字段名推断）	htdocs/install/mysql/tables/llx_supplier_proposal.sql	58
llx_supplier_proposal	供应商提案	38	fk_multicurrency	integer	integer	YES		N	N					外部关联 ID（具体目标以外键或业务代码为准）（基于字段名推断）	htdocs/install/mysql/tables/llx_supplier_proposal.sql	60
llx_supplier_proposal	供应商提案	39	multicurrency_code	varchar(3)	varchar	YES		N	N					代码/参考号字段（基于字段名推断）	htdocs/install/mysql/tables/llx_supplier_proposal.sql	61
llx_supplier_proposal	供应商提案	40	multicurrency_tx	double(24,8)	double	YES	1	N	N					字段 multicurrency_tx（基于字段名推断）	htdocs/install/mysql/tables/llx_supplier_proposal.sql	62
llx_supplier_proposal	供应商提案	41	multicurrency_total_ht	double(24,8)	double	YES	0	N	N					金额、价格或税费字段（基于字段名推断）	htdocs/install/mysql/tables/llx_supplier_proposal.sql	63
llx_supplier_proposal	供应商提案	42	multicurrency_total_tva	double(24,8)	double	YES	0	N	N					金额、价格或税费字段（基于字段名推断）	htdocs/install/mysql/tables/llx_supplier_proposal.sql	64
llx_supplier_proposal	供应商提案	43	multicurrency_total_ttc	double(24,8)	double	YES	0	N	N					金额、价格或税费字段（基于字段名推断）	htdocs/install/mysql/tables/llx_supplier_proposal.sql	65
llx_supplier_proposal_extrafields	供应商提案	1	rowid	integer	integer	NO		Y	Y	PRIMARY	PRIMARY			主键行标识；通常为自增整数	htdocs/install/mysql/tables/llx_supplier_proposal_extrafields.sql	19
llx_supplier_proposal_extrafields	供应商提案	2	tms	timestamp	timestamp	YES	CURRENT_TIMESTAMP	N	N					最后修改时间戳	htdocs/install/mysql/tables/llx_supplier_proposal_extrafields.sql	20
llx_supplier_proposal_extrafields	供应商提案	3	fk_object	integer	integer	NO		N	N	uk_supplier_proposal_extrafields	uk_supplier_proposal_extrafields			外部关联 ID（具体目标以外键或业务代码为准）（基于字段名推断）	htdocs/install/mysql/tables/llx_supplier_proposal_extrafields.sql	21
llx_supplier_proposal_extrafields	供应商提案	4	import_key	varchar(14)	varchar	YES	NULL	N	N					导入批次/外部导入键	htdocs/install/mysql/tables/llx_supplier_proposal_extrafields.sql	22
llx_supplier_proposaldet	供应商提案	1	rowid	integer	integer	NO		Y	Y	PRIMARY	PRIMARY			主键行标识；通常为自增整数	htdocs/install/mysql/tables/llx_supplier_proposaldet.sql	19
llx_supplier_proposaldet	供应商提案	2	fk_supplier_proposal	integer	integer	NO		N	N	idx_supplier_proposaldet_fk_supplier_proposal		llx_supplier_proposal.rowid		外部关联 ID（具体目标以外键或业务代码为准）（基于字段名推断）	htdocs/install/mysql/tables/llx_supplier_proposaldet.sql	20
llx_supplier_proposaldet	供应商提案	3	fk_parent_line	integer	integer	YES	NULL	N	N					外部关联 ID（具体目标以外键或业务代码为准）（基于字段名推断）	htdocs/install/mysql/tables/llx_supplier_proposaldet.sql	21
llx_supplier_proposaldet	供应商提案	4	fk_product	integer	integer	YES	NULL	N	N	idx_supplier_proposaldet_fk_product				关联产品/服务 ID	htdocs/install/mysql/tables/llx_supplier_proposaldet.sql	22
llx_supplier_proposaldet	供应商提案	5	label	varchar(255)	varchar	YES	NULL	N	N					名称或标签	htdocs/install/mysql/tables/llx_supplier_proposaldet.sql	23
llx_supplier_proposaldet	供应商提案	6	description	text	text	YES		N	N					描述	htdocs/install/mysql/tables/llx_supplier_proposaldet.sql	24
llx_supplier_proposaldet	供应商提案	7	fk_remise_except	integer	integer	YES	NULL	N	N					外部关联 ID（具体目标以外键或业务代码为准）（基于字段名推断）	htdocs/install/mysql/tables/llx_supplier_proposaldet.sql	25
llx_supplier_proposaldet	供应商提案	8	vat_src_code	varchar(10)	varchar	YES	''	N	N				Vat code used as source of vat fields. Not strict foreign key here.	代码/参考号字段；源码注释：Vat code used as source of vat fields. Not strict foreign key here.	htdocs/install/mysql/tables/llx_supplier_proposaldet.sql	26
llx_supplier_proposaldet	供应商提案	9	tva_tx	double(7,4)	double	YES	0	N	N				Vat rate	字段 tva_tx；源码注释：Vat rate	htdocs/install/mysql/tables/llx_supplier_proposaldet.sql	27
llx_supplier_proposaldet	供应商提案	10	localtax1_tx	double(7,4)	double	YES	0	N	N					金额、价格或税费字段（基于字段名推断）	htdocs/install/mysql/tables/llx_supplier_proposaldet.sql	28
llx_supplier_proposaldet	供应商提案	11	localtax1_type	varchar(10)	varchar	YES	NULL	N	N					金额、价格或税费字段（基于字段名推断）	htdocs/install/mysql/tables/llx_supplier_proposaldet.sql	29
llx_supplier_proposaldet	供应商提案	12	localtax2_tx	double(7,4)	double	YES	0	N	N					金额、价格或税费字段（基于字段名推断）	htdocs/install/mysql/tables/llx_supplier_proposaldet.sql	30
llx_supplier_proposaldet	供应商提案	13	localtax2_type	varchar(10)	varchar	YES	NULL	N	N					金额、价格或税费字段（基于字段名推断）	htdocs/install/mysql/tables/llx_supplier_proposaldet.sql	31
llx_supplier_proposaldet	供应商提案	14	qty	double	double	YES	NULL	N	N					数量	htdocs/install/mysql/tables/llx_supplier_proposaldet.sql	32
llx_supplier_proposaldet	供应商提案	15	remise_percent	double	double	YES	'0'	N	N					比例/百分比字段（基于字段名推断）	htdocs/install/mysql/tables/llx_supplier_proposaldet.sql	33
llx_supplier_proposaldet	供应商提案	16	remise	double	double	YES	'0'	N	N					字段 remise（基于字段名推断）	htdocs/install/mysql/tables/llx_supplier_proposaldet.sql	34
llx_supplier_proposaldet	供应商提案	17	price	double	double	YES	NULL	N	N					价格	htdocs/install/mysql/tables/llx_supplier_proposaldet.sql	35
llx_supplier_proposaldet	供应商提案	18	subprice	double(24,8)	double	YES	0	N	N				unit price without tax	金额、价格或税费字段；源码注释：unit price without tax	htdocs/install/mysql/tables/llx_supplier_proposaldet.sql	36
llx_supplier_proposaldet	供应商提案	19	subprice_ttc	double(24,8)	double	YES	0	N	N				unit price if price was entered including tax	金额、价格或税费字段；源码注释：unit price if price was entered including tax	htdocs/install/mysql/tables/llx_supplier_proposaldet.sql	37
llx_supplier_proposaldet	供应商提案	20	total_ht	double(24,8)	double	YES	0	N	N					未含税总额	htdocs/install/mysql/tables/llx_supplier_proposaldet.sql	38
llx_supplier_proposaldet	供应商提案	21	total_tva	double(24,8)	double	YES	0	N	N					税额总计	htdocs/install/mysql/tables/llx_supplier_proposaldet.sql	39
llx_supplier_proposaldet	供应商提案	22	total_localtax1	double(24,8)	double	YES	0	N	N					金额、价格或税费字段（基于字段名推断）	htdocs/install/mysql/tables/llx_supplier_proposaldet.sql	40
llx_supplier_proposaldet	供应商提案	23	total_localtax2	double(24,8)	double	YES	0	N	N					金额、价格或税费字段（基于字段名推断）	htdocs/install/mysql/tables/llx_supplier_proposaldet.sql	41
llx_supplier_proposaldet	供应商提案	24	total_ttc	double(24,8)	double	YES	0	N	N					含税总额	htdocs/install/mysql/tables/llx_supplier_proposaldet.sql	42
llx_supplier_proposaldet	供应商提案	25	product_type	integer	integer	YES	0	N	N					字段 product_type（基于字段名推断）	htdocs/install/mysql/tables/llx_supplier_proposaldet.sql	43
llx_supplier_proposaldet	供应商提案	26	date_start	datetime	datetime	YES	NULL	N	N				date debut si service	日期/时间字段；源码注释：date debut si service	htdocs/install/mysql/tables/llx_supplier_proposaldet.sql	44
llx_supplier_proposaldet	供应商提案	27	date_end	datetime	datetime	YES	NULL	N	N				date fin si service	日期/时间字段；源码注释：date fin si service	htdocs/install/mysql/tables/llx_supplier_proposaldet.sql	45
llx_supplier_proposaldet	供应商提案	28	info_bits	integer	integer	YES	0	N	N					字段 info_bits（基于字段名推断）	htdocs/install/mysql/tables/llx_supplier_proposaldet.sql	46
llx_supplier_proposaldet	供应商提案	29	buy_price_ht	double(24,8)	double	YES	0	N	N					金额、价格或税费字段（基于字段名推断）	htdocs/install/mysql/tables/llx_supplier_proposaldet.sql	47
llx_supplier_proposaldet	供应商提案	30	fk_product_fournisseur_price	integer	integer	YES	NULL	N	N					外部关联 ID（具体目标以外键或业务代码为准）（基于字段名推断）	htdocs/install/mysql/tables/llx_supplier_proposaldet.sql	48
llx_supplier_proposaldet	供应商提案	31	special_code	integer	integer	YES	0	N	N					代码/参考号字段（基于字段名推断）	htdocs/install/mysql/tables/llx_supplier_proposaldet.sql	49
llx_supplier_proposaldet	供应商提案	32	rang	integer	integer	YES	0	N	N					字段 rang（基于字段名推断）	htdocs/install/mysql/tables/llx_supplier_proposaldet.sql	50
llx_supplier_proposaldet	供应商提案	33	ref_fourn	varchar(128)	varchar	YES	NULL	N	N					代码/参考号字段（基于字段名推断）	htdocs/install/mysql/tables/llx_supplier_proposaldet.sql	51
llx_supplier_proposaldet	供应商提案	34	fk_multicurrency	integer	integer	YES		N	N					外部关联 ID（具体目标以外键或业务代码为准）（基于字段名推断）	htdocs/install/mysql/tables/llx_supplier_proposaldet.sql	52
llx_supplier_proposaldet	供应商提案	35	multicurrency_code	varchar(3)	varchar	YES		N	N					代码/参考号字段（基于字段名推断）	htdocs/install/mysql/tables/llx_supplier_proposaldet.sql	53
llx_supplier_proposaldet	供应商提案	36	multicurrency_subprice	double(24,8)	double	YES	0	N	N					金额、价格或税费字段（基于字段名推断）	htdocs/install/mysql/tables/llx_supplier_proposaldet.sql	54
llx_supplier_proposaldet	供应商提案	37	multicurrency_subprice_ttc	double(24,8)	double	YES	0	N	N					金额、价格或税费字段（基于字段名推断）	htdocs/install/mysql/tables/llx_supplier_proposaldet.sql	55
llx_supplier_proposaldet	供应商提案	38	multicurrency_total_ht	double(24,8)	double	YES	0	N	N					金额、价格或税费字段（基于字段名推断）	htdocs/install/mysql/tables/llx_supplier_proposaldet.sql	56
llx_supplier_proposaldet	供应商提案	39	multicurrency_total_tva	double(24,8)	double	YES	0	N	N					金额、价格或税费字段（基于字段名推断）	htdocs/install/mysql/tables/llx_supplier_proposaldet.sql	57
llx_supplier_proposaldet	供应商提案	40	multicurrency_total_ttc	double(24,8)	double	YES	0	N	N					金额、价格或税费字段（基于字段名推断）	htdocs/install/mysql/tables/llx_supplier_proposaldet.sql	58
llx_supplier_proposaldet	供应商提案	41	fk_unit	integer	integer	YES	NULL	N	N			llx_c_units.rowid		外部关联 ID（具体目标以外键或业务代码为准）（基于字段名推断）	htdocs/install/mysql/tables/llx_supplier_proposaldet.sql	59
llx_supplier_proposaldet	供应商提案	42	extraparams	varchar(255)	varchar	YES		N	N				to stock other parameters in json format	扩展参数/结构化文本；源码注释：to stock other parameters in json format	htdocs/install/mysql/tables/llx_supplier_proposaldet.sql	60
llx_supplier_proposaldet_extrafields	供应商提案	1	rowid	integer	integer	NO		Y	Y	PRIMARY	PRIMARY			主键行标识；通常为自增整数	htdocs/install/mysql/tables/llx_supplier_proposaldet_extrafields.sql	19
llx_supplier_proposaldet_extrafields	供应商提案	2	tms	timestamp	timestamp	YES	CURRENT_TIMESTAMP	N	N					最后修改时间戳	htdocs/install/mysql/tables/llx_supplier_proposaldet_extrafields.sql	20
llx_supplier_proposaldet_extrafields	供应商提案	3	fk_object	integer	integer	NO		N	N	uk_supplier_proposaldet_extrafields	uk_supplier_proposaldet_extrafields			外部关联 ID（具体目标以外键或业务代码为准）（基于字段名推断）	htdocs/install/mysql/tables/llx_supplier_proposaldet_extrafields.sql	21
llx_supplier_proposaldet_extrafields	供应商提案	4	import_key	varchar(14)	varchar	YES	NULL	N	N					导入批次/外部导入键	htdocs/install/mysql/tables/llx_supplier_proposaldet_extrafields.sql	22
llx_takepos_floor_tables	POS	1	rowid	integer	integer	NO		Y	Y	PRIMARY	PRIMARY			主键行标识；通常为自增整数	htdocs/install/mysql/tables/llx_takepos_floor_tables-takepos.sql	19
llx_takepos_floor_tables	POS	2	entity	integer	integer	NO	1	N	N	uk_takepos_floor_tables	uk_takepos_floor_tables			多实体/多公司隔离标识	htdocs/install/mysql/tables/llx_takepos_floor_tables-takepos.sql	20
llx_takepos_floor_tables	POS	3	label	varchar(255)	varchar	YES		N	N	uk_takepos_floor_tables	uk_takepos_floor_tables			名称或标签	htdocs/install/mysql/tables/llx_takepos_floor_tables-takepos.sql	21
llx_takepos_floor_tables	POS	4	leftpos	float	float	YES		N	N					字段 leftpos（基于字段名推断）	htdocs/install/mysql/tables/llx_takepos_floor_tables-takepos.sql	22
llx_takepos_floor_tables	POS	5	toppos	float	float	YES		N	N					字段 toppos（基于字段名推断）	htdocs/install/mysql/tables/llx_takepos_floor_tables-takepos.sql	23
llx_takepos_floor_tables	POS	6	floor	smallint	smallint	YES		N	N					字段 floor（基于字段名推断）	htdocs/install/mysql/tables/llx_takepos_floor_tables-takepos.sql	24
llx_ticket	工单	1	rowid	integer	integer	NO		Y	Y	PRIMARY	PRIMARY			主键行标识；通常为自增整数	htdocs/install/mysql/tables/llx_ticket-ticket.sql	20
llx_ticket	工单	2	entity	integer	integer	YES	1	N	N	idx_ticket_entity, uk_ticket_barcode_barcode_type	uk_ticket_barcode_barcode_type			多实体/多公司隔离标识	htdocs/install/mysql/tables/llx_ticket-ticket.sql	21
llx_ticket	工单	3	ref	varchar(128)	varchar	NO		N	N					业务参考号/单号	htdocs/install/mysql/tables/llx_ticket-ticket.sql	22
llx_ticket	工单	4	track_id	varchar(128)	varchar	NO		N	N					字段 track_id（基于字段名推断）	htdocs/install/mysql/tables/llx_ticket-ticket.sql	23
llx_ticket	工单	5	fk_soc	integer	integer	YES	0	N	N	idx_ticket_fk_soc				关联第三方企业 ID	htdocs/install/mysql/tables/llx_ticket-ticket.sql	24
llx_ticket	工单	6	fk_project	integer	integer	YES	0	N	N	idx_ticket_fk_project				关联项目 ID	htdocs/install/mysql/tables/llx_ticket-ticket.sql	25
llx_ticket	工单	7	fk_contract	integer	integer	YES	0	N	N					外部关联 ID（具体目标以外键或业务代码为准）（基于字段名推断）	htdocs/install/mysql/tables/llx_ticket-ticket.sql	26
llx_ticket	工单	8	origin_email	varchar(128)	varchar	YES		N	N					字段 origin_email（基于字段名推断）	htdocs/install/mysql/tables/llx_ticket-ticket.sql	27
llx_ticket	工单	9	origin_replyto	varchar(128)	varchar	YES		N	N					字段 origin_replyto（基于字段名推断）	htdocs/install/mysql/tables/llx_ticket-ticket.sql	28
llx_ticket	工单	10	origin_references	text	text	YES		N	N					字段 origin_references（基于字段名推断）	htdocs/install/mysql/tables/llx_ticket-ticket.sql	29
llx_ticket	工单	11	fk_user_create	integer	integer	YES		N	N					外部关联 ID（具体目标以外键或业务代码为准）（基于字段名推断）	htdocs/install/mysql/tables/llx_ticket-ticket.sql	30
llx_ticket	工单	12	fk_user_assign	integer	integer	YES		N	N	idx_ticket_fk_user_assign				外部关联 ID（具体目标以外键或业务代码为准）（基于字段名推断）	htdocs/install/mysql/tables/llx_ticket-ticket.sql	31
llx_ticket	工单	13	subject	varchar(255)	varchar	YES		N	N					字段 subject（基于字段名推断）	htdocs/install/mysql/tables/llx_ticket-ticket.sql	32
llx_ticket	工单	14	message	mediumtext	mediumtext	YES		N	N					字段 message（基于字段名推断）	htdocs/install/mysql/tables/llx_ticket-ticket.sql	33
llx_ticket	工单	15	fk_statut	integer	integer	YES		N	N	idx_ticket_fk_statut				状态码	htdocs/install/mysql/tables/llx_ticket-ticket.sql	34
llx_ticket	工单	16	note_public	text	text	YES		N	N					公开备注	htdocs/install/mysql/tables/llx_ticket-ticket.sql	35
llx_ticket	工单	17	note_private	text	text	YES		N	N					内部备注	htdocs/install/mysql/tables/llx_ticket-ticket.sql	36
llx_ticket	工单	18	fk_user_modif	integer	integer	YES		N	N					最后修改人用户 ID	htdocs/install/mysql/tables/llx_ticket-ticket.sql	37
llx_ticket	工单	19	resolution	integer	integer	YES		N	N					字段 resolution（基于字段名推断）	htdocs/install/mysql/tables/llx_ticket-ticket.sql	38
llx_ticket	工单	20	progress	integer	integer	YES	0	N	N				progression 0 - 100 or null	字段 progress；源码注释：progression 0 - 100 or null	htdocs/install/mysql/tables/llx_ticket-ticket.sql	39
llx_ticket	工单	21	timing	varchar(20)	varchar	YES		N	N					字段 timing（基于字段名推断）	htdocs/install/mysql/tables/llx_ticket-ticket.sql	40
llx_ticket	工单	22	type_code	varchar(32)	varchar	YES		N	N					代码/参考号字段（基于字段名推断）	htdocs/install/mysql/tables/llx_ticket-ticket.sql	41
llx_ticket	工单	23	category_code	varchar(32)	varchar	YES		N	N					代码/参考号字段（基于字段名推断）	htdocs/install/mysql/tables/llx_ticket-ticket.sql	42
llx_ticket	工单	24	severity_code	varchar(32)	varchar	YES		N	N					代码/参考号字段（基于字段名推断）	htdocs/install/mysql/tables/llx_ticket-ticket.sql	43
llx_ticket	工单	25	datec	datetime	datetime	YES		N	N				date of creation of record	创建日期/时间；源码注释：date of creation of record	htdocs/install/mysql/tables/llx_ticket-ticket.sql	44
llx_ticket	工单	26	date_read	datetime	datetime	YES		N	N					日期/时间字段（基于字段名推断）	htdocs/install/mysql/tables/llx_ticket-ticket.sql	45
llx_ticket	工单	27	date_last_msg_sent	datetime	datetime	YES		N	N					日期/时间字段（基于字段名推断）	htdocs/install/mysql/tables/llx_ticket-ticket.sql	46
llx_ticket	工单	28	date_close	datetime	datetime	YES		N	N					日期/时间字段（基于字段名推断）	htdocs/install/mysql/tables/llx_ticket-ticket.sql	47
llx_ticket	工单	29	notify_tiers_at_create	tinyint	tinyint	YES		N	N					字段 notify_tiers_at_create（基于字段名推断）	htdocs/install/mysql/tables/llx_ticket-ticket.sql	48
llx_ticket	工单	30	email_msgid	varchar(255)	varchar	YES		N	N				if ticket is created by email collector, we store here MSG ID	字段 email_msgid；源码注释：if ticket is created by email collector, we store here MSG ID	htdocs/install/mysql/tables/llx_ticket-ticket.sql	49
llx_ticket	工单	31	email_date	datetime	datetime	YES		N	N				if ticket is created by email collector, we store here Date of message	日期/时间字段；源码注释：if ticket is created by email collector, we store here Date of message	htdocs/install/mysql/tables/llx_ticket-ticket.sql	50
llx_ticket	工单	32	ip	varchar(250)	varchar	YES		N	N					字段 ip（基于字段名推断）	htdocs/install/mysql/tables/llx_ticket-ticket.sql	51
llx_ticket	工单	33	tms	timestamp	timestamp	YES	CURRENT_TIMESTAMP	N	N					最后修改时间戳	htdocs/install/mysql/tables/llx_ticket-ticket.sql	52
llx_ticket	工单	34	model_pdf	varchar(255)	varchar	YES		N	N					字段 model_pdf（基于字段名推断）	htdocs/install/mysql/tables/llx_ticket-ticket.sql	53
llx_ticket	工单	35	last_main_doc	varchar(255)	varchar	YES		N	N				relative filepath+filename of last main generated document	字段 last_main_doc；源码注释：relative filepath+filename of last main generated document	htdocs/install/mysql/tables/llx_ticket-ticket.sql	54
llx_ticket	工单	36	extraparams	varchar(255)	varchar	YES		N	N				to save other parameters with json format	扩展参数/结构化文本；源码注释：to save other parameters with json format	htdocs/install/mysql/tables/llx_ticket-ticket.sql	55
llx_ticket	工单	37	barcode	varchar(255)	varchar	YES	NULL	N	N	uk_ticket_barcode_barcode_type	uk_ticket_barcode_barcode_type		barcode	代码/参考号字段；源码注释：barcode	htdocs/install/mysql/tables/llx_ticket-ticket.sql	56
llx_ticket	工单	38	fk_barcode_type	integer	integer	YES	NULL	N	N	uk_ticket_barcode_barcode_type	uk_ticket_barcode_barcode_type	llx_c_barcode_type.rowid	barcode type	外部关联 ID（具体目标以外键或业务代码为准）；源码注释：barcode type	htdocs/install/mysql/tables/llx_ticket-ticket.sql	57
llx_ticket	工单	39	import_key	varchar(14)	varchar	YES		N	N					导入批次/外部导入键	htdocs/install/mysql/tables/llx_ticket-ticket.sql	58
llx_ticket_extrafields	工单	1	rowid	integer	integer	NO		Y	Y	PRIMARY	PRIMARY			主键行标识；通常为自增整数	htdocs/install/mysql/tables/llx_ticket_extrafields-ticket.sql	20
llx_ticket_extrafields	工单	2	tms	timestamp	timestamp	YES	CURRENT_TIMESTAMP	N	N					最后修改时间戳	htdocs/install/mysql/tables/llx_ticket_extrafields-ticket.sql	21
llx_ticket_extrafields	工单	3	fk_object	integer	integer	NO		N	N	idx_ticket_extrafields			ticket id	外部关联 ID（具体目标以外键或业务代码为准）；源码注释：ticket id	htdocs/install/mysql/tables/llx_ticket_extrafields-ticket.sql	22
llx_ticket_extrafields	工单	4	import_key	varchar(14)	varchar	YES		N	N				import key	导入批次/外部导入键；源码注释：import key	htdocs/install/mysql/tables/llx_ticket_extrafields-ticket.sql	23
llx_tva	核心/系统	1	rowid	integer	integer	NO		Y	Y	PRIMARY	PRIMARY			主键行标识；通常为自增整数	htdocs/install/mysql/tables/llx_tva.sql	22
llx_tva	核心/系统	2	tms	timestamp	timestamp	YES	CURRENT_TIMESTAMP	N	N					最后修改时间戳	htdocs/install/mysql/tables/llx_tva.sql	23
llx_tva	核心/系统	3	datec	datetime	datetime	YES		N	N				Create date	创建日期/时间；源码注释：Create date	htdocs/install/mysql/tables/llx_tva.sql	24
llx_tva	核心/系统	4	datep	date	date	YES		N	N				date de paiement	日期/时间字段；源码注释：date de paiement	htdocs/install/mysql/tables/llx_tva.sql	25
llx_tva	核心/系统	5	datev	date	date	YES		N	N				date de valeur	日期/时间字段；源码注释：date de valeur	htdocs/install/mysql/tables/llx_tva.sql	26
llx_tva	核心/系统	6	amount	double(24,8)	double	NO	0	N	N					金额	htdocs/install/mysql/tables/llx_tva.sql	27
llx_tva	核心/系统	7	fk_typepayment	integer	integer	YES		N	N					外部关联 ID（具体目标以外键或业务代码为准）（基于字段名推断）	htdocs/install/mysql/tables/llx_tva.sql	28
llx_tva	核心/系统	8	num_payment	varchar(50)	varchar	YES		N	N					字段 num_payment（基于字段名推断）	htdocs/install/mysql/tables/llx_tva.sql	29
llx_tva	核心/系统	9	label	varchar(255)	varchar	YES		N	N					名称或标签	htdocs/install/mysql/tables/llx_tva.sql	30
llx_tva	核心/系统	10	entity	integer	integer	NO	1	N	N				multi company id	多实体/多公司隔离标识；源码注释：multi company id	htdocs/install/mysql/tables/llx_tva.sql	31
llx_tva	核心/系统	11	note	text	text	YES		N	N					备注/说明字段（基于字段名推断）	htdocs/install/mysql/tables/llx_tva.sql	32
llx_tva	核心/系统	12	paye	smallint	smallint	NO	0	N	N					字段 paye（基于字段名推断）	htdocs/install/mysql/tables/llx_tva.sql	33
llx_tva	核心/系统	13	fk_account	integer	integer	YES		N	N					关联银行账户 ID	htdocs/install/mysql/tables/llx_tva.sql	34
llx_tva	核心/系统	14	fk_user_creat	integer	integer	YES		N	N				utilisateur who create record	创建人用户 ID；源码注释：utilisateur who create record	htdocs/install/mysql/tables/llx_tva.sql	35
llx_tva	核心/系统	15	fk_user_modif	integer	integer	YES		N	N				utilisateur who modify record	最后修改人用户 ID；源码注释：utilisateur who modify record	htdocs/install/mysql/tables/llx_tva.sql	36
llx_tva	核心/系统	16	import_key	varchar(14)	varchar	YES		N	N					导入批次/外部导入键	htdocs/install/mysql/tables/llx_tva.sql	37
llx_user	用户与权限	1	rowid	integer	integer	NO		Y	Y	PRIMARY	PRIMARY			主键行标识；通常为自增整数	htdocs/install/mysql/tables/llx_user.sql	23
llx_user	用户与权限	2	entity	integer	integer	NO	1	N	N	uk_user_login	uk_user_login		multi company id	多实体/多公司隔离标识；源码注释：multi company id	htdocs/install/mysql/tables/llx_user.sql	24
llx_user	用户与权限	3	ref_employee	varchar(50)	varchar	YES		N	N					代码/参考号字段（基于字段名推断）	htdocs/install/mysql/tables/llx_user.sql	26
llx_user	用户与权限	4	ref_ext	varchar(50)	varchar	YES		N	N				reference into an external system (not used by dolibarr)	代码/参考号字段；源码注释：reference into an external system (not used by dolibarr)	htdocs/install/mysql/tables/llx_user.sql	27
llx_user	用户与权限	5	admin	smallint	smallint	YES	0	N	N				user has admin profile	字段 admin；源码注释：user has admin profile	htdocs/install/mysql/tables/llx_user.sql	29
llx_user	用户与权限	6	employee	tinyint	tinyint	YES	1	N	N	idx_user_status_employee			1 if user is an employee	字段 employee；源码注释：1 if user is an employee	htdocs/install/mysql/tables/llx_user.sql	31
llx_user	用户与权限	7	fk_establishment	integer	integer	YES	0	N	N					外部关联 ID（具体目标以外键或业务代码为准）（基于字段名推断）	htdocs/install/mysql/tables/llx_user.sql	32
llx_user	用户与权限	8	datec	datetime	datetime	YES		N	N				date/time of creation	创建日期/时间；源码注释：date/time of creation	htdocs/install/mysql/tables/llx_user.sql	34
llx_user	用户与权限	9	tms	timestamp	timestamp	YES	CURRENT_TIMESTAMP	N	N					最后修改时间戳	htdocs/install/mysql/tables/llx_user.sql	35
llx_user	用户与权限	10	fk_user_creat	integer	integer	YES		N	N				user who created dataset	创建人用户 ID；源码注释：user who created dataset	htdocs/install/mysql/tables/llx_user.sql	36
llx_user	用户与权限	11	fk_user_modif	integer	integer	YES		N	N				user who modified dataset	最后修改人用户 ID；源码注释：user who modified dataset	htdocs/install/mysql/tables/llx_user.sql	37
llx_user	用户与权限	12	login	varchar(50)	varchar	NO		N	N	uk_user_login	uk_user_login			字段 login（基于字段名推断）	htdocs/install/mysql/tables/llx_user.sql	39
llx_user	用户与权限	13	pass_encoding	varchar(24)	varchar	YES		N	N					字段 pass_encoding（基于字段名推断）	htdocs/install/mysql/tables/llx_user.sql	40
llx_user	用户与权限	14	pass	varchar(128)	varchar	YES		N	N					字段 pass（基于字段名推断）	htdocs/install/mysql/tables/llx_user.sql	41
llx_user	用户与权限	15	pass_crypted	varchar(128)	varchar	YES		N	N					字段 pass_crypted（基于字段名推断）	htdocs/install/mysql/tables/llx_user.sql	42
llx_user	用户与权限	16	pass_temp	varchar(128)	varchar	YES		N	N				temporary password when asked for forget password or 'hashtoallowreset:YYYMMDDHHMMSS' (where date is max date of validity)	字段 pass_temp；源码注释：temporary password when asked for forget password or 'hashtoallowreset:YYYMMDDHHMMSS' (where date is max date of validity)	htdocs/install/mysql/tables/llx_user.sql	43
llx_user	用户与权限	17	force_pass_change	tinyint	tinyint	YES	0	N	N				1 if user must change password at next login	字段 force_pass_change；源码注释：1 if user must change password at next login	htdocs/install/mysql/tables/llx_user.sql	44
llx_user	用户与权限	18	api_key	varchar(128)	varchar	YES		N	N	uk_user_api_key	uk_user_api_key		key to use REST API by this user	字段 api_key；源码注释：key to use REST API by this user	htdocs/install/mysql/tables/llx_user.sql	45
llx_user	用户与权限	19	gender	varchar(10)	varchar	YES		N	N					字段 gender（基于字段名推断）	htdocs/install/mysql/tables/llx_user.sql	46
llx_user	用户与权限	20	civility	varchar(6)	varchar	YES		N	N					字段 civility（基于字段名推断）	htdocs/install/mysql/tables/llx_user.sql	47
llx_user	用户与权限	21	lastname	varchar(50)	varchar	YES		N	N					名称/标题字段（基于字段名推断）	htdocs/install/mysql/tables/llx_user.sql	48
llx_user	用户与权限	22	firstname	varchar(50)	varchar	YES		N	N					名称/标题字段（基于字段名推断）	htdocs/install/mysql/tables/llx_user.sql	49
llx_user	用户与权限	23	address	varchar(255)	varchar	YES		N	N				user personal address	地址；源码注释：user personal address	htdocs/install/mysql/tables/llx_user.sql	50
llx_user	用户与权限	24	zip	varchar(25)	varchar	YES		N	N				zipcode	邮政编码；源码注释：zipcode	htdocs/install/mysql/tables/llx_user.sql	51
llx_user	用户与权限	25	town	varchar(50)	varchar	YES		N	N				town	城市/城镇；源码注释：town	htdocs/install/mysql/tables/llx_user.sql	52
llx_user	用户与权限	26	fk_state	integer	integer	YES	0	N	N					外部关联 ID（具体目标以外键或业务代码为准）（基于字段名推断）	htdocs/install/mysql/tables/llx_user.sql	53
llx_user	用户与权限	27	fk_country	integer	integer	YES	0	N	N					外部关联 ID（具体目标以外键或业务代码为准）（基于字段名推断）	htdocs/install/mysql/tables/llx_user.sql	54
llx_user	用户与权限	28	birth	date	date	YES		N	N				birth date	字段 birth；源码注释：birth date	htdocs/install/mysql/tables/llx_user.sql	55
llx_user	用户与权限	29	birth_place	varchar(64)	varchar	YES		N	N				birth place (town)	字段 birth_place；源码注释：birth place (town)	htdocs/install/mysql/tables/llx_user.sql	56
llx_user	用户与权限	30	job	varchar(128)	varchar	YES		N	N					字段 job（基于字段名推断）	htdocs/install/mysql/tables/llx_user.sql	57
llx_user	用户与权限	31	office_phone	varchar(30)	varchar	YES		N	N					字段 office_phone（基于字段名推断）	htdocs/install/mysql/tables/llx_user.sql	58
llx_user	用户与权限	32	office_fax	varchar(30)	varchar	YES		N	N					字段 office_fax（基于字段名推断）	htdocs/install/mysql/tables/llx_user.sql	59
llx_user	用户与权限	33	user_mobile	varchar(30)	varchar	YES		N	N					字段 user_mobile（基于字段名推断）	htdocs/install/mysql/tables/llx_user.sql	60
llx_user	用户与权限	34	personal_mobile	varchar(30)	varchar	YES		N	N					字段 personal_mobile（基于字段名推断）	htdocs/install/mysql/tables/llx_user.sql	61
llx_user	用户与权限	35	email	varchar(255)	varchar	YES		N	N					电子邮箱	htdocs/install/mysql/tables/llx_user.sql	62
llx_user	用户与权限	36	personal_email	varchar(255)	varchar	YES		N	N					字段 personal_email（基于字段名推断）	htdocs/install/mysql/tables/llx_user.sql	63
llx_user	用户与权限	37	email_oauth2	varchar(255)	varchar	YES		N	N				an email to validate OAuth2 authentication when email differs from the OAuth2 email	字段 email_oauth2；源码注释：an email to validate OAuth2 authentication when email differs from the OAuth2 email	htdocs/install/mysql/tables/llx_user.sql	64
llx_user	用户与权限	38	signature	longtext	longtext	YES	NULL	N	N					字段 signature（基于字段名推断）	htdocs/install/mysql/tables/llx_user.sql	65
llx_user	用户与权限	39	socialnetworks	text	text	YES	NULL	N	N				json with socialnetworks	字段 socialnetworks；源码注释：json with socialnetworks	htdocs/install/mysql/tables/llx_user.sql	67
llx_user	用户与权限	40	fk_soc	integer	integer	YES		N	N	idx_user_fk_societe			id thirdparty if user linked to a company (external user)	关联第三方企业 ID；源码注释：id thirdparty if user linked to a company (external user)	htdocs/install/mysql/tables/llx_user.sql	72
llx_user	用户与权限	41	fk_socpeople	integer	integer	YES		N	N	uk_user_fk_socpeople	uk_user_fk_socpeople		id contact origin if user linked to a contact	关联第三方联系人 ID；源码注释：id contact origin if user linked to a contact	htdocs/install/mysql/tables/llx_user.sql	73
llx_user	用户与权限	42	fk_member	integer	integer	YES		N	N	uk_user_fk_member	uk_user_fk_member		if member if user linked to a member	外部关联 ID（具体目标以外键或业务代码为准）；源码注释：if member if user linked to a member	htdocs/install/mysql/tables/llx_user.sql	74
llx_user	用户与权限	43	fk_user	integer	integer	YES		N	N				Supervisor, hierarchic parent	外部关联 ID（具体目标以外键或业务代码为准）；源码注释：Supervisor, hierarchic parent	htdocs/install/mysql/tables/llx_user.sql	75
llx_user	用户与权限	44	fk_user_expense_validator	integer	integer	YES		N	N					外部关联 ID（具体目标以外键或业务代码为准）（基于字段名推断）	htdocs/install/mysql/tables/llx_user.sql	76
llx_user	用户与权限	45	fk_user_holiday_validator	integer	integer	YES		N	N					外部关联 ID（具体目标以外键或业务代码为准）（基于字段名推断）	htdocs/install/mysql/tables/llx_user.sql	77
llx_user	用户与权限	46	national_registration_number	varchar(50)	varchar	YES		N	N					比例/百分比字段（基于字段名推断）	htdocs/install/mysql/tables/llx_user.sql	79
llx_user	用户与权限	47	idpers1	varchar(128)	varchar	YES		N	N					字段 idpers1（基于字段名推断）	htdocs/install/mysql/tables/llx_user.sql	80
llx_user	用户与权限	48	idpers2	varchar(128)	varchar	YES		N	N					字段 idpers2（基于字段名推断）	htdocs/install/mysql/tables/llx_user.sql	81
llx_user	用户与权限	49	idpers3	varchar(128)	varchar	YES		N	N					字段 idpers3（基于字段名推断）	htdocs/install/mysql/tables/llx_user.sql	82
llx_user	用户与权限	50	note_public	text	text	YES		N	N					公开备注	htdocs/install/mysql/tables/llx_user.sql	84
llx_user	用户与权限	51	note_private	text	text	YES	NULL	N	N					内部备注	htdocs/install/mysql/tables/llx_user.sql	85
llx_user	用户与权限	52	model_pdf	varchar(255)	varchar	YES	NULL	N	N					字段 model_pdf（基于字段名推断）	htdocs/install/mysql/tables/llx_user.sql	86
llx_user	用户与权限	53	last_main_doc	varchar(255)	varchar	YES		N	N				relative filepath+filename of last main generated document	字段 last_main_doc；源码注释：relative filepath+filename of last main generated document	htdocs/install/mysql/tables/llx_user.sql	87
llx_user	用户与权限	54	datelastlogin	datetime	datetime	YES		N	N					日期/时间字段（基于字段名推断）	htdocs/install/mysql/tables/llx_user.sql	88
llx_user	用户与权限	55	datepreviouslogin	datetime	datetime	YES		N	N					日期/时间字段（基于字段名推断）	htdocs/install/mysql/tables/llx_user.sql	89
llx_user	用户与权限	56	datelastpassvalidation	datetime	datetime	YES		N	N				last date we change password or we made a disconnect all. Open session with a start date before this date will be disabled.	日期/时间字段；源码注释：last date we change password or we made a disconnect all. Open session with a start date before this date will be disabled.	htdocs/install/mysql/tables/llx_user.sql	90
llx_user	用户与权限	57	datestartvalidity	datetime	datetime	YES		N	N					日期/时间字段（基于字段名推断）	htdocs/install/mysql/tables/llx_user.sql	91
llx_user	用户与权限	58	dateendvalidity	datetime	datetime	YES		N	N					日期/时间字段（基于字段名推断）	htdocs/install/mysql/tables/llx_user.sql	92
llx_user	用户与权限	59	flagdelsessionsbefore	datetime	datetime	YES	NULL	N	N				set this to a date if we need to launch an external process to invalidate all sessions for the same login created before this date	字段 flagdelsessionsbefore；源码注释：set this to a date if we need to launch an external process to invalidate all sessions for the same login created before this date	htdocs/install/mysql/tables/llx_user.sql	93
llx_user	用户与权限	60	iplastlogin	varchar(250)	varchar	YES		N	N					字段 iplastlogin（基于字段名推断）	htdocs/install/mysql/tables/llx_user.sql	94
llx_user	用户与权限	61	ippreviouslogin	varchar(250)	varchar	YES		N	N					字段 ippreviouslogin（基于字段名推断）	htdocs/install/mysql/tables/llx_user.sql	95
llx_user	用户与权限	62	ldap_sid	varchar(255)	varchar	YES	NULL	N	N					字段 ldap_sid（基于字段名推断）	htdocs/install/mysql/tables/llx_user.sql	96
llx_user	用户与权限	63	openid	varchar(255)	varchar	YES		N	N					字段 openid（基于字段名推断）	htdocs/install/mysql/tables/llx_user.sql	97
llx_user	用户与权限	64	statut	tinyint	tinyint	YES	1	N	N	idx_user_status_employee				状态标识	htdocs/install/mysql/tables/llx_user.sql	99
llx_user	用户与权限	65	photo	varchar(255)	varchar	YES		N	N				filename or url of photo	字段 photo；源码注释：filename or url of photo	htdocs/install/mysql/tables/llx_user.sql	101
llx_user	用户与权限	66	lang	varchar(6)	varchar	YES		N	N				default language for communication. Note that language selected by user as interface language is savec into llx_user_param.	字段 lang；源码注释：default language for communication. Note that language selected by user as interface language is savec into llx_user_param.	htdocs/install/mysql/tables/llx_user.sql	102
llx_user	用户与权限	67	color	varchar(6)	varchar	YES		N	N					字段 color（基于字段名推断）	htdocs/install/mysql/tables/llx_user.sql	103
llx_user	用户与权限	68	barcode	varchar(255)	varchar	YES	NULL	N	N					代码/参考号字段（基于字段名推断）	htdocs/install/mysql/tables/llx_user.sql	104
llx_user	用户与权限	69	fk_barcode_type	integer	integer	YES	0	N	N					外部关联 ID（具体目标以外键或业务代码为准）（基于字段名推断）	htdocs/install/mysql/tables/llx_user.sql	105
llx_user	用户与权限	70	accountancy_code_user_general	varchar(32)	varchar	YES	NULL	N	N					代码/参考号字段（基于字段名推断）	htdocs/install/mysql/tables/llx_user.sql	107
llx_user	用户与权限	71	accountancy_code	varchar(32)	varchar	YES		N	N					代码/参考号字段（基于字段名推断）	htdocs/install/mysql/tables/llx_user.sql	108
llx_user	用户与权限	72	nb_holiday	integer	integer	YES	0	N	N					字段 nb_holiday（基于字段名推断）	htdocs/install/mysql/tables/llx_user.sql	110
llx_user	用户与权限	73	thm	double(24,8)	double	YES		N	N					字段 thm（基于字段名推断）	htdocs/install/mysql/tables/llx_user.sql	111
llx_user	用户与权限	74	tjm	double(24,8)	double	YES		N	N					字段 tjm（基于字段名推断）	htdocs/install/mysql/tables/llx_user.sql	112
llx_user	用户与权限	75	access_hours	varchar(128)	varchar	YES	NULL	N	N					字段 access_hours（基于字段名推断）	htdocs/install/mysql/tables/llx_user.sql	113
llx_user	用户与权限	76	salary	double(24,8)	double	YES		N	N				DENORMALIZED FIELD. Value coming from llx_user_employment	字段 salary；源码注释：DENORMALIZED FIELD. Value coming from llx_user_employment	htdocs/install/mysql/tables/llx_user.sql	115
llx_user	用户与权限	77	salaryextra	double(24,8)	double	YES		N	N				DENORMALIZED FIELD. Value coming from llx_user_employment	扩展参数/结构化文本；源码注释：DENORMALIZED FIELD. Value coming from llx_user_employment	htdocs/install/mysql/tables/llx_user.sql	116
llx_user	用户与权限	78	dateemployment	date	date	YES		N	N				DENORMALIZED FIELD. Value coming from llx_user_employment	日期/时间字段；源码注释：DENORMALIZED FIELD. Value coming from llx_user_employment	htdocs/install/mysql/tables/llx_user.sql	117
llx_user	用户与权限	79	dateemploymentend	date	date	YES		N	N				DENORMALIZED FIELD. Value coming from llx_user_employment	日期/时间字段；源码注释：DENORMALIZED FIELD. Value coming from llx_user_employment	htdocs/install/mysql/tables/llx_user.sql	118
llx_user	用户与权限	80	weeklyhours	double(16,8)	double	YES		N	N				DENORMALIZED FIELD. Value coming from llx_user_employment	字段 weeklyhours；源码注释：DENORMALIZED FIELD. Value coming from llx_user_employment	htdocs/install/mysql/tables/llx_user.sql	119
llx_user	用户与权限	81	import_key	varchar(14)	varchar	YES		N	N				import key	导入批次/外部导入键；源码注释：import key	htdocs/install/mysql/tables/llx_user.sql	121
llx_user	用户与权限	82	default_range	integer	integer	YES		N	N					字段 default_range（基于字段名推断）	htdocs/install/mysql/tables/llx_user.sql	123
llx_user	用户与权限	83	default_c_exp_tax_cat	integer	integer	YES		N	N					金额、价格或税费字段（基于字段名推断）	htdocs/install/mysql/tables/llx_user.sql	124
llx_user	用户与权限	84	fk_warehouse	integer	integer	YES		N	N				default warehouse of user	关联仓库 ID；源码注释：default warehouse of user	htdocs/install/mysql/tables/llx_user.sql	126
llx_user_alert	用户与权限	1	rowid	integer	integer	NO		Y	Y	PRIMARY	PRIMARY			主键行标识；通常为自增整数	htdocs/install/mysql/tables/llx_user_alert.sql	22
llx_user_alert	用户与权限	2	type	integer	integer	YES		N	N					字段 type（基于字段名推断）	htdocs/install/mysql/tables/llx_user_alert.sql	23
llx_user_alert	用户与权限	3	fk_contact	integer	integer	YES		N	N				id of llx_socpeople	关联联系人 ID；源码注释：id of llx_socpeople	htdocs/install/mysql/tables/llx_user_alert.sql	24
llx_user_alert	用户与权限	4	fk_user	integer	integer	YES		N	N				id of llx_user	外部关联 ID（具体目标以外键或业务代码为准）；源码注释：id of llx_user	htdocs/install/mysql/tables/llx_user_alert.sql	25
llx_user_clicktodial	用户与权限	1	fk_user	integer	integer	NO		N	Y	PRIMARY	PRIMARY			外部关联 ID（具体目标以外键或业务代码为准）（基于字段名推断）	htdocs/install/mysql/tables/llx_user_clicktodial.sql	24
llx_user_clicktodial	用户与权限	2	url	varchar(255)	varchar	YES		N	N					字段 url（基于字段名推断）	htdocs/install/mysql/tables/llx_user_clicktodial.sql	25
llx_user_clicktodial	用户与权限	3	login	varchar(32)	varchar	YES		N	N					字段 login（基于字段名推断）	htdocs/install/mysql/tables/llx_user_clicktodial.sql	26
llx_user_clicktodial	用户与权限	4	pass	varchar(64)	varchar	YES		N	N					字段 pass（基于字段名推断）	htdocs/install/mysql/tables/llx_user_clicktodial.sql	27
llx_user_clicktodial	用户与权限	5	poste	varchar(20)	varchar	YES		N	N					字段 poste（基于字段名推断）	htdocs/install/mysql/tables/llx_user_clicktodial.sql	28
llx_user_employment	用户与权限	1	rowid	integer	integer	NO		Y	Y	PRIMARY	PRIMARY			主键行标识；通常为自增整数	htdocs/install/mysql/tables/llx_user_employment.sql	22
llx_user_employment	用户与权限	2	entity	integer	integer	NO	1	N	N	uk_user_employment	uk_user_employment		multi company id	多实体/多公司隔离标识；源码注释：multi company id	htdocs/install/mysql/tables/llx_user_employment.sql	23
llx_user_employment	用户与权限	3	ref	varchar(50)	varchar	YES		N	N	uk_user_employment	uk_user_employment		reference	业务参考号/单号；源码注释：reference	htdocs/install/mysql/tables/llx_user_employment.sql	24
llx_user_employment	用户与权限	4	ref_ext	varchar(50)	varchar	YES		N	N				reference into an external system (not used by dolibarr)	代码/参考号字段；源码注释：reference into an external system (not used by dolibarr)	htdocs/install/mysql/tables/llx_user_employment.sql	25
llx_user_employment	用户与权限	5	fk_user	integer	integer	YES		N	N			llx_user.rowid		外部关联 ID（具体目标以外键或业务代码为准）（基于字段名推断）	htdocs/install/mysql/tables/llx_user_employment.sql	26
llx_user_employment	用户与权限	6	datec	datetime	datetime	YES		N	N					创建日期/时间	htdocs/install/mysql/tables/llx_user_employment.sql	27
llx_user_employment	用户与权限	7	tms	timestamp	timestamp	YES	CURRENT_TIMESTAMP	N	N					最后修改时间戳	htdocs/install/mysql/tables/llx_user_employment.sql	28
llx_user_employment	用户与权限	8	fk_user_creat	integer	integer	YES		N	N					创建人用户 ID	htdocs/install/mysql/tables/llx_user_employment.sql	29
llx_user_employment	用户与权限	9	fk_user_modif	integer	integer	YES		N	N					最后修改人用户 ID	htdocs/install/mysql/tables/llx_user_employment.sql	30
llx_user_employment	用户与权限	10	job	varchar(128)	varchar	YES		N	N				job position. may be a dictionary	字段 job；源码注释：job position. may be a dictionary	htdocs/install/mysql/tables/llx_user_employment.sql	31
llx_user_employment	用户与权限	11	status	integer	integer	NO		N	N				draft, active, closed	状态标识；源码注释：draft, active, closed	htdocs/install/mysql/tables/llx_user_employment.sql	32
llx_user_employment	用户与权限	12	salary	double(24,8)	double	YES		N	N				last and current value stored into llx_user	字段 salary；源码注释：last and current value stored into llx_user	htdocs/install/mysql/tables/llx_user_employment.sql	33
llx_user_employment	用户与权限	13	salaryextra	double(24,8)	double	YES		N	N				last and current value stored into llx_user	扩展参数/结构化文本；源码注释：last and current value stored into llx_user	htdocs/install/mysql/tables/llx_user_employment.sql	34
llx_user_employment	用户与权限	14	weeklyhours	double(16,8)	double	YES		N	N				last and current value stored into llx_user	字段 weeklyhours；源码注释：last and current value stored into llx_user	htdocs/install/mysql/tables/llx_user_employment.sql	35
llx_user_employment	用户与权限	15	dateemployment	date	date	YES		N	N				last and current value stored into llx_user	日期/时间字段；源码注释：last and current value stored into llx_user	htdocs/install/mysql/tables/llx_user_employment.sql	36
llx_user_employment	用户与权限	16	dateemploymentend	date	date	YES		N	N				last and current value stored into llx_user	日期/时间字段；源码注释：last and current value stored into llx_user	htdocs/install/mysql/tables/llx_user_employment.sql	37
llx_user_extrafields	用户与权限	1	rowid	integer	integer	NO		Y	Y	PRIMARY	PRIMARY			主键行标识；通常为自增整数	htdocs/install/mysql/tables/llx_user_extrafields.sql	23
llx_user_extrafields	用户与权限	2	tms	timestamp	timestamp	YES	CURRENT_TIMESTAMP	N	N					最后修改时间戳	htdocs/install/mysql/tables/llx_user_extrafields.sql	24
llx_user_extrafields	用户与权限	3	fk_object	integer	integer	NO		N	N	uk_user_extrafields	uk_user_extrafields		member id	外部关联 ID（具体目标以外键或业务代码为准）；源码注释：member id	htdocs/install/mysql/tables/llx_user_extrafields.sql	25
llx_user_extrafields	用户与权限	4	import_key	varchar(14)	varchar	YES		N	N				import key	导入批次/外部导入键；源码注释：import key	htdocs/install/mysql/tables/llx_user_extrafields.sql	26
llx_user_param	用户与权限	1	fk_user	integer	integer	NO		N	N	uk_user_param	uk_user_param			外部关联 ID（具体目标以外键或业务代码为准）（基于字段名推断）	htdocs/install/mysql/tables/llx_user_param.sql	23
llx_user_param	用户与权限	2	entity	integer	integer	NO	1	N	N	uk_user_param	uk_user_param		multi company id	多实体/多公司隔离标识；源码注释：multi company id	htdocs/install/mysql/tables/llx_user_param.sql	24
llx_user_param	用户与权限	3	param	varchar(180)	varchar	NO		N	N	uk_user_param	uk_user_param			扩展参数/结构化文本（基于字段名推断）	htdocs/install/mysql/tables/llx_user_param.sql	25
llx_user_param	用户与权限	4	value	text	text	NO		N	N					字段 value（基于字段名推断）	htdocs/install/mysql/tables/llx_user_param.sql	26
llx_user_rib	用户与权限	1	rowid	integer	integer	NO		Y	Y	PRIMARY	PRIMARY			主键行标识；通常为自增整数	htdocs/install/mysql/tables/llx_user_rib.sql	21
llx_user_rib	用户与权限	2	fk_user	integer	integer	NO		N	N					外部关联 ID（具体目标以外键或业务代码为准）（基于字段名推断）	htdocs/install/mysql/tables/llx_user_rib.sql	22
llx_user_rib	用户与权限	3	entity	integer	integer	NO	1	N	N				multi company id	多实体/多公司隔离标识；源码注释：multi company id	htdocs/install/mysql/tables/llx_user_rib.sql	23
llx_user_rib	用户与权限	4	datec	datetime	datetime	YES		N	N					创建日期/时间	htdocs/install/mysql/tables/llx_user_rib.sql	24
llx_user_rib	用户与权限	5	tms	timestamp	timestamp	YES	CURRENT_TIMESTAMP	N	N					最后修改时间戳	htdocs/install/mysql/tables/llx_user_rib.sql	25
llx_user_rib	用户与权限	6	label	varchar(30)	varchar	YES		N	N					名称或标签	htdocs/install/mysql/tables/llx_user_rib.sql	26
llx_user_rib	用户与权限	7	bank	varchar(255)	varchar	YES		N	N				bank name	字段 bank；源码注释：bank name	htdocs/install/mysql/tables/llx_user_rib.sql	27
llx_user_rib	用户与权限	8	code_banque	varchar(128)	varchar	YES		N	N				bank code	代码/参考号字段；源码注释：bank code	htdocs/install/mysql/tables/llx_user_rib.sql	28
llx_user_rib	用户与权限	9	code_guichet	varchar(6)	varchar	YES		N	N				desk code	代码/参考号字段；源码注释：desk code	htdocs/install/mysql/tables/llx_user_rib.sql	29
llx_user_rib	用户与权限	10	number	varchar(255)	varchar	YES		N	N				account number	字段 number；源码注释：account number	htdocs/install/mysql/tables/llx_user_rib.sql	30
llx_user_rib	用户与权限	11	cle_rib	varchar(5)	varchar	YES		N	N				key of bank account	字段 cle_rib；源码注释：key of bank account	htdocs/install/mysql/tables/llx_user_rib.sql	31
llx_user_rib	用户与权限	12	bic	varchar(11)	varchar	YES		N	N				11 according to ISO 9362	字段 bic；源码注释：11 according to ISO 9362	htdocs/install/mysql/tables/llx_user_rib.sql	32
llx_user_rib	用户与权限	13	bic_intermediate	varchar(11)	varchar	YES		N	N				11 according to ISO 9362. Same as bic but for intermediate bank	字段 bic_intermediate；源码注释：11 according to ISO 9362. Same as bic but for intermediate bank	htdocs/install/mysql/tables/llx_user_rib.sql	33
llx_user_rib	用户与权限	14	iban_prefix	varchar(100)	varchar	YES		N	N				full iban. 34 according to ISO 13616 but we set 100 to allow to store it with encryption information	字段 iban_prefix；源码注释：full iban. 34 according to ISO 13616 but we set 100 to allow to store it with encryption information	htdocs/install/mysql/tables/llx_user_rib.sql	34
llx_user_rib	用户与权限	15	domiciliation	varchar(255)	varchar	YES		N	N					字段 domiciliation（基于字段名推断）	htdocs/install/mysql/tables/llx_user_rib.sql	35
llx_user_rib	用户与权限	16	proprio	varchar(60)	varchar	YES		N	N					字段 proprio（基于字段名推断）	htdocs/install/mysql/tables/llx_user_rib.sql	36
llx_user_rib	用户与权限	17	owner_address	varchar(255)	varchar	YES		N	N					字段 owner_address（基于字段名推断）	htdocs/install/mysql/tables/llx_user_rib.sql	37
llx_user_rib	用户与权限	18	state_id	integer	integer	YES		N	N					字段 state_id（基于字段名推断）	htdocs/install/mysql/tables/llx_user_rib.sql	38
llx_user_rib	用户与权限	19	fk_country	integer	integer	YES		N	N					外部关联 ID（具体目标以外键或业务代码为准）（基于字段名推断）	htdocs/install/mysql/tables/llx_user_rib.sql	39
llx_user_rib	用户与权限	20	currency_code	varchar(3)	varchar	YES		N	N					代码/参考号字段（基于字段名推断）	htdocs/install/mysql/tables/llx_user_rib.sql	40
llx_user_rib	用户与权限	21	default_rib	smallint	smallint	NO	0	N	N					字段 default_rib（基于字段名推断）	htdocs/install/mysql/tables/llx_user_rib.sql	41
llx_user_rights	用户与权限	1	rowid	integer	integer	NO		Y	Y	PRIMARY	PRIMARY			主键行标识；通常为自增整数	htdocs/install/mysql/tables/llx_user_rights.sql	22
llx_user_rights	用户与权限	2	entity	integer	integer	NO	1	N	N	uk_user_rights	uk_user_rights		multi company id	多实体/多公司隔离标识；源码注释：multi company id	htdocs/install/mysql/tables/llx_user_rights.sql	23
llx_user_rights	用户与权限	3	fk_user	integer	integer	NO		N	N	uk_user_rights	uk_user_rights	llx_user.rowid		外部关联 ID（具体目标以外键或业务代码为准）（基于字段名推断）	htdocs/install/mysql/tables/llx_user_rights.sql	24
llx_user_rights	用户与权限	4	fk_id	integer	integer	NO		N	N	uk_user_rights	uk_user_rights			外部关联 ID（具体目标以外键或业务代码为准）（基于字段名推断）	htdocs/install/mysql/tables/llx_user_rights.sql	25
llx_usergroup	用户与权限	1	rowid	integer	integer	NO		Y	Y	PRIMARY	PRIMARY			主键行标识；通常为自增整数	htdocs/install/mysql/tables/llx_usergroup.sql	23
llx_usergroup	用户与权限	2	nom	varchar(180)	varchar	NO		N	N	uk_usergroup_name	uk_usergroup_name			名称	htdocs/install/mysql/tables/llx_usergroup.sql	24
llx_usergroup	用户与权限	3	entity	integer	integer	NO	1	N	N	uk_usergroup_name	uk_usergroup_name		multi company id	多实体/多公司隔离标识；源码注释：multi company id	htdocs/install/mysql/tables/llx_usergroup.sql	25
llx_usergroup	用户与权限	4	fk_parent	integer	integer	YES	NULL	N	N				parent group for permission inheritance	外部关联 ID（具体目标以外键或业务代码为准）；源码注释：parent group for permission inheritance	htdocs/install/mysql/tables/llx_usergroup.sql	26
llx_usergroup	用户与权限	5	datec	datetime	datetime	YES		N	N					创建日期/时间	htdocs/install/mysql/tables/llx_usergroup.sql	27
llx_usergroup	用户与权限	6	tms	timestamp	timestamp	YES	CURRENT_TIMESTAMP	N	N					最后修改时间戳	htdocs/install/mysql/tables/llx_usergroup.sql	28
llx_usergroup	用户与权限	7	color	varchar(6)	varchar	YES		N	N					字段 color（基于字段名推断）	htdocs/install/mysql/tables/llx_usergroup.sql	29
llx_usergroup	用户与权限	8	note	text	text	YES		N	N					备注/说明字段（基于字段名推断）	htdocs/install/mysql/tables/llx_usergroup.sql	30
llx_usergroup	用户与权限	9	model_pdf	varchar(255)	varchar	YES	NULL	N	N					字段 model_pdf（基于字段名推断）	htdocs/install/mysql/tables/llx_usergroup.sql	31
llx_usergroup_extrafields	用户与权限	1	rowid	integer	integer	NO		Y	Y	PRIMARY	PRIMARY			主键行标识；通常为自增整数	htdocs/install/mysql/tables/llx_usergroup_extrafields.sql	20
llx_usergroup_extrafields	用户与权限	2	tms	timestamp	timestamp	YES	CURRENT_TIMESTAMP	N	N					最后修改时间戳	htdocs/install/mysql/tables/llx_usergroup_extrafields.sql	21
llx_usergroup_extrafields	用户与权限	3	fk_object	integer	integer	NO		N	N	uk_usergroup_extrafields	uk_usergroup_extrafields			外部关联 ID（具体目标以外键或业务代码为准）（基于字段名推断）	htdocs/install/mysql/tables/llx_usergroup_extrafields.sql	22
llx_usergroup_extrafields	用户与权限	4	import_key	varchar(14)	varchar	YES		N	N				import key	导入批次/外部导入键；源码注释：import key	htdocs/install/mysql/tables/llx_usergroup_extrafields.sql	23
llx_usergroup_rights	用户与权限	1	rowid	integer	integer	NO		Y	Y	PRIMARY	PRIMARY			主键行标识；通常为自增整数	htdocs/install/mysql/tables/llx_usergroup_rights.sql	22
llx_usergroup_rights	用户与权限	2	entity	integer	integer	NO	1	N	N	uk_usergroup_rights	uk_usergroup_rights		multi company id	多实体/多公司隔离标识；源码注释：multi company id	htdocs/install/mysql/tables/llx_usergroup_rights.sql	23
llx_usergroup_rights	用户与权限	3	fk_usergroup	integer	integer	NO		N	N	uk_usergroup_rights	uk_usergroup_rights	llx_usergroup.rowid		外部关联 ID（具体目标以外键或业务代码为准）（基于字段名推断）	htdocs/install/mysql/tables/llx_usergroup_rights.sql	24
llx_usergroup_rights	用户与权限	4	fk_id	integer	integer	NO		N	N	uk_usergroup_rights	uk_usergroup_rights			外部关联 ID（具体目标以外键或业务代码为准）（基于字段名推断）	htdocs/install/mysql/tables/llx_usergroup_rights.sql	25
llx_usergroup_user	用户与权限	1	rowid	integer	integer	NO		Y	Y	PRIMARY	PRIMARY			主键行标识；通常为自增整数	htdocs/install/mysql/tables/llx_usergroup_user.sql	22
llx_usergroup_user	用户与权限	2	entity	integer	integer	NO	1	N	N	uk_usergroup_user	uk_usergroup_user		multi company id	多实体/多公司隔离标识；源码注释：multi company id	htdocs/install/mysql/tables/llx_usergroup_user.sql	23
llx_usergroup_user	用户与权限	3	fk_user	integer	integer	NO		N	N	uk_usergroup_user	uk_usergroup_user	llx_user.rowid		外部关联 ID（具体目标以外键或业务代码为准）（基于字段名推断）	htdocs/install/mysql/tables/llx_usergroup_user.sql	24
llx_usergroup_user	用户与权限	4	fk_usergroup	integer	integer	NO		N	N	uk_usergroup_user	uk_usergroup_user	llx_usergroup.rowid		外部关联 ID（具体目标以外键或业务代码为准）（基于字段名推断）	htdocs/install/mysql/tables/llx_usergroup_user.sql	25
llx_webhook_history	Webhook	1	rowid	integer	integer	NO		Y	Y	PRIMARY, idx_webhook_history_rowid	PRIMARY			主键行标识；通常为自增整数	htdocs/install/mysql/tables/llx_webhook_history-webhook.sql	19
llx_webhook_history	Webhook	2	trigger_code	varchar(128)	varchar	NO		N	N					代码/参考号字段（基于字段名推断）	htdocs/install/mysql/tables/llx_webhook_history-webhook.sql	21
llx_webhook_history	Webhook	3	trigger_data	text	text	NO		N	N					字段 trigger_data（基于字段名推断）	htdocs/install/mysql/tables/llx_webhook_history-webhook.sql	22
llx_webhook_history	Webhook	4	fk_target	integer	integer	NO		N	N					外部关联 ID（具体目标以外键或业务代码为准）（基于字段名推断）	htdocs/install/mysql/tables/llx_webhook_history-webhook.sql	23
llx_webhook_history	Webhook	5	url	varchar(255)	varchar	NO		N	N					字段 url（基于字段名推断）	htdocs/install/mysql/tables/llx_webhook_history-webhook.sql	24
llx_webhook_history	Webhook	6	error_message	text	text	YES		N	N					字段 error_message（基于字段名推断）	htdocs/install/mysql/tables/llx_webhook_history-webhook.sql	25
llx_webhook_history	Webhook	7	note_private	text	text	YES		N	N					内部备注	htdocs/install/mysql/tables/llx_webhook_history-webhook.sql	27
llx_webhook_history	Webhook	8	date_creation	datetime	datetime	NO		N	N					日期/时间字段（基于字段名推断）	htdocs/install/mysql/tables/llx_webhook_history-webhook.sql	28
llx_webhook_history	Webhook	9	tms	timestamp	timestamp	YES	CURRENT_TIMESTAMP	N	N					最后修改时间戳	htdocs/install/mysql/tables/llx_webhook_history-webhook.sql	29
llx_webhook_history	Webhook	10	fk_user_creat	integer	integer	NO		N	N					创建人用户 ID	htdocs/install/mysql/tables/llx_webhook_history-webhook.sql	30
llx_webhook_history	Webhook	11	import_key	varchar(14)	varchar	YES		N	N					导入批次/外部导入键	htdocs/install/mysql/tables/llx_webhook_history-webhook.sql	32
llx_webhook_history	Webhook	12	status	integer	integer	NO	1	N	N	idx_webhook_history_status				状态标识	htdocs/install/mysql/tables/llx_webhook_history-webhook.sql	33
llx_webhook_target	Webhook	1	rowid	integer	integer	NO		Y	Y	PRIMARY, idx_webhook_target_rowid	PRIMARY			主键行标识；通常为自增整数	htdocs/install/mysql/tables/llx_webhook_target-webhook.sql	19
llx_webhook_target	Webhook	2	entity	integer	integer	NO	1	N	N				multi company id	多实体/多公司隔离标识；源码注释：multi company id	htdocs/install/mysql/tables/llx_webhook_target-webhook.sql	20
llx_webhook_target	Webhook	3	ref	varchar(128)	varchar	NO		N	N	idx_webhook_target_ref				业务参考号/单号	htdocs/install/mysql/tables/llx_webhook_target-webhook.sql	21
llx_webhook_target	Webhook	4	label	varchar(255)	varchar	YES		N	N					名称或标签	htdocs/install/mysql/tables/llx_webhook_target-webhook.sql	22
llx_webhook_target	Webhook	5	type	integer	integer	NO	0	N	N					字段 type（基于字段名推断）	htdocs/install/mysql/tables/llx_webhook_target-webhook.sql	23
llx_webhook_target	Webhook	6	description	text	text	YES		N	N					描述	htdocs/install/mysql/tables/llx_webhook_target-webhook.sql	24
llx_webhook_target	Webhook	7	note_public	text	text	YES		N	N					公开备注	htdocs/install/mysql/tables/llx_webhook_target-webhook.sql	25
llx_webhook_target	Webhook	8	note_private	text	text	YES		N	N					内部备注	htdocs/install/mysql/tables/llx_webhook_target-webhook.sql	26
llx_webhook_target	Webhook	9	date_creation	datetime	datetime	NO		N	N					日期/时间字段（基于字段名推断）	htdocs/install/mysql/tables/llx_webhook_target-webhook.sql	27
llx_webhook_target	Webhook	10	tms	timestamp	timestamp	YES	CURRENT_TIMESTAMP	N	N					最后修改时间戳	htdocs/install/mysql/tables/llx_webhook_target-webhook.sql	28
llx_webhook_target	Webhook	11	fk_user_creat	integer	integer	NO		N	N					创建人用户 ID	htdocs/install/mysql/tables/llx_webhook_target-webhook.sql	29
llx_webhook_target	Webhook	12	fk_user_modif	integer	integer	YES		N	N					最后修改人用户 ID	htdocs/install/mysql/tables/llx_webhook_target-webhook.sql	30
llx_webhook_target	Webhook	13	import_key	varchar(14)	varchar	YES		N	N					导入批次/外部导入键	htdocs/install/mysql/tables/llx_webhook_target-webhook.sql	31
llx_webhook_target	Webhook	14	status	integer	integer	NO	0	N	N	idx_webhook_target_status				状态标识	htdocs/install/mysql/tables/llx_webhook_target-webhook.sql	32
llx_webhook_target	Webhook	15	url	varchar(255)	varchar	NO		N	N					字段 url（基于字段名推断）	htdocs/install/mysql/tables/llx_webhook_target-webhook.sql	33
llx_webhook_target	Webhook	16	connection_method	varchar(255)	varchar	YES		N	N				to store the way to authenticate to the webhook	字段 connection_method；源码注释：to store the way to authenticate to the webhook	htdocs/install/mysql/tables/llx_webhook_target-webhook.sql	34
llx_webhook_target	Webhook	17	connection_data	varchar(255)	varchar	YES		N	N				to store the data to use to authenticate to the webhook	字段 connection_data；源码注释：to store the data to use to authenticate to the webhook	htdocs/install/mysql/tables/llx_webhook_target-webhook.sql	35
llx_webhook_target	Webhook	18	trigger_codes	text	text	YES		N	N				list of selected trigger that must call the webhook	代码/参考号字段；源码注释：list of selected trigger that must call the webhook	htdocs/install/mysql/tables/llx_webhook_target-webhook.sql	36
llx_website	网站	1	rowid	integer	integer	NO		Y	Y	PRIMARY	PRIMARY			主键行标识；通常为自增整数	htdocs/install/mysql/tables/llx_website-website.sql	22
llx_website	网站	2	type_container	varchar(16)	varchar	NO	'page'	N	N					字段 type_container（基于字段名推断）	htdocs/install/mysql/tables/llx_website-website.sql	23
llx_website	网站	3	entity	integer	integer	NO	1	N	N	uk_website_ref	uk_website_ref			多实体/多公司隔离标识	htdocs/install/mysql/tables/llx_website-website.sql	24
llx_website	网站	4	ref	varchar(128)	varchar	NO		N	N	uk_website_ref	uk_website_ref			业务参考号/单号	htdocs/install/mysql/tables/llx_website-website.sql	25
llx_website	网站	5	description	varchar(255)	varchar	YES		N	N					描述	htdocs/install/mysql/tables/llx_website-website.sql	26
llx_website	网站	6	maincolor	varchar(16)	varchar	YES		N	N					字段 maincolor（基于字段名推断）	htdocs/install/mysql/tables/llx_website-website.sql	27
llx_website	网站	7	maincolorbis	varchar(16)	varchar	YES		N	N					字段 maincolorbis（基于字段名推断）	htdocs/install/mysql/tables/llx_website-website.sql	28
llx_website	网站	8	lang	varchar(8)	varchar	YES		N	N					字段 lang（基于字段名推断）	htdocs/install/mysql/tables/llx_website-website.sql	29
llx_website	网站	9	otherlang	varchar(255)	varchar	YES		N	N					字段 otherlang（基于字段名推断）	htdocs/install/mysql/tables/llx_website-website.sql	30
llx_website	网站	10	status	integer	integer	YES	1	N	N					状态标识	htdocs/install/mysql/tables/llx_website-website.sql	31
llx_website	网站	11	fk_default_home	integer	integer	YES		N	N					外部关联 ID（具体目标以外键或业务代码为准）（基于字段名推断）	htdocs/install/mysql/tables/llx_website-website.sql	32
llx_website	网站	12	use_manifest	integer	integer	YES		N	N					字段 use_manifest（基于字段名推断）	htdocs/install/mysql/tables/llx_website-website.sql	33
llx_website	网站	13	virtualhost	varchar(255)	varchar	YES		N	N					字段 virtualhost（基于字段名推断）	htdocs/install/mysql/tables/llx_website-website.sql	34
llx_website	网站	14	fk_user_creat	integer	integer	YES		N	N					创建人用户 ID	htdocs/install/mysql/tables/llx_website-website.sql	35
llx_website	网站	15	fk_user_modif	integer	integer	YES		N	N					最后修改人用户 ID	htdocs/install/mysql/tables/llx_website-website.sql	36
llx_website	网站	16	date_creation	datetime	datetime	YES		N	N					日期/时间字段（基于字段名推断）	htdocs/install/mysql/tables/llx_website-website.sql	37
llx_website	网站	17	position	integer	integer	YES	0	N	N					字段 position（基于字段名推断）	htdocs/install/mysql/tables/llx_website-website.sql	38
llx_website	网站	18	paymentframemode	integer	integer	YES	0	N	N				set to 0 to have payment pages managed as full pages. 1 to ask to have payment pages inside a frame bot not the paymentok of website. 2 to have payment pages inside a frame including the paymentok.php	字段 paymentframemode；源码注释：set to 0 to have payment pages managed as full pages. 1 to ask to have payment pages inside a frame bot not the paymentok of website. 2 to have payment pages inside a frame including the paymentok.php	htdocs/install/mysql/tables/llx_website-website.sql	39
llx_website	网站	19	lastaccess	datetime	datetime	YES		N	N				updated at each page access	字段 lastaccess；源码注释：updated at each page access	htdocs/install/mysql/tables/llx_website-website.sql	40
llx_website	网站	20	lastpageid	integer	integer	YES	0	N	N					字段 lastpageid（基于字段名推断）	htdocs/install/mysql/tables/llx_website-website.sql	41
llx_website	网站	21	pageviews_previous_month	BIGINT	bigint	YES	0	N	N					字段 pageviews_previous_month（基于字段名推断）	htdocs/install/mysql/tables/llx_website-website.sql	42
llx_website	网站	22	pageviews_month	BIGINT	bigint	YES	0	N	N				increased by 1 at each page access, saved into pageviews_previous_month when on different month than lastaccess	字段 pageviews_month；源码注释：increased by 1 at each page access, saved into pageviews_previous_month when on different month than lastaccess	htdocs/install/mysql/tables/llx_website-website.sql	43
llx_website	网站	23	pageviews_total	BIGINT	bigint	YES	0	N	N				increased by 1 at each page access, no reset	金额、价格或税费字段；源码注释：increased by 1 at each page access, no reset	htdocs/install/mysql/tables/llx_website-website.sql	44
llx_website	网站	24	tms	timestamp	timestamp	YES	CURRENT_TIMESTAMP	N	N					最后修改时间戳	htdocs/install/mysql/tables/llx_website-website.sql	45
llx_website	网站	25	import_key	varchar(14)	varchar	YES		N	N				import key	导入批次/外部导入键；源码注释：import key	htdocs/install/mysql/tables/llx_website-website.sql	46
llx_website	网站	26	name_template	varchar(255)	varchar	YES		N	N				name of template imported	名称/标题字段；源码注释：name of template imported	htdocs/install/mysql/tables/llx_website-website.sql	47
llx_website_extrafields	网站	1	rowid	integer	integer	NO		Y	Y	PRIMARY	PRIMARY			主键行标识；通常为自增整数	htdocs/install/mysql/tables/llx_website_extrafields-website.sql	18
llx_website_extrafields	网站	2	tms	timestamp	timestamp	YES	CURRENT_TIMESTAMP	N	N					最后修改时间戳	htdocs/install/mysql/tables/llx_website_extrafields-website.sql	19
llx_website_extrafields	网站	3	fk_object	integer	integer	NO		N	N	idx_website_extrafields				外部关联 ID（具体目标以外键或业务代码为准）（基于字段名推断）	htdocs/install/mysql/tables/llx_website_extrafields-website.sql	20
llx_website_extrafields	网站	4	import_key	varchar(14)	varchar	YES		N	N				import key	导入批次/外部导入键；源码注释：import key	htdocs/install/mysql/tables/llx_website_extrafields-website.sql	21
llx_website_page	网站	1	rowid	integer	integer	NO		Y	Y	PRIMARY	PRIMARY			主键行标识；通常为自增整数	htdocs/install/mysql/tables/llx_website_page-website.sql	22
llx_website_page	网站	2	fk_website	integer	integer	NO		N	N	uk_website_page_url	uk_website_page_url	llx_website.rowid		外部关联 ID（具体目标以外键或业务代码为准）（基于字段名推断）	htdocs/install/mysql/tables/llx_website_page-website.sql	23
llx_website_page	网站	3	type_container	varchar(16)	varchar	NO	'page'	N	N					字段 type_container（基于字段名推断）	htdocs/install/mysql/tables/llx_website_page-website.sql	24
llx_website_page	网站	4	pageurl	varchar(255)	varchar	NO		N	N	uk_website_page_url	uk_website_page_url			字段 pageurl（基于字段名推断）	htdocs/install/mysql/tables/llx_website_page-website.sql	25
llx_website_page	网站	5	aliasalt	varchar(255)	varchar	YES		N	N					字段 aliasalt（基于字段名推断）	htdocs/install/mysql/tables/llx_website_page-website.sql	26
llx_website_page	网站	6	title	varchar(255)	varchar	YES		N	N					名称/标题字段（基于字段名推断）	htdocs/install/mysql/tables/llx_website_page-website.sql	27
llx_website_page	网站	7	description	varchar(255)	varchar	YES		N	N					描述	htdocs/install/mysql/tables/llx_website_page-website.sql	28
llx_website_page	网站	8	image	varchar(255)	varchar	YES		N	N					字段 image（基于字段名推断）	htdocs/install/mysql/tables/llx_website_page-website.sql	29
llx_website_page	网站	9	keywords	varchar(255)	varchar	YES		N	N					字段 keywords（基于字段名推断）	htdocs/install/mysql/tables/llx_website_page-website.sql	30
llx_website_page	网站	10	metarobots	varchar(128)	varchar	YES		N	N					字段 metarobots（基于字段名推断）	htdocs/install/mysql/tables/llx_website_page-website.sql	31
llx_website_page	网站	11	lang	varchar(6)	varchar	YES		N	N					字段 lang（基于字段名推断）	htdocs/install/mysql/tables/llx_website_page-website.sql	32
llx_website_page	网站	12	fk_page	integer	integer	YES		N	N					外部关联 ID（具体目标以外键或业务代码为准）（基于字段名推断）	htdocs/install/mysql/tables/llx_website_page-website.sql	33
llx_website_page	网站	13	allowed_in_frames	integer	integer	YES	0	N	N					字段 allowed_in_frames（基于字段名推断）	htdocs/install/mysql/tables/llx_website_page-website.sql	34
llx_website_page	网站	14	htmlheader	text	text	YES		N	N					字段 htmlheader（基于字段名推断）	htdocs/install/mysql/tables/llx_website_page-website.sql	35
llx_website_page	网站	15	content	mediumtext	mediumtext	YES		N	N				text is not enough in size	字段 content；源码注释：text is not enough in size	htdocs/install/mysql/tables/llx_website_page-website.sql	36
llx_website_page	网站	16	status	integer	integer	YES	1	N	N					状态标识	htdocs/install/mysql/tables/llx_website_page-website.sql	37
llx_website_page	网站	17	grabbed_from	varchar(255)	varchar	YES		N	N					字段 grabbed_from（基于字段名推断）	htdocs/install/mysql/tables/llx_website_page-website.sql	38
llx_website_page	网站	18	fk_user_creat	integer	integer	YES		N	N					创建人用户 ID	htdocs/install/mysql/tables/llx_website_page-website.sql	39
llx_website_page	网站	19	fk_user_modif	integer	integer	YES		N	N					最后修改人用户 ID	htdocs/install/mysql/tables/llx_website_page-website.sql	40
llx_website_page	网站	20	author_alias	varchar(64)	varchar	YES		N	N					字段 author_alias（基于字段名推断）	htdocs/install/mysql/tables/llx_website_page-website.sql	41
llx_website_page	网站	21	date_creation	datetime	datetime	YES		N	N					日期/时间字段（基于字段名推断）	htdocs/install/mysql/tables/llx_website_page-website.sql	42
llx_website_page	网站	22	tms	timestamp	timestamp	YES	CURRENT_TIMESTAMP	N	N					最后修改时间戳	htdocs/install/mysql/tables/llx_website_page-website.sql	43
llx_website_page	网站	23	import_key	varchar(14)	varchar	YES		N	N				import key	导入批次/外部导入键；源码注释：import key	htdocs/install/mysql/tables/llx_website_page-website.sql	44
llx_website_page	网站	24	object_type	varchar(255)	varchar	YES		N	N				To link page to an object	字段 object_type；源码注释：To link page to an object	htdocs/install/mysql/tables/llx_website_page-website.sql	45
llx_website_page	网站	25	fk_object	varchar(255)	varchar	YES		N	N				To link page to an object	外部关联 ID（具体目标以外键或业务代码为准）；源码注释：To link page to an object	htdocs/install/mysql/tables/llx_website_page-website.sql	46
llx_website_page	网站	26	keep_history	integer	integer	YES	5	N	N				0=keep all history change, 1=keep only last version, n=keep only the n last changes	字段 keep_history；源码注释：0=keep all history change, 1=keep only last version, n=keep only the n last changes	htdocs/install/mysql/tables/llx_website_page-website.sql	47
llx_workstation_workstation	工作站	1	rowid	integer	integer	NO		Y	Y	PRIMARY, idx_workstation_workstation_rowid	PRIMARY			主键行标识；通常为自增整数	htdocs/install/mysql/tables/llx_workstation_workstation-workstation.sql	19
llx_workstation_workstation	工作站	2	ref	varchar(128)	varchar	NO	'(PROV)'	N	N	idx_workstation_workstation_ref				业务参考号/单号	htdocs/install/mysql/tables/llx_workstation_workstation-workstation.sql	20
llx_workstation_workstation	工作站	3	label	varchar(255)	varchar	YES		N	N					名称或标签	htdocs/install/mysql/tables/llx_workstation_workstation-workstation.sql	21
llx_workstation_workstation	工作站	4	type	varchar(7)	varchar	YES		N	N					字段 type（基于字段名推断）	htdocs/install/mysql/tables/llx_workstation_workstation-workstation.sql	22
llx_workstation_workstation	工作站	5	note_public	text	text	YES		N	N					公开备注	htdocs/install/mysql/tables/llx_workstation_workstation-workstation.sql	23
llx_workstation_workstation	工作站	6	entity	int	int	YES	1	N	N					多实体/多公司隔离标识	htdocs/install/mysql/tables/llx_workstation_workstation-workstation.sql	24
llx_workstation_workstation	工作站	7	note_private	text	text	YES		N	N					内部备注	htdocs/install/mysql/tables/llx_workstation_workstation-workstation.sql	25
llx_workstation_workstation	工作站	8	date_creation	datetime	datetime	NO		N	N					日期/时间字段（基于字段名推断）	htdocs/install/mysql/tables/llx_workstation_workstation-workstation.sql	26
llx_workstation_workstation	工作站	9	tms	timestamp	timestamp	YES	CURRENT_TIMESTAMP	N	N					最后修改时间戳	htdocs/install/mysql/tables/llx_workstation_workstation-workstation.sql	27
llx_workstation_workstation	工作站	10	fk_user_creat	integer	integer	NO		N	N			llx_user.rowid		创建人用户 ID	htdocs/install/mysql/tables/llx_workstation_workstation-workstation.sql	28
llx_workstation_workstation	工作站	11	fk_user_modif	integer	integer	YES		N	N					最后修改人用户 ID	htdocs/install/mysql/tables/llx_workstation_workstation-workstation.sql	29
llx_workstation_workstation	工作站	12	import_key	varchar(14)	varchar	YES		N	N					导入批次/外部导入键	htdocs/install/mysql/tables/llx_workstation_workstation-workstation.sql	30
llx_workstation_workstation	工作站	13	status	smallint	smallint	NO		N	N	idx_workstation_workstation_status				状态标识	htdocs/install/mysql/tables/llx_workstation_workstation-workstation.sql	31
llx_workstation_workstation	工作站	14	nb_operators_required	integer	integer	YES		N	N					字段 nb_operators_required（基于字段名推断）	htdocs/install/mysql/tables/llx_workstation_workstation-workstation.sql	32
llx_workstation_workstation	工作站	15	thm_operator_estimated	double	double	YES		N	N					字段 thm_operator_estimated（基于字段名推断）	htdocs/install/mysql/tables/llx_workstation_workstation-workstation.sql	33
llx_workstation_workstation	工作站	16	thm_machine_estimated	double	double	YES		N	N					字段 thm_machine_estimated（基于字段名推断）	htdocs/install/mysql/tables/llx_workstation_workstation-workstation.sql	34
llx_workstation_workstation_extrafields	工作站	1	rowid	integer	integer	NO		Y	Y	PRIMARY	PRIMARY			主键行标识；通常为自增整数	htdocs/install/mysql/tables/llx_workstation_workstation_extrafields-workstation.sql	23
llx_workstation_workstation_extrafields	工作站	2	tms	timestamp	timestamp	YES	CURRENT_TIMESTAMP	N	N					最后修改时间戳	htdocs/install/mysql/tables/llx_workstation_workstation_extrafields-workstation.sql	24
llx_workstation_workstation_extrafields	工作站	3	fk_object	integer	integer	NO		N	N	idx_workstation_workstation_extrafields				外部关联 ID（具体目标以外键或业务代码为准）（基于字段名推断）	htdocs/install/mysql/tables/llx_workstation_workstation_extrafields-workstation.sql	25
llx_workstation_workstation_extrafields	工作站	4	import_key	varchar(14)	varchar	YES		N	N				import key	导入批次/外部导入键；源码注释：import key	htdocs/install/mysql/tables/llx_workstation_workstation_extrafields-workstation.sql	26
llx_workstation_workstation_resource	工作站	1	rowid	integer	integer	NO		Y	Y	PRIMARY	PRIMARY			主键行标识；通常为自增整数	htdocs/install/mysql/tables/llx_workstation_workstation_resource-workstation.sql	18
llx_workstation_workstation_resource	工作站	2	tms	timestamp	timestamp	YES	CURRENT_TIMESTAMP	N	N					最后修改时间戳	htdocs/install/mysql/tables/llx_workstation_workstation_resource-workstation.sql	19
llx_workstation_workstation_resource	工作站	3	fk_resource	integer	integer	YES		N	N					外部关联 ID（具体目标以外键或业务代码为准）（基于字段名推断）	htdocs/install/mysql/tables/llx_workstation_workstation_resource-workstation.sql	20
llx_workstation_workstation_resource	工作站	4	fk_workstation	integer	integer	YES		N	N					外部关联 ID（具体目标以外键或业务代码为准）（基于字段名推断）	htdocs/install/mysql/tables/llx_workstation_workstation_resource-workstation.sql	21
llx_workstation_workstation_usergroup	工作站	1	rowid	integer	integer	NO		Y	Y	PRIMARY	PRIMARY			主键行标识；通常为自增整数	htdocs/install/mysql/tables/llx_workstation_workstation_usergroup-workstation.sql	18
llx_workstation_workstation_usergroup	工作站	2	tms	timestamp	timestamp	YES	CURRENT_TIMESTAMP	N	N					最后修改时间戳	htdocs/install/mysql/tables/llx_workstation_workstation_usergroup-workstation.sql	19
llx_workstation_workstation_usergroup	工作站	3	fk_usergroup	integer	integer	YES		N	N					外部关联 ID（具体目标以外键或业务代码为准）（基于字段名推断）	htdocs/install/mysql/tables/llx_workstation_workstation_usergroup-workstation.sql	20
llx_workstation_workstation_usergroup	工作站	4	fk_workstation	integer	integer	YES		N	N					外部关联 ID（具体目标以外键或业务代码为准）（基于字段名推断）	htdocs/install/mysql/tables/llx_workstation_workstation_usergroup-workstation.sql	21
llx_zapier_hook	Zapier	1	rowid	integer	integer	NO		Y	Y	PRIMARY	PRIMARY			主键行标识；通常为自增整数	htdocs/install/mysql/tables/llx_zapier_hook-zapier.sql	18
llx_zapier_hook	Zapier	2	entity	integer	integer	NO	1	N	N					多实体/多公司隔离标识	htdocs/install/mysql/tables/llx_zapier_hook-zapier.sql	19
llx_zapier_hook	Zapier	3	url	varchar(255)	varchar	YES		N	N					字段 url（基于字段名推断）	htdocs/install/mysql/tables/llx_zapier_hook-zapier.sql	20
llx_zapier_hook	Zapier	4	event	varchar(255)	varchar	YES		N	N					字段 event（基于字段名推断）	htdocs/install/mysql/tables/llx_zapier_hook-zapier.sql	21
llx_zapier_hook	Zapier	5	module	varchar(128)	varchar	YES		N	N					字段 module（基于字段名推断）	htdocs/install/mysql/tables/llx_zapier_hook-zapier.sql	22
llx_zapier_hook	Zapier	6	action	varchar(128)	varchar	YES		N	N					字段 action（基于字段名推断）	htdocs/install/mysql/tables/llx_zapier_hook-zapier.sql	23
llx_zapier_hook	Zapier	7	status	integer	integer	YES		N	N					状态标识	htdocs/install/mysql/tables/llx_zapier_hook-zapier.sql	24
llx_zapier_hook	Zapier	8	date_creation	datetime	datetime	NO		N	N					日期/时间字段（基于字段名推断）	htdocs/install/mysql/tables/llx_zapier_hook-zapier.sql	25
llx_zapier_hook	Zapier	9	fk_user	integer	integer	NO		N	N					外部关联 ID（具体目标以外键或业务代码为准）（基于字段名推断）	htdocs/install/mysql/tables/llx_zapier_hook-zapier.sql	26
llx_zapier_hook	Zapier	10	tms	timestamp	timestamp	YES	CURRENT_TIMESTAMP	N	N					最后修改时间戳	htdocs/install/mysql/tables/llx_zapier_hook-zapier.sql	27
llx_zapier_hook	Zapier	11	import_key	varchar(14)	varchar	YES		N	N					导入批次/外部导入键	htdocs/install/mysql/tables/llx_zapier_hook-zapier.sql	28
